ISO-10303-21;
HEADER;
FILE_DESCRIPTION(('Open CASCADE Model'),'2;1');
FILE_NAME('Open CASCADE Shape Model','2026-10-03T12:40:44',('Author'),(
    'Open CASCADE'),'Open CASCADE STEP processor 8.0','build123d',
  'Unknown');
FILE_SCHEMA(('AUTOMOTIVE_DESIGN { 1 0 10303 214 1 1 1 1 }'));
ENDSEC;
DATA;
#1 = APPLICATION_PROTOCOL_DEFINITION('international standard',
  'automotive_design',2000,#2);
#2 = APPLICATION_CONTEXT(
  'core data for automotive mechanical design processes');
#3 = SHAPE_DEFINITION_REPRESENTATION(#4,#10);
#4 = PRODUCT_DEFINITION_SHAPE('','',#5);
#5 = PRODUCT_DEFINITION('design','',#6,#9);
#6 = PRODUCT_DEFINITION_FORMATION('','',#7);
#7 = PRODUCT('COMPOUND','COMPOUND','',(#8));
#8 = PRODUCT_CONTEXT('',#2,'mechanical');
#9 = PRODUCT_DEFINITION_CONTEXT('part definition',#2,'design');
#10 = ADVANCED_BREP_SHAPE_REPRESENTATION('',(#11,#15),#5069);
#11 = AXIS2_PLACEMENT_3D('',#12,#13,#14);
#12 = CARTESIAN_POINT('',(0.,0.,0.));
#13 = DIRECTION('',(0.,0.,1.));
#14 = DIRECTION('',(1.,0.,-0.));
#15 = MANIFOLD_SOLID_BREP('',#16);
#16 = CLOSED_SHELL('',(#17,#2641,#3013,#3043,#3254,#3465,#3832,#3862,
    #4208,#4398,#4588,#4934));
#17 = ADVANCED_FACE('',(#18,#1453,#1876,#2047,#2218),#97,.T.);
#18 = FACE_BOUND('',#19,.T.);
#19 = EDGE_LOOP('',(#20,#250,#273,#370,#393,#490,#513,#736,#759,#786,
    #787,#1003,#1004,#1094,#1095,#1185,#1186,#1402,#1425,#1452));
#20 = ORIENTED_EDGE('',*,*,#21,.T.);
#21 = EDGE_CURVE('',#22,#24,#26,.T.);
#22 = VERTEX_POINT('',#23);
#23 = CARTESIAN_POINT('',(-168.,-3.502489845561E-15,-684.3));
#24 = VERTEX_POINT('',#25);
#25 = CARTESIAN_POINT('',(-152.,-2.730962362099E-15,-684.3));
#26 = SURFACE_CURVE('',#27,(#96,#173),.PCURVE_S1.);
#27 = B_SPLINE_CURVE_WITH_KNOTS('',7,(#28,#29,#30,#31,#32,#33,#34,#35,
    #36,#37,#38,#39,#40,#41,#42,#43,#44,#45,#46,#47,#48,#49,#50,#51,#52,
    #53,#54,#55,#56,#57,#58,#59,#60,#61,#62,#63,#64,#65,#66,#67,#68,#69,
    #70,#71,#72,#73,#74,#75,#76,#77,#78,#79,#80,#81,#82,#83,#84,#85,#86,
    #87,#88,#89,#90,#91,#92,#93,#94,#95),.UNSPECIFIED.,.F.,.F.,(8,6,6,6,
    6,6,6,6,6,6,6,8),(0.,0.109802989073,0.163011872455,0.230847770916,
    0.312728915585,0.403536969817,0.499787113035,0.595766345048,
    0.688130181515,0.838751546108,0.933479288789,1.),.UNSPECIFIED.);
#28 = CARTESIAN_POINT('',(-168.,0.,-684.3));
#29 = CARTESIAN_POINT('',(-168.,-0.496285054425,-684.3));
#30 = CARTESIAN_POINT('',(-167.9640810057,-0.988806888739,
    -684.2799053087));
#31 = CARTESIAN_POINT('',(-167.8932256701,-1.47255938196,-684.2402665137
    ));
#32 = CARTESIAN_POINT('',(-167.789556758,-1.94265974592,-684.18265959));
#33 = CARTESIAN_POINT('',(-167.6563348795,-2.394476985567,
    -684.1096328961));
#34 = CARTESIAN_POINT('',(-167.4980228041,-2.823748707783,-684.024532498
    ));
#35 = CARTESIAN_POINT('',(-167.2343509356,-3.421943788595,
    -683.8859811132));
#36 = CARTESIAN_POINT('',(-167.1433803202,-3.611866835753,
    -683.8386278671));
#37 = CARTESIAN_POINT('',(-167.0478531266,-3.796469758189,
    -683.7894277138));
#38 = CARTESIAN_POINT('',(-166.9480949927,-3.975777852966,
    -683.7386499361));
#39 = CARTESIAN_POINT('',(-166.8444089184,-4.149827212409,
    -683.6865507466));
#40 = CARTESIAN_POINT('',(-166.7370756048,-4.318664560295,
    -683.6333725668));
#41 = CARTESIAN_POINT('',(-166.4851947763,-4.691025613621,
    -683.5104615066));
#42 = CARTESIAN_POINT('',(-166.338491207,-4.891380135154,-683.4401783002
    ));
#43 = CARTESIAN_POINT('',(-166.1867224128,-5.083596186662,
    -683.3689402056));
#44 = CARTESIAN_POINT('',(-166.0302973899,-5.267868269231,
    -683.2971528063));
#45 = CARTESIAN_POINT('',(-165.8695601779,-5.444393022061,
    -683.2251858629));
#46 = CARTESIAN_POINT('',(-165.7047952359,-5.613362393503,
    -683.1533784254));
#47 = CARTESIAN_POINT('',(-165.3327699908,-5.970008934476,
    -682.9959398493));
#48 = CARTESIAN_POINT('',(-165.123747332,-6.154342007488,-682.9105135714
    ));
#49 = CARTESIAN_POINT('',(-164.9096318148,-6.328205989001,
    -682.8263444654));
#50 = CARTESIAN_POINT('',(-164.6908056965,-6.491829736967,
    -682.7439668679));
#51 = CARTESIAN_POINT('',(-164.4675779196,-6.645413942091,
    -682.6638786378));
#52 = CARTESIAN_POINT('',(-164.2401955132,-6.789124060487,-682.586549694
    ));
#53 = CARTESIAN_POINT('',(-163.7522930898,-7.071647034276,
    -682.4302307392));
#54 = CARTESIAN_POINT('',(-163.4908180372,-7.208244264989,
    -682.3519641613));
#55 = CARTESIAN_POINT('',(-163.2248905878,-7.332920386943,
    -682.2783104529));
#56 = CARTESIAN_POINT('',(-162.9549301432,-7.445708628212,
    -682.2099047361));
#57 = CARTESIAN_POINT('',(-162.6813153398,-7.546623877971,
    -682.1473314172));
#58 = CARTESIAN_POINT('',(-162.4043846338,-7.635656567973,
    -682.0911179805));
#59 = CARTESIAN_POINT('',(-161.8277119859,-7.794497709573,
    -681.9893797113));
#60 = CARTESIAN_POINT('',(-161.5276002793,-7.862833084897,
    -681.9446979846));
#61 = CARTESIAN_POINT('',(-161.2248133305,-7.91762587984,-681.9082994774
    ));
#62 = CARTESIAN_POINT('',(-160.9200235012,-7.958785824066,
    -681.8806649942));
#63 = CARTESIAN_POINT('',(-160.6138747217,-7.986255972275,
    -681.8621241963));
#64 = CARTESIAN_POINT('',(-160.3069934758,-8.,-681.852847759));
#65 = CARTESIAN_POINT('',(-159.6938706057,-8.,-681.852847759));
#66 = CARTESIAN_POINT('',(-159.3878519624,-7.986333232348,
    -681.8620720502));
#67 = CARTESIAN_POINT('',(-159.0825595251,-7.959017319438,
    -681.8805087479));
#68 = CARTESIAN_POINT('',(-158.7786149011,-7.918088207146,
    -681.9079890711));
#69 = CARTESIAN_POINT('',(-158.4766569068,-7.86360232993,-681.9441869574
    ));
#70 = CARTESIAN_POINT('',(-158.1773524138,-7.795649116205,
    -681.9886267796));
#71 = CARTESIAN_POINT('',(-157.5966093887,-7.636160071328,-682.090810058
    ));
#72 = CARTESIAN_POINT('',(-157.3149270423,-7.545610311447,
    -682.1479885626));
#73 = CARTESIAN_POINT('',(-157.0366794452,-7.44276978534,-682.2117452748
    ));
#74 = CARTESIAN_POINT('',(-156.7622203018,-7.327647316909,
    -682.2815253894));
#75 = CARTESIAN_POINT('',(-156.491943694,-7.200224243313,-682.356714024)
  );
#76 = CARTESIAN_POINT('',(-156.2262902503,-7.060463335292,
    -682.4366415457));
#77 = CARTESIAN_POINT('',(-155.5408854209,-6.660207835478,
    -682.6574851645));
#78 = CARTESIAN_POINT('',(-155.1299472254,-6.379351948456,-682.804967026
    ));
#79 = CARTESIAN_POINT('',(-154.7337274185,-6.064868422217,-682.960309238
    ));
#80 = CARTESIAN_POINT('',(-154.3537680438,-5.715282424715,
    -683.1206051882));
#81 = CARTESIAN_POINT('',(-153.9925820127,-5.328729091999,
    -683.2825368126));
#82 = CARTESIAN_POINT('',(-153.6539137063,-4.903190369232,
    -683.4420745433));
#83 = CARTESIAN_POINT('',(-153.1476145489,-4.143554632337,
    -683.6900013606));
#84 = CARTESIAN_POINT('',(-152.9626230241,-3.833332207224,
    -683.7830819327));
#85 = CARTESIAN_POINT('',(-152.7899749309,-3.506203651727,
    -683.8720554829));
#86 = CARTESIAN_POINT('',(-152.6315968537,-3.162317715716,
    -683.9553575929));
#87 = CARTESIAN_POINT('',(-152.4895065151,-2.801967343324,
    -684.0313465959));
#88 = CARTESIAN_POINT('',(-152.3658373799,-2.425612811128,
    -684.0983333792));
#89 = CARTESIAN_POINT('',(-152.190558504,-1.758838941371,-684.194143516)
  );
#90 = CARTESIAN_POINT('',(-152.1284837325,-1.476302312938,
    -684.2283767315));
#91 = CARTESIAN_POINT('',(-152.0777092392,-1.187638163547,
    -684.2565777253));
#92 = CARTESIAN_POINT('',(-152.0390409697,-0.89423807433,-684.2781588971
    ));
#93 = CARTESIAN_POINT('',(-152.0130346041,-0.597530158064,
    -684.2927079142));
#94 = CARTESIAN_POINT('',(-152.,-0.298964804014,-684.3));
#95 = CARTESIAN_POINT('',(-152.,-2.6645352591E-15,-684.3));
#96 = PCURVE('',#97,#102);
#97 = CYLINDRICAL_SURFACE('',#98,14.3);
#98 = AXIS2_PLACEMENT_3D('',#99,#100,#101);
#99 = CARTESIAN_POINT('',(-180.,0.,-670.));
#100 = DIRECTION('',(1.,0.,2.22044604925E-16));
#101 = DIRECTION('',(2.22044604925E-16,0.,-1.));
#102 = DEFINITIONAL_REPRESENTATION('',(#103),#172);
#103 = B_SPLINE_CURVE_WITH_KNOTS('',7,(#104,#105,#106,#107,#108,#109,
    #110,#111,#112,#113,#114,#115,#116,#117,#118,#119,#120,#121,#122,
    #123,#124,#125,#126,#127,#128,#129,#130,#131,#132,#133,#134,#135,
    #136,#137,#138,#139,#140,#141,#142,#143,#144,#145,#146,#147,#148,
    #149,#150,#151,#152,#153,#154,#155,#156,#157,#158,#159,#160,#161,
    #162,#163,#164,#165,#166,#167,#168,#169,#170,#171),.UNSPECIFIED.,.F.
  ,.F.,(8,6,6,6,6,6,6,6,6,6,6,8),(0.,0.109802989073,0.163011872455,
    0.230847770916,0.312728915585,0.403536969817,0.499787113035,
    0.595766345048,0.688130181515,0.838751546108,0.933479288789,1.),
  .UNSPECIFIED.);
#104 = CARTESIAN_POINT('',(6.28318530718,12.));
#105 = CARTESIAN_POINT('',(6.248480058618,12.));
#106 = CARTESIAN_POINT('',(6.214037926333,12.0359189943));
#107 = CARTESIAN_POINT('',(6.180140967686,12.1067743299));
#108 = CARTESIAN_POINT('',(6.147066421325,12.210443241911));
#109 = CARTESIAN_POINT('',(6.115093971555,12.343665120486));
#110 = CARTESIAN_POINT('',(6.08450629911,12.501977195889));
#111 = CARTESIAN_POINT('',(6.041567081324,12.765649064371));
#112 = CARTESIAN_POINT('',(6.027881076086,12.856619679729));
#113 = CARTESIAN_POINT('',(6.014523874151,12.952146873323));
#114 = CARTESIAN_POINT('',(6.001494454534,13.051905007272));
#115 = CARTESIAN_POINT('',(5.988791692764,13.155591081533));
#116 = CARTESIAN_POINT('',(5.976414249934,13.262924395163));
#117 = CARTESIAN_POINT('',(5.948993111447,13.514805223649));
#118 = CARTESIAN_POINT('',(5.934147799612,13.661508792978));
#119 = CARTESIAN_POINT('',(5.919816089362,13.813277587153));
#120 = CARTESIAN_POINT('',(5.905989810973,13.969702610067));
#121 = CARTESIAN_POINT('',(5.892661324981,14.130439822062));
#122 = CARTESIAN_POINT('',(5.87982378527,14.295204764062));
#123 = CARTESIAN_POINT('',(5.852561490293,14.66723000919));
#124 = CARTESIAN_POINT('',(5.838356451431,14.87625266799));
#125 = CARTESIAN_POINT('',(5.824851279952,15.090368185146));
#126 = CARTESIAN_POINT('',(5.81204326629,15.309194303464));
#127 = CARTESIAN_POINT('',(5.799932246858,15.532422080369));
#128 = CARTESIAN_POINT('',(5.788520853959,15.759804486754));
#129 = CARTESIAN_POINT('',(5.765941469996,16.247706910109));
#130 = CARTESIAN_POINT('',(5.754933547299,16.509181962701));
#131 = CARTESIAN_POINT('',(5.74480850481,16.775109412116));
#132 = CARTESIAN_POINT('',(5.735584857357,17.045069856774));
#133 = CARTESIAN_POINT('',(5.727281776239,17.318684660192));
#134 = CARTESIAN_POINT('',(5.719918738074,17.595615366166));
#135 = CARTESIAN_POINT('',(5.706727846263,18.172288014052));
#136 = CARTESIAN_POINT('',(5.701018542787,18.472399720674));
#137 = CARTESIAN_POINT('',(5.696418617334,18.775186669421));
#138 = CARTESIAN_POINT('',(5.692951761362,19.079976498708));
#139 = CARTESIAN_POINT('',(5.690634157868,19.386125278293));
#140 = CARTESIAN_POINT('',(5.689474604319,19.693006524192));
#141 = CARTESIAN_POINT('',(5.689474604319,20.306129394259));
#142 = CARTESIAN_POINT('',(5.690627639625,20.612148037515));
#143 = CARTESIAN_POINT('',(5.692932230514,20.917440474879));
#144 = CARTESIAN_POINT('',(5.696379675888,21.221385098811));
#145 = CARTESIAN_POINT('',(5.700953962841,21.523343093198));
#146 = CARTESIAN_POINT('',(5.706631645348,21.822647586178));
#147 = CARTESIAN_POINT('',(5.719877474574,22.403390611295));
#148 = CARTESIAN_POINT('',(5.727366240466,22.685072957668));
#149 = CARTESIAN_POINT('',(5.735827331878,22.963320554772));
#150 = CARTESIAN_POINT('',(5.745240334809,23.237779698187));
#151 = CARTESIAN_POINT('',(5.755585275275,23.508056305996));
#152 = CARTESIAN_POINT('',(5.766842815445,23.77370974965));
#153 = CARTESIAN_POINT('',(5.798810600916,24.459114579079));
#154 = CARTESIAN_POINT('',(5.820989352734,24.87005277456));
#155 = CARTESIAN_POINT('',(5.845505317612,25.266272581491));
#156 = CARTESIAN_POINT('',(5.872376989946,25.646231956149));
#157 = CARTESIAN_POINT('',(5.901654044073,26.007417987265));
#158 = CARTESIAN_POINT('',(5.933404915362,26.346086293675));
#159 = CARTESIAN_POINT('',(5.989283992989,26.85238545105));
#160 = CARTESIAN_POINT('',(6.011926829225,27.037376975857));
#161 = CARTESIAN_POINT('',(6.0356208701,27.210025069055));
#162 = CARTESIAN_POINT('',(6.060345962154,27.368403146294));
#163 = CARTESIAN_POINT('',(6.086079527808,27.510493484859));
#164 = CARTESIAN_POINT('',(6.112796722452,27.634162620085));
#165 = CARTESIAN_POINT('',(6.159903175578,27.809441495981));
#166 = CARTESIAN_POINT('',(6.17980060769,27.87151626747));
#167 = CARTESIAN_POINT('',(6.200074158023,27.922290760796));
#168 = CARTESIAN_POINT('',(6.220636257787,27.960959030206));
#169 = CARTESIAN_POINT('',(6.241399978627,27.986965395809));
#170 = CARTESIAN_POINT('',(6.262278677528,28.));
#171 = CARTESIAN_POINT('',(6.28318530718,28.));
#172 = ( GEOMETRIC_REPRESENTATION_CONTEXT(2) 
PARAMETRIC_REPRESENTATION_CONTEXT() REPRESENTATION_CONTEXT('2D SPACE',''
  ) );
#173 = PCURVE('',#174,#179);
#174 = CYLINDRICAL_SURFACE('',#175,8.);
#175 = AXIS2_PLACEMENT_3D('',#176,#177,#178);
#176 = CARTESIAN_POINT('',(-160.,0.,-690.));
#177 = DIRECTION('',(0.,0.,1.));
#178 = DIRECTION('',(1.,0.,-0.));
#179 = DEFINITIONAL_REPRESENTATION('',(#180),#249);
#180 = B_SPLINE_CURVE_WITH_KNOTS('',7,(#181,#182,#183,#184,#185,#186,
    #187,#188,#189,#190,#191,#192,#193,#194,#195,#196,#197,#198,#199,
    #200,#201,#202,#203,#204,#205,#206,#207,#208,#209,#210,#211,#212,
    #213,#214,#215,#216,#217,#218,#219,#220,#221,#222,#223,#224,#225,
    #226,#227,#228,#229,#230,#231,#232,#233,#234,#235,#236,#237,#238,
    #239,#240,#241,#242,#243,#244,#245,#246,#247,#248),.UNSPECIFIED.,.F.
  ,.F.,(8,6,6,6,6,6,6,6,6,6,6,8),(0.,0.109802989073,0.163011872455,
    0.230847770916,0.312728915585,0.403536969817,0.499787113035,
    0.595766345048,0.688130181515,0.838751546108,0.933479288789,1.),
  .UNSPECIFIED.);
#181 = CARTESIAN_POINT('',(3.14159265359,5.7));
#182 = CARTESIAN_POINT('',(3.203628285393,5.7));
#183 = CARTESIAN_POINT('',(3.265193486414,5.720094691293));
#184 = CARTESIAN_POINT('',(3.326052613382,5.75973348624));
#185 = CARTESIAN_POINT('',(3.385958096959,5.817340409915));
#186 = CARTESIAN_POINT('',(3.444626721616,5.890367103872));
#187 = CARTESIAN_POINT('',(3.501709057272,5.975467501916));
#188 = CARTESIAN_POINT('',(3.583425048759,6.114018886764));
#189 = CARTESIAN_POINT('',(3.60973520315,6.161372132899));
#190 = CARTESIAN_POINT('',(3.635697535776,6.210572286113));
#191 = CARTESIAN_POINT('',(3.661325762749,6.261350063896));
#192 = CARTESIAN_POINT('',(3.686632731736,6.31344925335));
#193 = CARTESIAN_POINT('',(3.711630867298,6.366627433143));
#194 = CARTESIAN_POINT('',(3.767824826297,6.489538493394));
#195 = CARTESIAN_POINT('',(3.798843538076,6.55982169972));
#196 = CARTESIAN_POINT('',(3.82942532467,6.631059794392));
#197 = CARTESIAN_POINT('',(3.859605893867,6.702847193645));
#198 = CARTESIAN_POINT('',(3.88942048848,6.774814137049));
#199 = CARTESIAN_POINT('',(3.918904286695,6.846621574545));
#200 = CARTESIAN_POINT('',(3.983324724324,7.004060150637));
#201 = CARTESIAN_POINT('',(4.018131123701,7.089486428551));
#202 = CARTESIAN_POINT('',(4.052562797598,7.17365553458));
#203 = CARTESIAN_POINT('',(4.086668876375,7.256033132037));
#204 = CARTESIAN_POINT('',(4.120497384602,7.336121362133));
#205 = CARTESIAN_POINT('',(4.154095801969,7.413450305912));
#206 = CARTESIAN_POINT('',(4.224570532085,7.569769260741));
#207 = CARTESIAN_POINT('',(4.261411333592,7.648035838634));
#208 = CARTESIAN_POINT('',(4.298070202058,7.721689547088));
#209 = CARTESIAN_POINT('',(4.334582554352,7.790095263841));
#210 = CARTESIAN_POINT('',(4.370984312904,7.852668582763));
#211 = CARTESIAN_POINT('',(4.407313167723,7.908882019484));
#212 = CARTESIAN_POINT('',(4.482081753527,8.010620288666));
#213 = CARTESIAN_POINT('',(4.520517150338,8.055302015396));
#214 = CARTESIAN_POINT('',(4.558918437843,8.091700522595));
#215 = CARTESIAN_POINT('',(4.597293730774,8.119335005758));
#216 = CARTESIAN_POINT('',(4.635654645924,8.137875803614));
#217 = CARTESIAN_POINT('',(4.674014795909,8.147152240917));
#218 = CARTESIAN_POINT('',(4.750655154667,8.147152240917));
#219 = CARTESIAN_POINT('',(4.788907479423,8.137927949737));
#220 = CARTESIAN_POINT('',(4.827160574276,8.1194912521));
#221 = CARTESIAN_POINT('',(4.865427891167,8.092010928889));
#222 = CARTESIAN_POINT('',(4.903720910956,8.055813042511));
#223 = CARTESIAN_POINT('',(4.942047655162,8.011373220352));
#224 = CARTESIAN_POINT('',(5.017328298492,7.909189941965));
#225 = CARTESIAN_POINT('',(5.054278950653,7.852011437361));
#226 = CARTESIAN_POINT('',(5.091304596978,7.788254725119));
#227 = CARTESIAN_POINT('',(5.128445221723,7.718474610584));
#228 = CARTESIAN_POINT('',(5.165739297894,7.643285975933));
#229 = CARTESIAN_POINT('',(5.203224419387,7.563358454241));
#230 = CARTESIAN_POINT('',(5.302438852981,7.342514835482));
#231 = CARTESIAN_POINT('',(5.364500302392,7.19503297399));
#232 = CARTESIAN_POINT('',(5.427472752485,7.039690761971));
#233 = CARTESIAN_POINT('',(5.491693543478,6.879394811745));
#234 = CARTESIAN_POINT('',(5.557501506623,6.717463187321));
#235 = CARTESIAN_POINT('',(5.625241993486,6.557925456642));
#236 = CARTESIAN_POINT('',(5.739354416775,6.309998639369));
#237 = CARTESIAN_POINT('',(5.784446627713,6.21691806729));
#238 = CARTESIAN_POINT('',(5.830581212381,6.127944517039));
#239 = CARTESIAN_POINT('',(5.877778524355,6.044642407018));
#240 = CARTESIAN_POINT('',(5.926069734677,5.96865340406));
#241 = CARTESIAN_POINT('',(5.975498446143,5.901666620762));
#242 = CARTESIAN_POINT('',(6.061676865509,5.805856483931));
#243 = CARTESIAN_POINT('',(6.097806202964,5.771623268412));
#244 = CARTESIAN_POINT('',(6.134390591692,5.743422274636));
#245 = CARTESIAN_POINT('',(6.171320299246,5.721841102811));
#246 = CARTESIAN_POINT('',(6.208494038856,5.707292085795));
#247 = CARTESIAN_POINT('',(6.245814706678,5.7));
#248 = CARTESIAN_POINT('',(6.28318530718,5.7));
#249 = ( GEOMETRIC_REPRESENTATION_CONTEXT(2) 
PARAMETRIC_REPRESENTATION_CONTEXT() REPRESENTATION_CONTEXT('2D SPACE',''
  ) );
#250 = ORIENTED_EDGE('',*,*,#251,.T.);
#251 = EDGE_CURVE('',#24,#252,#254,.T.);
#252 = VERTEX_POINT('',#253);
#253 = CARTESIAN_POINT('',(-142.65,-3.502489845561E-15,-684.3));
#254 = SEAM_CURVE('',#255,(#259,#266),.PCURVE_S1.);
#255 = LINE('',#256,#257);
#256 = CARTESIAN_POINT('',(-180.,-3.502489845561E-15,-684.3));
#257 = VECTOR('',#258,1.);
#258 = DIRECTION('',(1.,0.,2.22044604925E-16));
#259 = PCURVE('',#97,#260);
#260 = DEFINITIONAL_REPRESENTATION('',(#261),#265);
#261 = LINE('',#262,#263);
#262 = CARTESIAN_POINT('',(0.,-0.));
#263 = VECTOR('',#264,1.);
#264 = DIRECTION('',(0.,1.));
#265 = ( GEOMETRIC_REPRESENTATION_CONTEXT(2) 
PARAMETRIC_REPRESENTATION_CONTEXT() REPRESENTATION_CONTEXT('2D SPACE',''
  ) );
#266 = PCURVE('',#97,#267);
#267 = DEFINITIONAL_REPRESENTATION('',(#268),#272);
#268 = LINE('',#269,#270);
#269 = CARTESIAN_POINT('',(6.28318530718,-0.));
#270 = VECTOR('',#271,1.);
#271 = DIRECTION('',(0.,1.));
#272 = ( GEOMETRIC_REPRESENTATION_CONTEXT(2) 
PARAMETRIC_REPRESENTATION_CONTEXT() REPRESENTATION_CONTEXT('2D SPACE',''
  ) );
#273 = ORIENTED_EDGE('',*,*,#274,.T.);
#274 = EDGE_CURVE('',#252,#275,#277,.T.);
#275 = VERTEX_POINT('',#276);
#276 = CARTESIAN_POINT('',(-137.35,-2.075776324555E-15,-684.3));
#277 = SURFACE_CURVE('',#278,(#305,#335),.PCURVE_S1.);
#278 = B_SPLINE_CURVE_WITH_KNOTS('',7,(#279,#280,#281,#282,#283,#284,
    #285,#286,#287,#288,#289,#290,#291,#292,#293,#294,#295,#296,#297,
    #298,#299,#300,#301,#302,#303,#304),.UNSPECIFIED.,.F.,.F.,(8,6,6,6,8
    ),(0.,0.238290439195,0.500000736295,0.761711255314,1.),
  .UNSPECIFIED.);
#279 = CARTESIAN_POINT('',(-142.65,-1.33226762955E-15,-684.3));
#280 = CARTESIAN_POINT('',(-142.65,-0.34618377611,-684.3));
#281 = CARTESIAN_POINT('',(-142.5972395332,-0.682326190273,
    -684.2902223139));
#282 = CARTESIAN_POINT('',(-142.4972229191,-0.999259922122,
    -684.2716899014));
#283 = CARTESIAN_POINT('',(-142.3570030284,-1.289477405211,
    -684.2468834245));
#284 = CARTESIAN_POINT('',(-142.1851866482,-1.547295347891,
    -684.2191065557));
#285 = CARTESIAN_POINT('',(-141.9919048817,-1.769367282938,
    -684.1913548748));
#286 = CARTESIAN_POINT('',(-141.565533963,-2.159418979706,
    -684.1375169461));
#287 = CARTESIAN_POINT('',(-141.3237298321,-2.326038533937,
    -684.111020527));
#288 = CARTESIAN_POINT('',(-141.0695694379,-2.456894980884,
    -684.0882491161));
#289 = CARTESIAN_POINT('',(-140.807303074,-2.55373040236,-684.0704677887
    ));
#290 = CARTESIAN_POINT('',(-140.5400169553,-2.61786607637,
    -684.0583727812));
#291 = CARTESIAN_POINT('',(-140.270170066,-2.65,-684.0523129768));
#292 = CARTESIAN_POINT('',(-139.7298297048,-2.65,-684.0523129768));
#293 = CARTESIAN_POINT('',(-139.4599813718,-2.617866017491,
    -684.0583727929));
#294 = CARTESIAN_POINT('',(-139.1926945166,-2.553729742807,
    -684.0704679102));
#295 = CARTESIAN_POINT('',(-138.9304289469,-2.456893869935,
    -684.0882493314));
#296 = CARTESIAN_POINT('',(-138.6762708805,-2.326038309309,
    -684.1110205031));
#297 = CARTESIAN_POINT('',(-138.4344678131,-2.159420604648,
    -684.1375167218));
#298 = CARTESIAN_POINT('',(-138.0080951182,-1.769367282938,
    -684.1913548748));
#299 = CARTESIAN_POINT('',(-137.8148133517,-1.54729534789,
    -684.2191065557));
#300 = CARTESIAN_POINT('',(-137.6429969715,-1.289477405211,
    -684.2468834245));
#301 = CARTESIAN_POINT('',(-137.5027770808,-0.999259922122,
    -684.2716899014));
#302 = CARTESIAN_POINT('',(-137.4027604667,-0.682326190273,
    -684.2902223139));
#303 = CARTESIAN_POINT('',(-137.35,-0.34618377611,-684.3));
#304 = CARTESIAN_POINT('',(-137.35,-2.22044604925E-15,-684.3));
#305 = PCURVE('',#97,#306);
#306 = DEFINITIONAL_REPRESENTATION('',(#307),#334);
#307 = B_SPLINE_CURVE_WITH_KNOTS('',7,(#308,#309,#310,#311,#312,#313,
    #314,#315,#316,#317,#318,#319,#320,#321,#322,#323,#324,#325,#326,
    #327,#328,#329,#330,#331,#332,#333),.UNSPECIFIED.,.F.,.F.,(8,6,6,6,8
    ),(0.,0.238290439195,0.500000736295,0.761711255314,1.),
  .UNSPECIFIED.);
#308 = CARTESIAN_POINT('',(6.28318530718,37.35));
#309 = CARTESIAN_POINT('',(6.258976651508,37.35));
#310 = CARTESIAN_POINT('',(6.23547016798,37.402760466736));
#311 = CARTESIAN_POINT('',(6.213283913482,37.502777080811));
#312 = CARTESIAN_POINT('',(6.192925169117,37.642996971597));
#313 = CARTESIAN_POINT('',(6.174795897026,37.814813351787));
#314 = CARTESIAN_POINT('',(6.159146907479,38.008095118282));
#315 = CARTESIAN_POINT('',(6.131611961428,38.43446603692));
#316 = CARTESIAN_POINT('',(6.119816325196,38.676270167855));
#317 = CARTESIAN_POINT('',(6.110528851434,38.930430562072));
#318 = CARTESIAN_POINT('',(6.103644033004,39.192696925959));
#319 = CARTESIAN_POINT('',(6.099079956001,39.459983044688));
#320 = CARTESIAN_POINT('',(6.096793222533,39.729829933991));
#321 = CARTESIAN_POINT('',(6.096793222533,40.270170295103));
#322 = CARTESIAN_POINT('',(6.099079960181,40.540018628149));
#323 = CARTESIAN_POINT('',(6.10364407997,40.807305483363));
#324 = CARTESIAN_POINT('',(6.110528930432,41.069571053036));
#325 = CARTESIAN_POINT('',(6.119816340508,41.323729119496));
#326 = CARTESIAN_POINT('',(6.131611846718,41.565532186834));
#327 = CARTESIAN_POINT('',(6.159146907479,41.991904881718));
#328 = CARTESIAN_POINT('',(6.174795897026,42.185186648213));
#329 = CARTESIAN_POINT('',(6.192925169117,42.357003028403));
#330 = CARTESIAN_POINT('',(6.213283913482,42.497222919189));
#331 = CARTESIAN_POINT('',(6.23547016798,42.597239533264));
#332 = CARTESIAN_POINT('',(6.258976651508,42.65));
#333 = CARTESIAN_POINT('',(6.28318530718,42.65));
#334 = ( GEOMETRIC_REPRESENTATION_CONTEXT(2) 
PARAMETRIC_REPRESENTATION_CONTEXT() REPRESENTATION_CONTEXT('2D SPACE',''
  ) );
#335 = PCURVE('',#336,#341);
#336 = CYLINDRICAL_SURFACE('',#337,2.65);
#337 = AXIS2_PLACEMENT_3D('',#338,#339,#340);
#338 = CARTESIAN_POINT('',(-140.,0.,-690.));
#339 = DIRECTION('',(0.,0.,1.));
#340 = DIRECTION('',(1.,0.,-0.));
#341 = DEFINITIONAL_REPRESENTATION('',(#342),#369);
#342 = B_SPLINE_CURVE_WITH_KNOTS('',7,(#343,#344,#345,#346,#347,#348,
    #349,#350,#351,#352,#353,#354,#355,#356,#357,#358,#359,#360,#361,
    #362,#363,#364,#365,#366,#367,#368),.UNSPECIFIED.,.F.,.F.,(8,6,6,6,8
    ),(0.,0.238290439195,0.500000736295,0.761711255314,1.),
  .UNSPECIFIED.);
#343 = CARTESIAN_POINT('',(3.14159265359,5.7));
#344 = CARTESIAN_POINT('',(3.272228040801,5.7));
#345 = CARTESIAN_POINT('',(3.399074146738,5.709777686097));
#346 = CARTESIAN_POINT('',(3.522313353335,5.728310098548));
#347 = CARTESIAN_POINT('',(3.6418031444,5.75311657546));
#348 = CARTESIAN_POINT('',(3.757143357963,5.780893444212));
#349 = CARTESIAN_POINT('',(3.867522459824,5.808645125121));
#350 = CARTESIAN_POINT('',(4.085586202473,5.862483053885));
#351 = CARTESIAN_POINT('',(4.195351080112,5.888979472928));
#352 = CARTESIAN_POINT('',(4.301874493285,5.911750883839));
#353 = CARTESIAN_POINT('',(4.406014663342,5.929532211293));
#354 = CARTESIAN_POINT('',(4.508609231485,5.941627218755));
#355 = CARTESIAN_POINT('',(4.610438012079,5.947687023127));
#356 = CARTESIAN_POINT('',(4.81434003514,5.947687023127));
#357 = CARTESIAN_POINT('',(4.91616935935,5.941627207043));
#358 = CARTESIAN_POINT('',(5.018764215912,5.929532089791));
#359 = CARTESIAN_POINT('',(5.122904151473,5.911750668521));
#360 = CARTESIAN_POINT('',(5.229426737274,5.888979496898));
#361 = CARTESIAN_POINT('',(5.339190849851,5.862483278172));
#362 = CARTESIAN_POINT('',(5.557255500945,5.808645125121));
#363 = CARTESIAN_POINT('',(5.667634602806,5.780893444211));
#364 = CARTESIAN_POINT('',(5.782974816369,5.75311657546));
#365 = CARTESIAN_POINT('',(5.902464607435,5.728310098548));
#366 = CARTESIAN_POINT('',(6.025703814031,5.709777686097));
#367 = CARTESIAN_POINT('',(6.152549919968,5.7));
#368 = CARTESIAN_POINT('',(6.28318530718,5.7));
#369 = ( GEOMETRIC_REPRESENTATION_CONTEXT(2) 
PARAMETRIC_REPRESENTATION_CONTEXT() REPRESENTATION_CONTEXT('2D SPACE',''
  ) );
#370 = ORIENTED_EDGE('',*,*,#371,.T.);
#371 = EDGE_CURVE('',#275,#372,#374,.T.);
#372 = VERTEX_POINT('',#373);
#373 = CARTESIAN_POINT('',(137.35,-3.502489845561E-15,-684.3));
#374 = SEAM_CURVE('',#375,(#379,#386),.PCURVE_S1.);
#375 = LINE('',#376,#377);
#376 = CARTESIAN_POINT('',(-180.,-3.502489845561E-15,-684.3));
#377 = VECTOR('',#378,1.);
#378 = DIRECTION('',(1.,0.,2.22044604925E-16));
#379 = PCURVE('',#97,#380);
#380 = DEFINITIONAL_REPRESENTATION('',(#381),#385);
#381 = LINE('',#382,#383);
#382 = CARTESIAN_POINT('',(0.,-0.));
#383 = VECTOR('',#384,1.);
#384 = DIRECTION('',(0.,1.));
#385 = ( GEOMETRIC_REPRESENTATION_CONTEXT(2) 
PARAMETRIC_REPRESENTATION_CONTEXT() REPRESENTATION_CONTEXT('2D SPACE',''
  ) );
#386 = PCURVE('',#97,#387);
#387 = DEFINITIONAL_REPRESENTATION('',(#388),#392);
#388 = LINE('',#389,#390);
#389 = CARTESIAN_POINT('',(6.28318530718,-0.));
#390 = VECTOR('',#391,1.);
#391 = DIRECTION('',(0.,1.));
#392 = ( GEOMETRIC_REPRESENTATION_CONTEXT(2) 
PARAMETRIC_REPRESENTATION_CONTEXT() REPRESENTATION_CONTEXT('2D SPACE',''
  ) );
#393 = ORIENTED_EDGE('',*,*,#394,.T.);
#394 = EDGE_CURVE('',#372,#395,#397,.T.);
#395 = VERTEX_POINT('',#396);
#396 = CARTESIAN_POINT('',(142.65,-2.075776324555E-15,-684.3));
#397 = SURFACE_CURVE('',#398,(#425,#455),.PCURVE_S1.);
#398 = B_SPLINE_CURVE_WITH_KNOTS('',7,(#399,#400,#401,#402,#403,#404,
    #405,#406,#407,#408,#409,#410,#411,#412,#413,#414,#415,#416,#417,
    #418,#419,#420,#421,#422,#423,#424),.UNSPECIFIED.,.F.,.F.,(8,6,6,6,8
    ),(0.,0.238290439195,0.500000736295,0.761711255314,1.),
  .UNSPECIFIED.);
#399 = CARTESIAN_POINT('',(137.35,-1.33226762955E-15,-684.3));
#400 = CARTESIAN_POINT('',(137.35,-0.346183776111,-684.3));
#401 = CARTESIAN_POINT('',(137.40276046673,-0.682326190272,
    -684.2902223139));
#402 = CARTESIAN_POINT('',(137.50277708081,-0.999259922123,
    -684.2716899014));
#403 = CARTESIAN_POINT('',(137.64299697159,-1.28947740521,
    -684.2468834245));
#404 = CARTESIAN_POINT('',(137.81481335178,-1.547295347891,
    -684.2191065557));
#405 = CARTESIAN_POINT('',(138.00809511828,-1.769367282938,
    -684.1913548748));
#406 = CARTESIAN_POINT('',(138.43446603692,-2.159418979706,
    -684.1375169461));
#407 = CARTESIAN_POINT('',(138.67627016785,-2.326038533937,
    -684.111020527));
#408 = CARTESIAN_POINT('',(138.93043056207,-2.456894980883,
    -684.0882491161));
#409 = CARTESIAN_POINT('',(139.19269692596,-2.55373040236,
    -684.0704677887));
#410 = CARTESIAN_POINT('',(139.45998304468,-2.61786607637,
    -684.0583727812));
#411 = CARTESIAN_POINT('',(139.72982993399,-2.65,-684.0523129768));
#412 = CARTESIAN_POINT('',(140.2701702951,-2.65,-684.0523129768));
#413 = CARTESIAN_POINT('',(140.54001862814,-2.617866017491,
    -684.0583727929));
#414 = CARTESIAN_POINT('',(140.80730548336,-2.553729742807,
    -684.0704679102));
#415 = CARTESIAN_POINT('',(141.06957105303,-2.456893869935,
    -684.0882493314));
#416 = CARTESIAN_POINT('',(141.32372911949,-2.326038309309,
    -684.1110205031));
#417 = CARTESIAN_POINT('',(141.56553218683,-2.159420604648,
    -684.1375167218));
#418 = CARTESIAN_POINT('',(141.99190488171,-1.769367282938,
    -684.1913548748));
#419 = CARTESIAN_POINT('',(142.18518664821,-1.547295347891,
    -684.2191065557));
#420 = CARTESIAN_POINT('',(142.3570030284,-1.28947740521,-684.2468834245
    ));
#421 = CARTESIAN_POINT('',(142.49722291918,-0.999259922123,
    -684.2716899014));
#422 = CARTESIAN_POINT('',(142.59723953326,-0.682326190272,
    -684.2902223139));
#423 = CARTESIAN_POINT('',(142.65,-0.346183776111,-684.3));
#424 = CARTESIAN_POINT('',(142.65,-2.22044604925E-15,-684.3));
#425 = PCURVE('',#97,#426);
#426 = DEFINITIONAL_REPRESENTATION('',(#427),#454);
#427 = B_SPLINE_CURVE_WITH_KNOTS('',7,(#428,#429,#430,#431,#432,#433,
    #434,#435,#436,#437,#438,#439,#440,#441,#442,#443,#444,#445,#446,
    #447,#448,#449,#450,#451,#452,#453),.UNSPECIFIED.,.F.,.F.,(8,6,6,6,8
    ),(0.,0.238290439195,0.500000736295,0.761711255314,1.),
  .UNSPECIFIED.);
#428 = CARTESIAN_POINT('',(6.28318530718,317.35));
#429 = CARTESIAN_POINT('',(6.258976651508,317.35));
#430 = CARTESIAN_POINT('',(6.23547016798,317.40276046673));
#431 = CARTESIAN_POINT('',(6.213283913482,317.50277708081));
#432 = CARTESIAN_POINT('',(6.192925169117,317.64299697159));
#433 = CARTESIAN_POINT('',(6.174795897026,317.81481335178));
#434 = CARTESIAN_POINT('',(6.159146907479,318.00809511828));
#435 = CARTESIAN_POINT('',(6.131611961428,318.43446603692));
#436 = CARTESIAN_POINT('',(6.119816325196,318.67627016785));
#437 = CARTESIAN_POINT('',(6.110528851434,318.93043056207));
#438 = CARTESIAN_POINT('',(6.103644033004,319.19269692596));
#439 = CARTESIAN_POINT('',(6.099079956001,319.45998304468));
#440 = CARTESIAN_POINT('',(6.096793222533,319.72982993399));
#441 = CARTESIAN_POINT('',(6.096793222533,320.2701702951));
#442 = CARTESIAN_POINT('',(6.099079960181,320.54001862814));
#443 = CARTESIAN_POINT('',(6.10364407997,320.80730548336));
#444 = CARTESIAN_POINT('',(6.110528930432,321.06957105303));
#445 = CARTESIAN_POINT('',(6.119816340508,321.32372911949));
#446 = CARTESIAN_POINT('',(6.131611846718,321.56553218683));
#447 = CARTESIAN_POINT('',(6.159146907479,321.99190488171));
#448 = CARTESIAN_POINT('',(6.174795897026,322.18518664821));
#449 = CARTESIAN_POINT('',(6.192925169117,322.3570030284));
#450 = CARTESIAN_POINT('',(6.213283913482,322.49722291918));
#451 = CARTESIAN_POINT('',(6.23547016798,322.59723953326));
#452 = CARTESIAN_POINT('',(6.258976651508,322.65));
#453 = CARTESIAN_POINT('',(6.28318530718,322.65));
#454 = ( GEOMETRIC_REPRESENTATION_CONTEXT(2) 
PARAMETRIC_REPRESENTATION_CONTEXT() REPRESENTATION_CONTEXT('2D SPACE',''
  ) );
#455 = PCURVE('',#456,#461);
#456 = CYLINDRICAL_SURFACE('',#457,2.65);
#457 = AXIS2_PLACEMENT_3D('',#458,#459,#460);
#458 = CARTESIAN_POINT('',(140.,0.,-690.));
#459 = DIRECTION('',(0.,0.,1.));
#460 = DIRECTION('',(1.,0.,-0.));
#461 = DEFINITIONAL_REPRESENTATION('',(#462),#489);
#462 = B_SPLINE_CURVE_WITH_KNOTS('',7,(#463,#464,#465,#466,#467,#468,
    #469,#470,#471,#472,#473,#474,#475,#476,#477,#478,#479,#480,#481,
    #482,#483,#484,#485,#486,#487,#488),.UNSPECIFIED.,.F.,.F.,(8,6,6,6,8
    ),(0.,0.238290439195,0.500000736295,0.761711255314,1.),
  .UNSPECIFIED.);
#463 = CARTESIAN_POINT('',(3.14159265359,5.7));
#464 = CARTESIAN_POINT('',(3.272228040801,5.7));
#465 = CARTESIAN_POINT('',(3.399074146738,5.709777686097));
#466 = CARTESIAN_POINT('',(3.522313353335,5.728310098548));
#467 = CARTESIAN_POINT('',(3.6418031444,5.75311657546));
#468 = CARTESIAN_POINT('',(3.757143357963,5.780893444212));
#469 = CARTESIAN_POINT('',(3.867522459824,5.808645125121));
#470 = CARTESIAN_POINT('',(4.085586202473,5.862483053885));
#471 = CARTESIAN_POINT('',(4.195351080112,5.888979472928));
#472 = CARTESIAN_POINT('',(4.301874493285,5.911750883839));
#473 = CARTESIAN_POINT('',(4.406014663342,5.929532211293));
#474 = CARTESIAN_POINT('',(4.508609231485,5.941627218755));
#475 = CARTESIAN_POINT('',(4.610438012079,5.947687023127));
#476 = CARTESIAN_POINT('',(4.81434003514,5.947687023127));
#477 = CARTESIAN_POINT('',(4.91616935935,5.941627207043));
#478 = CARTESIAN_POINT('',(5.018764215912,5.929532089791));
#479 = CARTESIAN_POINT('',(5.122904151473,5.911750668521));
#480 = CARTESIAN_POINT('',(5.229426737273,5.888979496898));
#481 = CARTESIAN_POINT('',(5.339190849851,5.862483278172));
#482 = CARTESIAN_POINT('',(5.557255500945,5.808645125121));
#483 = CARTESIAN_POINT('',(5.667634602806,5.780893444212));
#484 = CARTESIAN_POINT('',(5.78297481637,5.75311657546));
#485 = CARTESIAN_POINT('',(5.902464607434,5.728310098548));
#486 = CARTESIAN_POINT('',(6.025703814032,5.709777686097));
#487 = CARTESIAN_POINT('',(6.152549919968,5.7));
#488 = CARTESIAN_POINT('',(6.28318530718,5.7));
#489 = ( GEOMETRIC_REPRESENTATION_CONTEXT(2) 
PARAMETRIC_REPRESENTATION_CONTEXT() REPRESENTATION_CONTEXT('2D SPACE',''
  ) );
#490 = ORIENTED_EDGE('',*,*,#491,.T.);
#491 = EDGE_CURVE('',#395,#492,#494,.T.);
#492 = VERTEX_POINT('',#493);
#493 = CARTESIAN_POINT('',(152.,-3.502489845561E-15,-684.3));
#494 = SEAM_CURVE('',#495,(#499,#506),.PCURVE_S1.);
#495 = LINE('',#496,#497);
#496 = CARTESIAN_POINT('',(-180.,-3.502489845561E-15,-684.3));
#497 = VECTOR('',#498,1.);
#498 = DIRECTION('',(1.,0.,2.22044604925E-16));
#499 = PCURVE('',#97,#500);
#500 = DEFINITIONAL_REPRESENTATION('',(#501),#505);
#501 = LINE('',#502,#503);
#502 = CARTESIAN_POINT('',(0.,-0.));
#503 = VECTOR('',#504,1.);
#504 = DIRECTION('',(0.,1.));
#505 = ( GEOMETRIC_REPRESENTATION_CONTEXT(2) 
PARAMETRIC_REPRESENTATION_CONTEXT() REPRESENTATION_CONTEXT('2D SPACE',''
  ) );
#506 = PCURVE('',#97,#507);
#507 = DEFINITIONAL_REPRESENTATION('',(#508),#512);
#508 = LINE('',#509,#510);
#509 = CARTESIAN_POINT('',(6.28318530718,-0.));
#510 = VECTOR('',#511,1.);
#511 = DIRECTION('',(0.,1.));
#512 = ( GEOMETRIC_REPRESENTATION_CONTEXT(2) 
PARAMETRIC_REPRESENTATION_CONTEXT() REPRESENTATION_CONTEXT('2D SPACE',''
  ) );
#513 = ORIENTED_EDGE('',*,*,#514,.T.);
#514 = EDGE_CURVE('',#492,#515,#517,.T.);
#515 = VERTEX_POINT('',#516);
#516 = CARTESIAN_POINT('',(168.,-2.730962362099E-15,-684.3));
#517 = SURFACE_CURVE('',#518,(#587,#659),.PCURVE_S1.);
#518 = B_SPLINE_CURVE_WITH_KNOTS('',7,(#519,#520,#521,#522,#523,#524,
    #525,#526,#527,#528,#529,#530,#531,#532,#533,#534,#535,#536,#537,
    #538,#539,#540,#541,#542,#543,#544,#545,#546,#547,#548,#549,#550,
    #551,#552,#553,#554,#555,#556,#557,#558,#559,#560,#561,#562,#563,
    #564,#565,#566,#567,#568,#569,#570,#571,#572,#573,#574,#575,#576,
    #577,#578,#579,#580,#581,#582,#583,#584,#585,#586),.UNSPECIFIED.,.F.
  ,.F.,(8,6,6,6,6,6,6,6,6,6,6,8),(0.,0.1098029886,0.163011871753,
    0.230847771264,0.312728915701,0.403536969677,0.499787112624,
    0.59576634605,0.688130182278,0.838751546482,0.933479288935,1.),
  .UNSPECIFIED.);
#519 = CARTESIAN_POINT('',(152.,0.,-684.3));
#520 = CARTESIAN_POINT('',(152.,-0.496285054425,-684.3));
#521 = CARTESIAN_POINT('',(152.0359189943,-0.988806888739,
    -684.2799053087));
#522 = CARTESIAN_POINT('',(152.1067743299,-1.47255938196,-684.2402665137
    ));
#523 = CARTESIAN_POINT('',(152.21044324191,-1.94265974592,-684.18265959)
  );
#524 = CARTESIAN_POINT('',(152.34366512048,-2.394476985567,
    -684.1096328961));
#525 = CARTESIAN_POINT('',(152.50197719588,-2.823748707783,
    -684.024532498));
#526 = CARTESIAN_POINT('',(152.76564906437,-3.421943788594,
    -683.8859811132));
#527 = CARTESIAN_POINT('',(152.85661967972,-3.611866835753,
    -683.8386278671));
#528 = CARTESIAN_POINT('',(152.95214687332,-3.796469758189,
    -683.7894277138));
#529 = CARTESIAN_POINT('',(153.05190500727,-3.975777852966,
    -683.7386499361));
#530 = CARTESIAN_POINT('',(153.15559108153,-4.149827212409,
    -683.6865507466));
#531 = CARTESIAN_POINT('',(153.26292439516,-4.318664560294,
    -683.6333725668));
#532 = CARTESIAN_POINT('',(153.51480522643,-4.691025617746,
    -683.5104615052));
#533 = CARTESIAN_POINT('',(153.66150878999,-4.891380131719,
    -683.4401783016));
#534 = CARTESIAN_POINT('',(153.81327758489,-5.083596183408,
    -683.3689402067));
#535 = CARTESIAN_POINT('',(153.96970261252,-5.267868271615,
    -683.2971528053));
#536 = CARTESIAN_POINT('',(154.13043982498,-5.444393025661,
    -683.2251858616));
#537 = CARTESIAN_POINT('',(154.29520476097,-5.613362390546,
    -683.1533784267));
#538 = CARTESIAN_POINT('',(154.66723000919,-5.970008934476,
    -682.9959398493));
#539 = CARTESIAN_POINT('',(154.87625266798,-6.154342007487,
    -682.9105135714));
#540 = CARTESIAN_POINT('',(155.09036818514,-6.328205989,-682.8263444654)
  );
#541 = CARTESIAN_POINT('',(155.30919430346,-6.491829736965,
    -682.7439668679));
#542 = CARTESIAN_POINT('',(155.53242208036,-6.64541394209,
    -682.6638786378));
#543 = CARTESIAN_POINT('',(155.75980448675,-6.789124060487,
    -682.586549694));
#544 = CARTESIAN_POINT('',(156.2477069101,-7.071647034275,
    -682.4302307392));
#545 = CARTESIAN_POINT('',(156.5091819627,-7.208244264988,
    -682.3519641613));
#546 = CARTESIAN_POINT('',(156.77510941211,-7.332920386942,
    -682.2783104529));
#547 = CARTESIAN_POINT('',(157.04506985677,-7.445708628212,
    -682.2099047361));
#548 = CARTESIAN_POINT('',(157.31868466019,-7.54662387797,
    -682.1473314172));
#549 = CARTESIAN_POINT('',(157.59561536616,-7.635656567973,
    -682.0911179805));
#550 = CARTESIAN_POINT('',(158.17228801405,-7.794497709573,
    -681.9893797113));
#551 = CARTESIAN_POINT('',(158.47239972067,-7.862833084897,
    -681.9446979846));
#552 = CARTESIAN_POINT('',(158.77518666941,-7.91762587984,
    -681.9082994774));
#553 = CARTESIAN_POINT('',(159.0799764987,-7.958785824066,
    -681.8806649942));
#554 = CARTESIAN_POINT('',(159.38612527829,-7.986255972275,
    -681.8621241963));
#555 = CARTESIAN_POINT('',(159.69300652419,-8.,-681.852847759));
#556 = CARTESIAN_POINT('',(160.30612939963,-8.,-681.852847759));
#557 = CARTESIAN_POINT('',(160.61214803211,-7.986333231872,
    -681.8620720505));
#558 = CARTESIAN_POINT('',(160.91744047071,-7.959017320576,
    -681.8805087471));
#559 = CARTESIAN_POINT('',(161.22138510305,-7.918088207154,
    -681.9079890711));
#560 = CARTESIAN_POINT('',(161.52334309831,-7.86360232804,
    -681.9441869587));
#561 = CARTESIAN_POINT('',(161.82264758105,-7.795649117612,
    -681.9886267787));
#562 = CARTESIAN_POINT('',(162.40339061129,-7.636160071328,
    -682.090810058));
#563 = CARTESIAN_POINT('',(162.68507295766,-7.545610311448,
    -682.1479885626));
#564 = CARTESIAN_POINT('',(162.96332055477,-7.44276978534,
    -682.2117452748));
#565 = CARTESIAN_POINT('',(163.23777969818,-7.327647316909,
    -682.2815253894));
#566 = CARTESIAN_POINT('',(163.50805630599,-7.200224243313,
    -682.356714024));
#567 = CARTESIAN_POINT('',(163.77370974964,-7.060463335293,
    -682.4366415457));
#568 = CARTESIAN_POINT('',(164.45911457907,-6.660207835479,
    -682.6574851645));
#569 = CARTESIAN_POINT('',(164.87005277455,-6.379351948457,
    -682.804967026));
#570 = CARTESIAN_POINT('',(165.26627258148,-6.064868422219,
    -682.960309238));
#571 = CARTESIAN_POINT('',(165.64623195615,-5.715282424715,
    -683.1206051882));
#572 = CARTESIAN_POINT('',(166.00741798726,-5.328729092003,
    -683.2825368126));
#573 = CARTESIAN_POINT('',(166.34608629367,-4.903190369234,
    -683.4420745433));
#574 = CARTESIAN_POINT('',(166.85238545108,-4.143554632286,
    -683.6900013606));
#575 = CARTESIAN_POINT('',(167.03737697584,-3.833332207226,
    -683.7830819327));
#576 = CARTESIAN_POINT('',(167.21002506902,-3.506203651784,
    -683.8720554829));
#577 = CARTESIAN_POINT('',(167.36840314627,-3.16231771577,
    -683.9553575929));
#578 = CARTESIAN_POINT('',(167.51049348487,-2.801967343314,
    -684.0313465959));
#579 = CARTESIAN_POINT('',(167.6341626201,-2.425612811062,
    -684.0983333792));
#580 = CARTESIAN_POINT('',(167.80944149597,-1.758838941378,
    -684.194143516));
#581 = CARTESIAN_POINT('',(167.87151626746,-1.476302312944,
    -684.2283767315));
#582 = CARTESIAN_POINT('',(167.92229076079,-1.187638163551,
    -684.2565777253));
#583 = CARTESIAN_POINT('',(167.9609590302,-0.894238074334,
    -684.2781588971));
#584 = CARTESIAN_POINT('',(167.9869653958,-0.597530158066,
    -684.2927079142));
#585 = CARTESIAN_POINT('',(168.,-0.298964804016,-684.3));
#586 = CARTESIAN_POINT('',(168.,-2.6645352591E-15,-684.3));
#587 = PCURVE('',#97,#588);
#588 = DEFINITIONAL_REPRESENTATION('',(#589),#658);
#589 = B_SPLINE_CURVE_WITH_KNOTS('',7,(#590,#591,#592,#593,#594,#595,
    #596,#597,#598,#599,#600,#601,#602,#603,#604,#605,#606,#607,#608,
    #609,#610,#611,#612,#613,#614,#615,#616,#617,#618,#619,#620,#621,
    #622,#623,#624,#625,#626,#627,#628,#629,#630,#631,#632,#633,#634,
    #635,#636,#637,#638,#639,#640,#641,#642,#643,#644,#645,#646,#647,
    #648,#649,#650,#651,#652,#653,#654,#655,#656,#657),.UNSPECIFIED.,.F.
  ,.F.,(8,6,6,6,6,6,6,6,6,6,6,8),(0.,0.1098029886,0.163011871753,
    0.230847771264,0.312728915701,0.403536969677,0.499787112624,
    0.59576634605,0.688130182278,0.838751546482,0.933479288935,1.),
  .UNSPECIFIED.);
#590 = CARTESIAN_POINT('',(6.28318530718,332.));
#591 = CARTESIAN_POINT('',(6.248480058618,332.));
#592 = CARTESIAN_POINT('',(6.214037926333,332.0359189943));
#593 = CARTESIAN_POINT('',(6.180140967686,332.1067743299));
#594 = CARTESIAN_POINT('',(6.147066421325,332.21044324191));
#595 = CARTESIAN_POINT('',(6.115093971555,332.34366512048));
#596 = CARTESIAN_POINT('',(6.08450629911,332.50197719588));
#597 = CARTESIAN_POINT('',(6.041567081324,332.76564906437));
#598 = CARTESIAN_POINT('',(6.027881076086,332.85661967972));
#599 = CARTESIAN_POINT('',(6.014523874151,332.95214687332));
#600 = CARTESIAN_POINT('',(6.001494454534,333.05190500727));
#601 = CARTESIAN_POINT('',(5.988791692764,333.15559108153));
#602 = CARTESIAN_POINT('',(5.976414249934,333.26292439516));
#603 = CARTESIAN_POINT('',(5.948993111143,333.51480522643));
#604 = CARTESIAN_POINT('',(5.93414779987,333.66150878999));
#605 = CARTESIAN_POINT('',(5.919816089602,333.81327758489));
#606 = CARTESIAN_POINT('',(5.905989810791,333.96970261252));
#607 = CARTESIAN_POINT('',(5.892661324712,334.13043982498));
#608 = CARTESIAN_POINT('',(5.879823785496,334.29520476097));
#609 = CARTESIAN_POINT('',(5.852561490293,334.66723000919));
#610 = CARTESIAN_POINT('',(5.838356451431,334.87625266798));
#611 = CARTESIAN_POINT('',(5.824851279952,335.09036818514));
#612 = CARTESIAN_POINT('',(5.81204326629,335.30919430346));
#613 = CARTESIAN_POINT('',(5.799932246858,335.53242208036));
#614 = CARTESIAN_POINT('',(5.788520853959,335.75980448675));
#615 = CARTESIAN_POINT('',(5.765941469996,336.2477069101));
#616 = CARTESIAN_POINT('',(5.754933547299,336.5091819627));
#617 = CARTESIAN_POINT('',(5.74480850481,336.77510941211));
#618 = CARTESIAN_POINT('',(5.735584857357,337.04506985677));
#619 = CARTESIAN_POINT('',(5.727281776239,337.31868466019));
#620 = CARTESIAN_POINT('',(5.719918738074,337.59561536616));
#621 = CARTESIAN_POINT('',(5.706727846263,338.17228801405));
#622 = CARTESIAN_POINT('',(5.701018542787,338.47239972067));
#623 = CARTESIAN_POINT('',(5.696418617334,338.77518666941));
#624 = CARTESIAN_POINT('',(5.692951761362,339.0799764987));
#625 = CARTESIAN_POINT('',(5.690634157868,339.38612527829));
#626 = CARTESIAN_POINT('',(5.689474604319,339.69300652419));
#627 = CARTESIAN_POINT('',(5.689474604319,340.30612939963));
#628 = CARTESIAN_POINT('',(5.690627639665,340.61214803211));
#629 = CARTESIAN_POINT('',(5.69293223042,340.91744047071));
#630 = CARTESIAN_POINT('',(5.696379675888,341.22138510305));
#631 = CARTESIAN_POINT('',(5.700953962998,341.52334309831));
#632 = CARTESIAN_POINT('',(5.706631645231,341.82264758105));
#633 = CARTESIAN_POINT('',(5.719877474574,342.40339061129));
#634 = CARTESIAN_POINT('',(5.727366240466,342.68507295766));
#635 = CARTESIAN_POINT('',(5.735827331878,342.96332055477));
#636 = CARTESIAN_POINT('',(5.745240334809,343.23777969818));
#637 = CARTESIAN_POINT('',(5.755585275275,343.50805630599));
#638 = CARTESIAN_POINT('',(5.766842815444,343.77370974964));
#639 = CARTESIAN_POINT('',(5.798810600916,344.45911457907));
#640 = CARTESIAN_POINT('',(5.820989352734,344.87005277455));
#641 = CARTESIAN_POINT('',(5.845505317612,345.26627258148));
#642 = CARTESIAN_POINT('',(5.872376989946,345.64623195615));
#643 = CARTESIAN_POINT('',(5.901654044073,346.00741798726));
#644 = CARTESIAN_POINT('',(5.933404915362,346.34608629367));
#645 = CARTESIAN_POINT('',(5.989283992992,346.85238545108));
#646 = CARTESIAN_POINT('',(6.011926829225,347.03737697584));
#647 = CARTESIAN_POINT('',(6.035620870096,347.21002506902));
#648 = CARTESIAN_POINT('',(6.06034596215,347.36840314627));
#649 = CARTESIAN_POINT('',(6.086079527808,347.51049348487));
#650 = CARTESIAN_POINT('',(6.112796722456,347.6341626201));
#651 = CARTESIAN_POINT('',(6.159903175577,347.80944149597));
#652 = CARTESIAN_POINT('',(6.17980060769,347.87151626746));
#653 = CARTESIAN_POINT('',(6.200074158023,347.92229076079));
#654 = CARTESIAN_POINT('',(6.220636257786,347.9609590302));
#655 = CARTESIAN_POINT('',(6.241399978627,347.9869653958));
#656 = CARTESIAN_POINT('',(6.262278677528,348.));
#657 = CARTESIAN_POINT('',(6.28318530718,348.));
#658 = ( GEOMETRIC_REPRESENTATION_CONTEXT(2) 
PARAMETRIC_REPRESENTATION_CONTEXT() REPRESENTATION_CONTEXT('2D SPACE',''
  ) );
#659 = PCURVE('',#660,#665);
#660 = CYLINDRICAL_SURFACE('',#661,8.);
#661 = AXIS2_PLACEMENT_3D('',#662,#663,#664);
#662 = CARTESIAN_POINT('',(160.,0.,-690.));
#663 = DIRECTION('',(0.,0.,1.));
#664 = DIRECTION('',(1.,0.,-0.));
#665 = DEFINITIONAL_REPRESENTATION('',(#666),#735);
#666 = B_SPLINE_CURVE_WITH_KNOTS('',7,(#667,#668,#669,#670,#671,#672,
    #673,#674,#675,#676,#677,#678,#679,#680,#681,#682,#683,#684,#685,
    #686,#687,#688,#689,#690,#691,#692,#693,#694,#695,#696,#697,#698,
    #699,#700,#701,#702,#703,#704,#705,#706,#707,#708,#709,#710,#711,
    #712,#713,#714,#715,#716,#717,#718,#719,#720,#721,#722,#723,#724,
    #725,#726,#727,#728,#729,#730,#731,#732,#733,#734),.UNSPECIFIED.,.F.
  ,.F.,(8,6,6,6,6,6,6,6,6,6,6,8),(0.,0.1098029886,0.163011871753,
    0.230847771264,0.312728915701,0.403536969677,0.499787112624,
    0.59576634605,0.688130182278,0.838751546482,0.933479288935,1.),
  .UNSPECIFIED.);
#667 = CARTESIAN_POINT('',(3.14159265359,5.7));
#668 = CARTESIAN_POINT('',(3.203628285393,5.7));
#669 = CARTESIAN_POINT('',(3.265193486414,5.720094691293));
#670 = CARTESIAN_POINT('',(3.326052613382,5.75973348624));
#671 = CARTESIAN_POINT('',(3.385958096959,5.817340409915));
#672 = CARTESIAN_POINT('',(3.444626721616,5.890367103872));
#673 = CARTESIAN_POINT('',(3.501709057272,5.975467501916));
#674 = CARTESIAN_POINT('',(3.583425048759,6.114018886764));
#675 = CARTESIAN_POINT('',(3.60973520315,6.161372132899));
#676 = CARTESIAN_POINT('',(3.635697535776,6.210572286113));
#677 = CARTESIAN_POINT('',(3.661325762749,6.261350063896));
#678 = CARTESIAN_POINT('',(3.686632731736,6.31344925335));
#679 = CARTESIAN_POINT('',(3.711630867298,6.366627433143));
#680 = CARTESIAN_POINT('',(3.76782482692,6.489538494756));
#681 = CARTESIAN_POINT('',(3.798843537505,6.559821698383));
#682 = CARTESIAN_POINT('',(3.829425324175,6.631059793297));
#683 = CARTESIAN_POINT('',(3.859605894294,6.702847194691));
#684 = CARTESIAN_POINT('',(3.889420489062,6.77481413839));
#685 = CARTESIAN_POINT('',(3.918904286161,6.84662157324));
#686 = CARTESIAN_POINT('',(3.983324724324,7.004060150637));
#687 = CARTESIAN_POINT('',(4.018131123701,7.089486428551));
#688 = CARTESIAN_POINT('',(4.052562797598,7.17365553458));
#689 = CARTESIAN_POINT('',(4.086668876375,7.256033132036));
#690 = CARTESIAN_POINT('',(4.120497384602,7.336121362133));
#691 = CARTESIAN_POINT('',(4.154095801969,7.413450305912));
#692 = CARTESIAN_POINT('',(4.224570532085,7.56976926074));
#693 = CARTESIAN_POINT('',(4.261411333592,7.648035838634));
#694 = CARTESIAN_POINT('',(4.298070202057,7.721689547087));
#695 = CARTESIAN_POINT('',(4.334582554352,7.79009526384));
#696 = CARTESIAN_POINT('',(4.370984312904,7.852668582762));
#697 = CARTESIAN_POINT('',(4.407313167723,7.908882019484));
#698 = CARTESIAN_POINT('',(4.482081753527,8.010620288666));
#699 = CARTESIAN_POINT('',(4.520517150338,8.055302015396));
#700 = CARTESIAN_POINT('',(4.558918437843,8.091700522595));
#701 = CARTESIAN_POINT('',(4.597293730774,8.119335005758));
#702 = CARTESIAN_POINT('',(4.635654645924,8.137875803614));
#703 = CARTESIAN_POINT('',(4.674014795909,8.147152240917));
#704 = CARTESIAN_POINT('',(4.750655155339,8.147152240917));
#705 = CARTESIAN_POINT('',(4.788907478758,8.137927949436));
#706 = CARTESIAN_POINT('',(4.827160573737,8.11949125283));
#707 = CARTESIAN_POINT('',(4.865427891696,8.092010928892));
#708 = CARTESIAN_POINT('',(4.903720911626,8.055813041296));
#709 = CARTESIAN_POINT('',(4.942047654498,8.011373221254));
#710 = CARTESIAN_POINT('',(5.017328298492,7.909189941966));
#711 = CARTESIAN_POINT('',(5.054278950653,7.852011437361));
#712 = CARTESIAN_POINT('',(5.091304596978,7.788254725119));
#713 = CARTESIAN_POINT('',(5.128445221723,7.718474610584));
#714 = CARTESIAN_POINT('',(5.165739297894,7.643285975933));
#715 = CARTESIAN_POINT('',(5.203224419387,7.563358454241));
#716 = CARTESIAN_POINT('',(5.302438852981,7.342514835482));
#717 = CARTESIAN_POINT('',(5.364500302392,7.195032973991));
#718 = CARTESIAN_POINT('',(5.427472752484,7.039690761972));
#719 = CARTESIAN_POINT('',(5.491693543478,6.879394811745));
#720 = CARTESIAN_POINT('',(5.557501506622,6.717463187323));
#721 = CARTESIAN_POINT('',(5.625241993486,6.557925456642));
#722 = CARTESIAN_POINT('',(5.739354416783,6.309998639353));
#723 = CARTESIAN_POINT('',(5.784446627712,6.216918067294));
#724 = CARTESIAN_POINT('',(5.830581212373,6.127944517056));
#725 = CARTESIAN_POINT('',(5.877778524348,6.044642407027));
#726 = CARTESIAN_POINT('',(5.926069734679,5.968653404054));
#727 = CARTESIAN_POINT('',(5.975498446151,5.901666620753));
#728 = CARTESIAN_POINT('',(6.061676865508,5.805856483932));
#729 = CARTESIAN_POINT('',(6.097806202963,5.771623268413));
#730 = CARTESIAN_POINT('',(6.134390591692,5.743422274636));
#731 = CARTESIAN_POINT('',(6.171320299245,5.721841102811));
#732 = CARTESIAN_POINT('',(6.208494038856,5.707292085795));
#733 = CARTESIAN_POINT('',(6.245814706678,5.7));
#734 = CARTESIAN_POINT('',(6.28318530718,5.7));
#735 = ( GEOMETRIC_REPRESENTATION_CONTEXT(2) 
PARAMETRIC_REPRESENTATION_CONTEXT() REPRESENTATION_CONTEXT('2D SPACE',''
  ) );
#736 = ORIENTED_EDGE('',*,*,#737,.T.);
#737 = EDGE_CURVE('',#515,#738,#740,.T.);
#738 = VERTEX_POINT('',#739);
#739 = CARTESIAN_POINT('',(180.,-3.502489845561E-15,-684.3));
#740 = SEAM_CURVE('',#741,(#745,#752),.PCURVE_S1.);
#741 = LINE('',#742,#743);
#742 = CARTESIAN_POINT('',(-180.,-3.502489845561E-15,-684.3));
#743 = VECTOR('',#744,1.);
#744 = DIRECTION('',(1.,0.,2.22044604925E-16));
#745 = PCURVE('',#97,#746);
#746 = DEFINITIONAL_REPRESENTATION('',(#747),#751);
#747 = LINE('',#748,#749);
#748 = CARTESIAN_POINT('',(0.,-0.));
#749 = VECTOR('',#750,1.);
#750 = DIRECTION('',(0.,1.));
#751 = ( GEOMETRIC_REPRESENTATION_CONTEXT(2) 
PARAMETRIC_REPRESENTATION_CONTEXT() REPRESENTATION_CONTEXT('2D SPACE',''
  ) );
#752 = PCURVE('',#97,#753);
#753 = DEFINITIONAL_REPRESENTATION('',(#754),#758);
#754 = LINE('',#755,#756);
#755 = CARTESIAN_POINT('',(6.28318530718,-0.));
#756 = VECTOR('',#757,1.);
#757 = DIRECTION('',(0.,1.));
#758 = ( GEOMETRIC_REPRESENTATION_CONTEXT(2) 
PARAMETRIC_REPRESENTATION_CONTEXT() REPRESENTATION_CONTEXT('2D SPACE',''
  ) );
#759 = ORIENTED_EDGE('',*,*,#760,.F.);
#760 = EDGE_CURVE('',#738,#738,#761,.T.);
#761 = SURFACE_CURVE('',#762,(#767,#774),.PCURVE_S1.);
#762 = CIRCLE('',#763,14.3);
#763 = AXIS2_PLACEMENT_3D('',#764,#765,#766);
#764 = CARTESIAN_POINT('',(180.,0.,-670.));
#765 = DIRECTION('',(1.,-0.,2.22044604925E-16));
#766 = DIRECTION('',(2.22044604925E-16,0.,-1.));
#767 = PCURVE('',#97,#768);
#768 = DEFINITIONAL_REPRESENTATION('',(#769),#773);
#769 = LINE('',#770,#771);
#770 = CARTESIAN_POINT('',(0.,360.));
#771 = VECTOR('',#772,1.);
#772 = DIRECTION('',(1.,0.));
#773 = ( GEOMETRIC_REPRESENTATION_CONTEXT(2) 
PARAMETRIC_REPRESENTATION_CONTEXT() REPRESENTATION_CONTEXT('2D SPACE',''
  ) );
#774 = PCURVE('',#775,#780);
#775 = PLANE('',#776);
#776 = AXIS2_PLACEMENT_3D('',#777,#778,#779);
#777 = CARTESIAN_POINT('',(180.,0.,-670.));
#778 = DIRECTION('',(1.,0.,2.22044604925E-16));
#779 = DIRECTION('',(2.22044604925E-16,0.,-1.));
#780 = DEFINITIONAL_REPRESENTATION('',(#781),#785);
#781 = CIRCLE('',#782,14.3);
#782 = AXIS2_PLACEMENT_2D('',#783,#784);
#783 = CARTESIAN_POINT('',(0.,0.));
#784 = DIRECTION('',(1.,0.));
#785 = ( GEOMETRIC_REPRESENTATION_CONTEXT(2) 
PARAMETRIC_REPRESENTATION_CONTEXT() REPRESENTATION_CONTEXT('2D SPACE',''
  ) );
#786 = ORIENTED_EDGE('',*,*,#737,.F.);
#787 = ORIENTED_EDGE('',*,*,#788,.T.);
#788 = EDGE_CURVE('',#515,#492,#789,.T.);
#789 = SURFACE_CURVE('',#790,(#859,#931),.PCURVE_S1.);
#790 = B_SPLINE_CURVE_WITH_KNOTS('',7,(#791,#792,#793,#794,#795,#796,
    #797,#798,#799,#800,#801,#802,#803,#804,#805,#806,#807,#808,#809,
    #810,#811,#812,#813,#814,#815,#816,#817,#818,#819,#820,#821,#822,
    #823,#824,#825,#826,#827,#828,#829,#830,#831,#832,#833,#834,#835,
    #836,#837,#838,#839,#840,#841,#842,#843,#844,#845,#846,#847,#848,
    #849,#850,#851,#852,#853,#854,#855,#856,#857,#858),.UNSPECIFIED.,.F.
  ,.F.,(8,6,6,6,6,6,6,6,6,6,6,8),(0.,0.10980298954,0.163011873149,
    0.230847771899,0.312728916917,0.403536971537,0.499787115166,
    0.595766347589,0.68813018445,0.838751548335,0.933479289692,1.),
  .UNSPECIFIED.);
#791 = CARTESIAN_POINT('',(168.,-9.797174393179E-16,-684.3));
#792 = CARTESIAN_POINT('',(168.,0.496285054425,-684.3));
#793 = CARTESIAN_POINT('',(167.9640810057,0.988806888738,-684.2799053087
    ));
#794 = CARTESIAN_POINT('',(167.8932256701,1.47255938196,-684.2402665137)
  );
#795 = CARTESIAN_POINT('',(167.78955675808,1.942659745921,-684.18265959)
  );
#796 = CARTESIAN_POINT('',(167.65633487951,2.394476985567,
    -684.1096328961));
#797 = CARTESIAN_POINT('',(167.49802280411,2.823748707783,-684.024532498
    ));
#798 = CARTESIAN_POINT('',(167.23435093562,3.421943788595,
    -683.8859811132));
#799 = CARTESIAN_POINT('',(167.14338032027,3.611866835753,
    -683.8386278671));
#800 = CARTESIAN_POINT('',(167.04785312667,3.796469758189,
    -683.7894277138));
#801 = CARTESIAN_POINT('',(166.94809499272,3.975777852965,
    -683.7386499361));
#802 = CARTESIAN_POINT('',(166.84440891846,4.149827212409,
    -683.6865507466));
#803 = CARTESIAN_POINT('',(166.73707560483,4.318664560294,
    -683.6333725668));
#804 = CARTESIAN_POINT('',(166.48519477635,4.691025613621,
    -683.5104615066));
#805 = CARTESIAN_POINT('',(166.33849120702,4.891380135153,
    -683.4401783002));
#806 = CARTESIAN_POINT('',(166.18672241284,5.083596186661,
    -683.3689402056));
#807 = CARTESIAN_POINT('',(166.03029738993,5.26786826923,-683.2971528063
    ));
#808 = CARTESIAN_POINT('',(165.86956017793,5.44439302206,-683.2251858629
    ));
#809 = CARTESIAN_POINT('',(165.70479523593,5.613362393502,
    -683.1533784254));
#810 = CARTESIAN_POINT('',(165.33276999081,5.970008934476,
    -682.9959398493));
#811 = CARTESIAN_POINT('',(165.12374733201,6.154342007487,
    -682.9105135714));
#812 = CARTESIAN_POINT('',(164.90963181485,6.328205988999,
    -682.8263444654));
#813 = CARTESIAN_POINT('',(164.69080569653,6.491829736965,
    -682.7439668679));
#814 = CARTESIAN_POINT('',(164.46757791963,6.64541394209,-682.6638786378
    ));
#815 = CARTESIAN_POINT('',(164.24019551324,6.789124060487,-682.586549694
    ));
#816 = CARTESIAN_POINT('',(163.75229308989,7.071647034275,
    -682.4302307392));
#817 = CARTESIAN_POINT('',(163.4908180373,7.208244264988,-682.3519641613
    ));
#818 = CARTESIAN_POINT('',(163.22489058788,7.332920386942,
    -682.2783104529));
#819 = CARTESIAN_POINT('',(162.95493014322,7.445708628212,
    -682.2099047361));
#820 = CARTESIAN_POINT('',(162.6813153398,7.54662387797,-682.1473314172)
  );
#821 = CARTESIAN_POINT('',(162.40438463383,7.635656567973,
    -682.0911179805));
#822 = CARTESIAN_POINT('',(161.82771198594,7.794497709573,
    -681.9893797113));
#823 = CARTESIAN_POINT('',(161.52760027932,7.862833084897,
    -681.9446979846));
#824 = CARTESIAN_POINT('',(161.22481333058,7.91762587984,-681.9082994774
    ));
#825 = CARTESIAN_POINT('',(160.92002350129,7.958785824065,
    -681.8806649942));
#826 = CARTESIAN_POINT('',(160.6138747217,7.986255972275,-681.8621241963
    ));
#827 = CARTESIAN_POINT('',(160.3069934758,8.,-681.852847759));
#828 = CARTESIAN_POINT('',(159.69387060574,8.,-681.852847759));
#829 = CARTESIAN_POINT('',(159.38785196248,7.986333232348,
    -681.8620720502));
#830 = CARTESIAN_POINT('',(159.08255952512,7.959017319439,
    -681.8805087479));
#831 = CARTESIAN_POINT('',(158.77861490118,7.918088207147,
    -681.9079890711));
#832 = CARTESIAN_POINT('',(158.4766569068,7.86360232993,-681.9441869574)
  );
#833 = CARTESIAN_POINT('',(158.17735241382,7.795649116205,
    -681.9886267796));
#834 = CARTESIAN_POINT('',(157.5966093887,7.636160071328,-682.090810058)
  );
#835 = CARTESIAN_POINT('',(157.31492704233,7.545610311448,
    -682.1479885626));
#836 = CARTESIAN_POINT('',(157.03667944522,7.44276978534,-682.2117452748
    ));
#837 = CARTESIAN_POINT('',(156.76222030181,7.327647316909,
    -682.2815253894));
#838 = CARTESIAN_POINT('',(156.491943694,7.200224243313,-682.356714024)
  );
#839 = CARTESIAN_POINT('',(156.22629025035,7.060463335293,
    -682.4366415457));
#840 = CARTESIAN_POINT('',(155.54088542473,6.660207837705,
    -682.6574851632));
#841 = CARTESIAN_POINT('',(155.129947216,6.379351943844,-682.8049670289)
  );
#842 = CARTESIAN_POINT('',(154.73372742587,6.064868422327,
    -682.9603092363));
#843 = CARTESIAN_POINT('',(154.35376804602,5.71528243386,-683.120605186)
  );
#844 = CARTESIAN_POINT('',(153.99258200628,5.328729081105,
    -683.2825368161));
#845 = CARTESIAN_POINT('',(153.65391370932,4.903190373736,
    -683.4420745418));
#846 = CARTESIAN_POINT('',(153.14761454887,4.143554632226,
    -683.6900013606));
#847 = CARTESIAN_POINT('',(152.96262302416,3.833332207226,
    -683.7830819327));
#848 = CARTESIAN_POINT('',(152.78997493101,3.50620365184,-683.8720554829
    ));
#849 = CARTESIAN_POINT('',(152.63159685373,3.162317715821,
    -683.9553575929));
#850 = CARTESIAN_POINT('',(152.48950651511,2.8019673433,-684.0313465959)
  );
#851 = CARTESIAN_POINT('',(152.36583737987,2.425612810983,
    -684.0983333792));
#852 = CARTESIAN_POINT('',(152.19055850402,1.758838941378,-684.194143516
    ));
#853 = CARTESIAN_POINT('',(152.12848373253,1.476302312943,
    -684.2283767315));
#854 = CARTESIAN_POINT('',(152.0777092392,1.187638163552,-684.2565777253
    ));
#855 = CARTESIAN_POINT('',(152.03904096979,0.894238074334,
    -684.2781588971));
#856 = CARTESIAN_POINT('',(152.01303460419,0.597530158066,
    -684.2927079142));
#857 = CARTESIAN_POINT('',(152.,0.298964804016,-684.3));
#858 = CARTESIAN_POINT('',(152.,1.469576158977E-15,-684.3));
#859 = PCURVE('',#97,#860);
#860 = DEFINITIONAL_REPRESENTATION('',(#861),#930);
#861 = B_SPLINE_CURVE_WITH_KNOTS('',7,(#862,#863,#864,#865,#866,#867,
    #868,#869,#870,#871,#872,#873,#874,#875,#876,#877,#878,#879,#880,
    #881,#882,#883,#884,#885,#886,#887,#888,#889,#890,#891,#892,#893,
    #894,#895,#896,#897,#898,#899,#900,#901,#902,#903,#904,#905,#906,
    #907,#908,#909,#910,#911,#912,#913,#914,#915,#916,#917,#918,#919,
    #920,#921,#922,#923,#924,#925,#926,#927,#928,#929),.UNSPECIFIED.,.F.
  ,.F.,(8,6,6,6,6,6,6,6,6,6,6,8),(0.,0.10980298954,0.163011873149,
    0.230847771899,0.312728916917,0.403536971537,0.499787115166,
    0.595766347589,0.68813018445,0.838751548335,0.933479289692,1.),
  .UNSPECIFIED.);
#862 = CARTESIAN_POINT('',(0.,348.));
#863 = CARTESIAN_POINT('',(3.470524856117E-02,348.));
#864 = CARTESIAN_POINT('',(6.914738084683E-02,347.9640810057));
#865 = CARTESIAN_POINT('',(0.103044339494,347.8932256701));
#866 = CARTESIAN_POINT('',(0.136118885855,347.78955675808));
#867 = CARTESIAN_POINT('',(0.168091335625,347.65633487951));
#868 = CARTESIAN_POINT('',(0.19867900807,347.49802280411));
#869 = CARTESIAN_POINT('',(0.241618225855,347.23435093562));
#870 = CARTESIAN_POINT('',(0.255304231094,347.14338032027));
#871 = CARTESIAN_POINT('',(0.268661433029,347.04785312667));
#872 = CARTESIAN_POINT('',(0.281690852645,346.94809499272));
#873 = CARTESIAN_POINT('',(0.294393614416,346.84440891846));
#874 = CARTESIAN_POINT('',(0.306771057245,346.73707560483));
#875 = CARTESIAN_POINT('',(0.334192195733,346.48519477635));
#876 = CARTESIAN_POINT('',(0.349037507568,346.33849120702));
#877 = CARTESIAN_POINT('',(0.363369217818,346.18672241284));
#878 = CARTESIAN_POINT('',(0.377195496206,346.03029738993));
#879 = CARTESIAN_POINT('',(0.390523982199,345.86956017793));
#880 = CARTESIAN_POINT('',(0.403361521909,345.70479523593));
#881 = CARTESIAN_POINT('',(0.430623816887,345.33276999081));
#882 = CARTESIAN_POINT('',(0.444828855748,345.12374733201));
#883 = CARTESIAN_POINT('',(0.458334027227,344.90963181485));
#884 = CARTESIAN_POINT('',(0.471142040889,344.69080569653));
#885 = CARTESIAN_POINT('',(0.483253060322,344.46757791963));
#886 = CARTESIAN_POINT('',(0.494664453221,344.24019551324));
#887 = CARTESIAN_POINT('',(0.517243837184,343.75229308989));
#888 = CARTESIAN_POINT('',(0.528251759881,343.4908180373));
#889 = CARTESIAN_POINT('',(0.538376802369,343.22489058788));
#890 = CARTESIAN_POINT('',(0.547600449822,342.95493014322));
#891 = CARTESIAN_POINT('',(0.55590353094,342.6813153398));
#892 = CARTESIAN_POINT('',(0.563266569105,342.40438463383));
#893 = CARTESIAN_POINT('',(0.576457460917,341.82771198594));
#894 = CARTESIAN_POINT('',(0.582166764392,341.52760027932));
#895 = CARTESIAN_POINT('',(0.586766689846,341.22481333058));
#896 = CARTESIAN_POINT('',(0.590233545818,340.92002350129));
#897 = CARTESIAN_POINT('',(0.592551149312,340.6138747217));
#898 = CARTESIAN_POINT('',(0.59371070286,340.3069934758));
#899 = CARTESIAN_POINT('',(0.59371070286,339.69387060574));
#900 = CARTESIAN_POINT('',(0.592557667554,339.38785196248));
#901 = CARTESIAN_POINT('',(0.590253076666,339.08255952512));
#902 = CARTESIAN_POINT('',(0.586805631292,338.77861490118));
#903 = CARTESIAN_POINT('',(0.582231344339,338.4766569068));
#904 = CARTESIAN_POINT('',(0.576553661832,338.17735241382));
#905 = CARTESIAN_POINT('',(0.563307832606,337.5966093887));
#906 = CARTESIAN_POINT('',(0.555819066714,337.31492704233));
#907 = CARTESIAN_POINT('',(0.547357975301,337.03667944522));
#908 = CARTESIAN_POINT('',(0.537944972371,336.76222030181));
#909 = CARTESIAN_POINT('',(0.527600031905,336.491943694));
#910 = CARTESIAN_POINT('',(0.516342491735,336.22629025035));
#911 = CARTESIAN_POINT('',(0.484374706442,335.54088542473));
#912 = CARTESIAN_POINT('',(0.462195954067,335.129947216));
#913 = CARTESIAN_POINT('',(0.43767998962,334.73372742587));
#914 = CARTESIAN_POINT('',(0.410808317884,334.35376804602));
#915 = CARTESIAN_POINT('',(0.381531262309,333.99258200628));
#916 = CARTESIAN_POINT('',(0.349780392149,333.65391370932));
#917 = CARTESIAN_POINT('',(0.293901314183,333.14761454887));
#918 = CARTESIAN_POINT('',(0.271258477954,332.96262302416));
#919 = CARTESIAN_POINT('',(0.247564437087,332.78997493101));
#920 = CARTESIAN_POINT('',(0.222839345033,332.63159685373));
#921 = CARTESIAN_POINT('',(0.19710577937,332.48950651511));
#922 = CARTESIAN_POINT('',(0.170388584718,332.36583737987));
#923 = CARTESIAN_POINT('',(0.123282131602,332.19055850402));
#924 = CARTESIAN_POINT('',(0.10338469949,332.12848373253));
#925 = CARTESIAN_POINT('',(8.311114915649E-02,332.0777092392));
#926 = CARTESIAN_POINT('',(6.254904939314E-02,332.03904096979));
#927 = CARTESIAN_POINT('',(4.17853285529E-02,332.01303460419));
#928 = CARTESIAN_POINT('',(2.090662965144E-02,332.));
#929 = CARTESIAN_POINT('',(0.,332.));
#930 = ( GEOMETRIC_REPRESENTATION_CONTEXT(2) 
PARAMETRIC_REPRESENTATION_CONTEXT() REPRESENTATION_CONTEXT('2D SPACE',''
  ) );
#931 = PCURVE('',#660,#932);
#932 = DEFINITIONAL_REPRESENTATION('',(#933),#1002);
#933 = B_SPLINE_CURVE_WITH_KNOTS('',7,(#934,#935,#936,#937,#938,#939,
    #940,#941,#942,#943,#944,#945,#946,#947,#948,#949,#950,#951,#952,
    #953,#954,#955,#956,#957,#958,#959,#960,#961,#962,#963,#964,#965,
    #966,#967,#968,#969,#970,#971,#972,#973,#974,#975,#976,#977,#978,
    #979,#980,#981,#982,#983,#984,#985,#986,#987,#988,#989,#990,#991,
    #992,#993,#994,#995,#996,#997,#998,#999,#1000,#1001),.UNSPECIFIED.,
  .F.,.F.,(8,6,6,6,6,6,6,6,6,6,6,8),(0.,0.10980298954,0.163011873149,
    0.230847771899,0.312728916917,0.403536971537,0.499787115166,
    0.595766347589,0.68813018445,0.838751548335,0.933479289692,1.),
  .UNSPECIFIED.);
#934 = CARTESIAN_POINT('',(0.,5.7));
#935 = CARTESIAN_POINT('',(6.20356318031E-02,5.7));
#936 = CARTESIAN_POINT('',(0.123600832824,5.720094691293));
#937 = CARTESIAN_POINT('',(0.184459959792,5.75973348624));
#938 = CARTESIAN_POINT('',(0.244365443369,5.817340409915));
#939 = CARTESIAN_POINT('',(0.303034068026,5.890367103872));
#940 = CARTESIAN_POINT('',(0.360116403683,5.975467501916));
#941 = CARTESIAN_POINT('',(0.441832395169,6.114018886764));
#942 = CARTESIAN_POINT('',(0.468142549561,6.161372132899));
#943 = CARTESIAN_POINT('',(0.494104882186,6.210572286113));
#944 = CARTESIAN_POINT('',(0.519733109159,6.261350063896));
#945 = CARTESIAN_POINT('',(0.545040078146,6.31344925335));
#946 = CARTESIAN_POINT('',(0.570038213708,6.366627433143));
#947 = CARTESIAN_POINT('',(0.626232172707,6.489538493394));
#948 = CARTESIAN_POINT('',(0.657250884486,6.55982169972));
#949 = CARTESIAN_POINT('',(0.68783267108,6.631059794392));
#950 = CARTESIAN_POINT('',(0.718013240277,6.702847193645));
#951 = CARTESIAN_POINT('',(0.74782783489,6.774814137049));
#952 = CARTESIAN_POINT('',(0.777311633105,6.846621574545));
#953 = CARTESIAN_POINT('',(0.841732070735,7.004060150637));
#954 = CARTESIAN_POINT('',(0.876538470111,7.089486428551));
#955 = CARTESIAN_POINT('',(0.910970144008,7.17365553458));
#956 = CARTESIAN_POINT('',(0.945076222785,7.256033132036));
#957 = CARTESIAN_POINT('',(0.978904731012,7.336121362133));
#958 = CARTESIAN_POINT('',(1.01250314838,7.413450305912));
#959 = CARTESIAN_POINT('',(1.082977878495,7.56976926074));
#960 = CARTESIAN_POINT('',(1.119818680002,7.648035838634));
#961 = CARTESIAN_POINT('',(1.156477548468,7.721689547087));
#962 = CARTESIAN_POINT('',(1.192989900762,7.79009526384));
#963 = CARTESIAN_POINT('',(1.229391659314,7.852668582762));
#964 = CARTESIAN_POINT('',(1.265720514133,7.908882019484));
#965 = CARTESIAN_POINT('',(1.340489099937,8.010620288666));
#966 = CARTESIAN_POINT('',(1.378924496748,8.055302015396));
#967 = CARTESIAN_POINT('',(1.417325784253,8.091700522595));
#968 = CARTESIAN_POINT('',(1.455701077184,8.119335005758));
#969 = CARTESIAN_POINT('',(1.494061992334,8.137875803614));
#970 = CARTESIAN_POINT('',(1.532422142319,8.147152240917));
#971 = CARTESIAN_POINT('',(1.609062501077,8.147152240917));
#972 = CARTESIAN_POINT('',(1.647314825834,8.137927949737));
#973 = CARTESIAN_POINT('',(1.685567920686,8.1194912521));
#974 = CARTESIAN_POINT('',(1.723835237577,8.09201092889));
#975 = CARTESIAN_POINT('',(1.762128257366,8.055813042511));
#976 = CARTESIAN_POINT('',(1.800455001572,8.011373220353));
#977 = CARTESIAN_POINT('',(1.875735644902,7.909189941966));
#978 = CARTESIAN_POINT('',(1.912686297063,7.852011437361));
#979 = CARTESIAN_POINT('',(1.949711943388,7.788254725119));
#980 = CARTESIAN_POINT('',(1.986852568133,7.718474610584));
#981 = CARTESIAN_POINT('',(2.024146644304,7.643285975933));
#982 = CARTESIAN_POINT('',(2.061631765797,7.563358454242));
#983 = CARTESIAN_POINT('',(2.16084619884,7.34251483671));
#984 = CARTESIAN_POINT('',(2.222907650083,7.195032971075));
#985 = CARTESIAN_POINT('',(2.285880098203,7.039690763616));
#986 = CARTESIAN_POINT('',(2.350100888886,6.879394813915));
#987 = CARTESIAN_POINT('',(2.415908854589,6.717463183899));
#988 = CARTESIAN_POINT('',(2.48364933922,6.557925458112));
#989 = CARTESIAN_POINT('',(2.597761763202,6.309998639333));
#990 = CARTESIAN_POINT('',(2.642853974122,6.216918067297));
#991 = CARTESIAN_POINT('',(2.688988558775,6.127944517073));
#992 = CARTESIAN_POINT('',(2.736185870752,6.044642407036));
#993 = CARTESIAN_POINT('',(2.784477081091,5.968653404047));
#994 = CARTESIAN_POINT('',(2.833905792572,5.901666620741));
#995 = CARTESIAN_POINT('',(2.920084211918,5.805856483932));
#996 = CARTESIAN_POINT('',(2.956213549373,5.771623268413));
#997 = CARTESIAN_POINT('',(2.992797938102,5.743422274636));
#998 = CARTESIAN_POINT('',(3.029727645655,5.721841102811));
#999 = CARTESIAN_POINT('',(3.066901385266,5.707292085795));
#1000 = CARTESIAN_POINT('',(3.104222053088,5.7));
#1001 = CARTESIAN_POINT('',(3.14159265359,5.7));
#1002 = ( GEOMETRIC_REPRESENTATION_CONTEXT(2) 
PARAMETRIC_REPRESENTATION_CONTEXT() REPRESENTATION_CONTEXT('2D SPACE',''
  ) );
#1003 = ORIENTED_EDGE('',*,*,#491,.F.);
#1004 = ORIENTED_EDGE('',*,*,#1005,.T.);
#1005 = EDGE_CURVE('',#395,#372,#1006,.T.);
#1006 = SURFACE_CURVE('',#1007,(#1034,#1064),.PCURVE_S1.);
#1007 = B_SPLINE_CURVE_WITH_KNOTS('',7,(#1008,#1009,#1010,#1011,#1012,
    #1013,#1014,#1015,#1016,#1017,#1018,#1019,#1020,#1021,#1022,#1023,
    #1024,#1025,#1026,#1027,#1028,#1029,#1030,#1031,#1032,#1033),
  .UNSPECIFIED.,.F.,.F.,(8,6,6,6,8),(0.,0.23829495085,0.499996066252,
    0.761712274933,1.),.UNSPECIFIED.);
#1008 = CARTESIAN_POINT('',(142.65,-3.24531401774E-16,-684.3));
#1009 = CARTESIAN_POINT('',(142.65,0.346183776111,-684.3));
#1010 = CARTESIAN_POINT('',(142.59723953326,0.682326190272,
    -684.2902223139));
#1011 = CARTESIAN_POINT('',(142.49722291918,0.999259922123,
    -684.2716899014));
#1012 = CARTESIAN_POINT('',(142.3570030284,1.289477405211,
    -684.2468834245));
#1013 = CARTESIAN_POINT('',(142.18518664821,1.54729534789,
    -684.2191065557));
#1014 = CARTESIAN_POINT('',(141.99190488171,1.769367282938,
    -684.1913548748));
#1015 = CARTESIAN_POINT('',(141.56554601784,2.159407951789,
    -684.1375184682));
#1016 = CARTESIAN_POINT('',(141.3237409169,2.326034356583,
    -684.1110214813));
#1017 = CARTESIAN_POINT('',(141.06956746529,2.456899798741,
    -684.0882483572));
#1018 = CARTESIAN_POINT('',(140.80728683422,2.553737644042,
    -684.0704663976));
#1019 = CARTESIAN_POINT('',(140.53999543933,2.617869609591,
    -684.0583721238));
#1020 = CARTESIAN_POINT('',(140.27015471427,2.65,-684.0523129768));
#1021 = CARTESIAN_POINT('',(139.72982970489,2.65,-684.0523129768));
#1022 = CARTESIAN_POINT('',(139.45998137185,2.617866017492,
    -684.0583727929));
#1023 = CARTESIAN_POINT('',(139.19269451663,2.553729742807,
    -684.0704679102));
#1024 = CARTESIAN_POINT('',(138.93042894696,2.456893869936,
    -684.0882493314));
#1025 = CARTESIAN_POINT('',(138.6762708805,2.326038309309,
    -684.1110205031));
#1026 = CARTESIAN_POINT('',(138.43446781316,2.159420604648,
    -684.1375167218));
#1027 = CARTESIAN_POINT('',(138.00810040526,1.769372119568,
    -684.1913542072));
#1028 = CARTESIAN_POINT('',(137.81481602965,1.547300169688,
    -684.2191060436));
#1029 = CARTESIAN_POINT('',(137.642994669,1.289477174221,-684.2468836776
    ));
#1030 = CARTESIAN_POINT('',(137.50277189771,0.999252024426,
    -684.2716908615));
#1031 = CARTESIAN_POINT('',(137.40275658719,0.682312062855,
    -684.290223033));
#1032 = CARTESIAN_POINT('',(137.35,0.346171077898,-684.3));
#1033 = CARTESIAN_POINT('',(137.35,4.867971026611E-16,-684.3));
#1034 = PCURVE('',#97,#1035);
#1035 = DEFINITIONAL_REPRESENTATION('',(#1036),#1063);
#1036 = B_SPLINE_CURVE_WITH_KNOTS('',7,(#1037,#1038,#1039,#1040,#1041,
    #1042,#1043,#1044,#1045,#1046,#1047,#1048,#1049,#1050,#1051,#1052,
    #1053,#1054,#1055,#1056,#1057,#1058,#1059,#1060,#1061,#1062),
  .UNSPECIFIED.,.F.,.F.,(8,6,6,6,8),(0.,0.23829495085,0.499996066252,
    0.761712274933,1.),.UNSPECIFIED.);
#1037 = CARTESIAN_POINT('',(0.,322.65));
#1038 = CARTESIAN_POINT('',(2.420865567207E-02,322.65));
#1039 = CARTESIAN_POINT('',(4.77151391996E-02,322.59723953326));
#1040 = CARTESIAN_POINT('',(6.990139369766E-02,322.49722291918));
#1041 = CARTESIAN_POINT('',(9.026013806292E-02,322.3570030284));
#1042 = CARTESIAN_POINT('',(0.108389410154,322.18518664821));
#1043 = CARTESIAN_POINT('',(0.1240383997,321.99190488171));
#1044 = CARTESIAN_POINT('',(0.151572567257,321.56554601784));
#1045 = CARTESIAN_POINT('',(0.163368683513,321.3237409169));
#1046 = CARTESIAN_POINT('',(0.172656795944,321.06956746529));
#1047 = CARTESIAN_POINT('',(0.179541790352,320.80728683422));
#1048 = CARTESIAN_POINT('',(0.184105602288,320.53999543933));
#1049 = CARTESIAN_POINT('',(0.186392084647,320.27015471427));
#1050 = CARTESIAN_POINT('',(0.186392084647,319.72982970489));
#1051 = CARTESIAN_POINT('',(0.184105346999,319.45998137185));
#1052 = CARTESIAN_POINT('',(0.17954122721,319.19269451663));
#1053 = CARTESIAN_POINT('',(0.172656376748,318.93042894696));
#1054 = CARTESIAN_POINT('',(0.163368966671,318.6762708805));
#1055 = CARTESIAN_POINT('',(0.151573460462,318.43446781316));
#1056 = CARTESIAN_POINT('',(0.124038741133,318.00810040526));
#1057 = CARTESIAN_POINT('',(0.108389749141,317.81481602965));
#1058 = CARTESIAN_POINT('',(9.026011965359E-02,317.642994669));
#1059 = CARTESIAN_POINT('',(6.990083861526E-02,317.50277189771));
#1060 = CARTESIAN_POINT('',(4.771415131637E-02,317.40275658719));
#1061 = CARTESIAN_POINT('',(2.420776768517E-02,317.35));
#1062 = CARTESIAN_POINT('',(0.,317.35));
#1063 = ( GEOMETRIC_REPRESENTATION_CONTEXT(2) 
PARAMETRIC_REPRESENTATION_CONTEXT() REPRESENTATION_CONTEXT('2D SPACE',''
  ) );
#1064 = PCURVE('',#456,#1065);
#1065 = DEFINITIONAL_REPRESENTATION('',(#1066),#1093);
#1066 = B_SPLINE_CURVE_WITH_KNOTS('',7,(#1067,#1068,#1069,#1070,#1071,
    #1072,#1073,#1074,#1075,#1076,#1077,#1078,#1079,#1080,#1081,#1082,
    #1083,#1084,#1085,#1086,#1087,#1088,#1089,#1090,#1091,#1092),
  .UNSPECIFIED.,.F.,.F.,(8,6,6,6,8),(0.,0.23829495085,0.499996066252,
    0.761712274933,1.),.UNSPECIFIED.);
#1067 = CARTESIAN_POINT('',(0.,5.7));
#1068 = CARTESIAN_POINT('',(0.130635387212,5.7));
#1069 = CARTESIAN_POINT('',(0.257481493148,5.709777686097));
#1070 = CARTESIAN_POINT('',(0.380720699745,5.728310098548));
#1071 = CARTESIAN_POINT('',(0.50021049081,5.75311657546));
#1072 = CARTESIAN_POINT('',(0.615550704373,5.780893444212));
#1073 = CARTESIAN_POINT('',(0.725929806235,5.808645125121));
#1074 = CARTESIAN_POINT('',(0.943987383575,5.862481531727));
#1075 = CARTESIAN_POINT('',(1.053754281653,5.88897851863));
#1076 = CARTESIAN_POINT('',(1.160283202466,5.911751642732));
#1077 = CARTESIAN_POINT('',(1.264428494629,5.929533602345));
#1078 = CARTESIAN_POINT('',(1.367024660969,5.941627876109));
#1079 = CARTESIAN_POINT('',(1.468851151598,5.947687023127));
#1080 = CARTESIAN_POINT('',(1.672747381551,5.947687023127));
#1081 = CARTESIAN_POINT('',(1.77457670576,5.941627207043));
#1082 = CARTESIAN_POINT('',(1.877171562323,5.929532089791));
#1083 = CARTESIAN_POINT('',(1.981311497883,5.911750668521));
#1084 = CARTESIAN_POINT('',(2.087834083684,5.888979496898));
#1085 = CARTESIAN_POINT('',(2.197598196261,5.862483278172));
#1086 = CARTESIAN_POINT('',(2.415660143371,5.80864579271));
#1087 = CARTESIAN_POINT('',(2.526039974544,5.78089395638));
#1088 = CARTESIAN_POINT('',(2.641382721762,5.753116322342));
#1089 = CARTESIAN_POINT('',(2.760875330191,5.728309138476));
#1090 = CARTESIAN_POINT('',(2.884116492797,5.709776966992));
#1091 = CARTESIAN_POINT('',(3.010962058157,5.7));
#1092 = CARTESIAN_POINT('',(3.14159265359,5.7));
#1093 = ( GEOMETRIC_REPRESENTATION_CONTEXT(2) 
PARAMETRIC_REPRESENTATION_CONTEXT() REPRESENTATION_CONTEXT('2D SPACE',''
  ) );
#1094 = ORIENTED_EDGE('',*,*,#371,.F.);
#1095 = ORIENTED_EDGE('',*,*,#1096,.T.);
#1096 = EDGE_CURVE('',#275,#252,#1097,.T.);
#1097 = SURFACE_CURVE('',#1098,(#1125,#1155),.PCURVE_S1.);
#1098 = B_SPLINE_CURVE_WITH_KNOTS('',7,(#1099,#1100,#1101,#1102,#1103,
    #1104,#1105,#1106,#1107,#1108,#1109,#1110,#1111,#1112,#1113,#1114,
    #1115,#1116,#1117,#1118,#1119,#1120,#1121,#1122,#1123,#1124),
  .UNSPECIFIED.,.F.,.F.,(8,6,6,6,8),(0.,0.238294950848,0.499996066251,
    0.761712274933,1.),.UNSPECIFIED.);
#1099 = CARTESIAN_POINT('',(-137.35,-3.24531401774E-16,-684.3));
#1100 = CARTESIAN_POINT('',(-137.35,0.346183776108,-684.3));
#1101 = CARTESIAN_POINT('',(-137.4027604667,0.682326190275,
    -684.2902223139));
#1102 = CARTESIAN_POINT('',(-137.5027770808,0.999259922124,
    -684.2716899014));
#1103 = CARTESIAN_POINT('',(-137.6429969715,1.289477405209,
    -684.2468834245));
#1104 = CARTESIAN_POINT('',(-137.8148133517,1.547295347889,
    -684.2191065557));
#1105 = CARTESIAN_POINT('',(-138.0080951182,1.76936728294,
    -684.1913548748));
#1106 = CARTESIAN_POINT('',(-138.4344539821,2.159407951789,
    -684.1375184682));
#1107 = CARTESIAN_POINT('',(-138.676259083,2.326034356584,
    -684.1110214813));
#1108 = CARTESIAN_POINT('',(-138.9304325347,2.45689979874,
    -684.0882483572));
#1109 = CARTESIAN_POINT('',(-139.1927131657,2.553737644043,
    -684.0704663976));
#1110 = CARTESIAN_POINT('',(-139.4600045606,2.617869609591,
    -684.0583721238));
#1111 = CARTESIAN_POINT('',(-139.7298452857,2.65,-684.0523129768));
#1112 = CARTESIAN_POINT('',(-140.2701702951,2.65,-684.0523129768));
#1113 = CARTESIAN_POINT('',(-140.5400186281,2.617866017492,
    -684.0583727929));
#1114 = CARTESIAN_POINT('',(-140.8073054833,2.553729742806,
    -684.0704679102));
#1115 = CARTESIAN_POINT('',(-141.069571053,2.456893869936,
    -684.0882493314));
#1116 = CARTESIAN_POINT('',(-141.3237291194,2.326038309309,
    -684.1110205031));
#1117 = CARTESIAN_POINT('',(-141.5655321868,2.159420604648,
    -684.1375167218));
#1118 = CARTESIAN_POINT('',(-141.9918995947,1.769372119568,
    -684.1913542072));
#1119 = CARTESIAN_POINT('',(-142.1851839703,1.547300169688,
    -684.2191060436));
#1120 = CARTESIAN_POINT('',(-142.3570053309,1.289477174221,
    -684.2468836776));
#1121 = CARTESIAN_POINT('',(-142.4972281022,0.999252024426,
    -684.2716908615));
#1122 = CARTESIAN_POINT('',(-142.5972434128,0.682312062855,
    -684.290223033));
#1123 = CARTESIAN_POINT('',(-142.65,0.346171077898,-684.3));
#1124 = CARTESIAN_POINT('',(-142.65,4.867971026611E-16,-684.3));
#1125 = PCURVE('',#97,#1126);
#1126 = DEFINITIONAL_REPRESENTATION('',(#1127),#1154);
#1127 = B_SPLINE_CURVE_WITH_KNOTS('',7,(#1128,#1129,#1130,#1131,#1132,
    #1133,#1134,#1135,#1136,#1137,#1138,#1139,#1140,#1141,#1142,#1143,
    #1144,#1145,#1146,#1147,#1148,#1149,#1150,#1151,#1152,#1153),
  .UNSPECIFIED.,.F.,.F.,(8,6,6,6,8),(0.,0.238294950848,0.499996066251,
    0.761712274933,1.),.UNSPECIFIED.);
#1128 = CARTESIAN_POINT('',(0.,42.65));
#1129 = CARTESIAN_POINT('',(2.420865567189E-02,42.65));
#1130 = CARTESIAN_POINT('',(4.77151391998E-02,42.597239533265));
#1131 = CARTESIAN_POINT('',(6.990139369776E-02,42.497222919187));
#1132 = CARTESIAN_POINT('',(9.026013806277E-02,42.357003028404));
#1133 = CARTESIAN_POINT('',(0.108389410153,42.185186648215));
#1134 = CARTESIAN_POINT('',(0.1240383997,41.991904881716));
#1135 = CARTESIAN_POINT('',(0.151572567257,41.56554601785));
#1136 = CARTESIAN_POINT('',(0.163368683513,41.323740916907));
#1137 = CARTESIAN_POINT('',(0.172656795944,41.0695674653));
#1138 = CARTESIAN_POINT('',(0.179541790352,40.807286834224));
#1139 = CARTESIAN_POINT('',(0.184105602288,40.539995439332));
#1140 = CARTESIAN_POINT('',(0.186392084647,40.270154714272));
#1141 = CARTESIAN_POINT('',(0.186392084647,39.729829704897));
#1142 = CARTESIAN_POINT('',(0.184105346999,39.459981371851));
#1143 = CARTESIAN_POINT('',(0.17954122721,39.192694516636));
#1144 = CARTESIAN_POINT('',(0.172656376748,38.930428946966));
#1145 = CARTESIAN_POINT('',(0.163368966671,38.676270880503));
#1146 = CARTESIAN_POINT('',(0.151573460462,38.434467813166));
#1147 = CARTESIAN_POINT('',(0.124038741133,38.008100405269));
#1148 = CARTESIAN_POINT('',(0.108389749141,37.814816029654));
#1149 = CARTESIAN_POINT('',(9.026011965359E-02,37.642994669006));
#1150 = CARTESIAN_POINT('',(6.990083861526E-02,37.502771897713));
#1151 = CARTESIAN_POINT('',(4.771415131639E-02,37.402756587192));
#1152 = CARTESIAN_POINT('',(2.420776768515E-02,37.35));
#1153 = CARTESIAN_POINT('',(0.,37.35));
#1154 = ( GEOMETRIC_REPRESENTATION_CONTEXT(2) 
PARAMETRIC_REPRESENTATION_CONTEXT() REPRESENTATION_CONTEXT('2D SPACE',''
  ) );
#1155 = PCURVE('',#336,#1156);
#1156 = DEFINITIONAL_REPRESENTATION('',(#1157),#1184);
#1157 = B_SPLINE_CURVE_WITH_KNOTS('',7,(#1158,#1159,#1160,#1161,#1162,
    #1163,#1164,#1165,#1166,#1167,#1168,#1169,#1170,#1171,#1172,#1173,
    #1174,#1175,#1176,#1177,#1178,#1179,#1180,#1181,#1182,#1183),
  .UNSPECIFIED.,.F.,.F.,(8,6,6,6,8),(0.,0.238294950848,0.499996066251,
    0.761712274933,1.),.UNSPECIFIED.);
#1158 = CARTESIAN_POINT('',(0.,5.7));
#1159 = CARTESIAN_POINT('',(0.130635387211,5.7));
#1160 = CARTESIAN_POINT('',(0.257481493149,5.709777686097));
#1161 = CARTESIAN_POINT('',(0.380720699746,5.728310098548));
#1162 = CARTESIAN_POINT('',(0.50021049081,5.75311657546));
#1163 = CARTESIAN_POINT('',(0.615550704372,5.780893444211));
#1164 = CARTESIAN_POINT('',(0.725929806235,5.808645125121));
#1165 = CARTESIAN_POINT('',(0.943987383575,5.862481531727));
#1166 = CARTESIAN_POINT('',(1.053754281653,5.88897851863));
#1167 = CARTESIAN_POINT('',(1.160283202465,5.911751642732));
#1168 = CARTESIAN_POINT('',(1.26442849463,5.929533602345));
#1169 = CARTESIAN_POINT('',(1.367024660969,5.941627876109));
#1170 = CARTESIAN_POINT('',(1.468851151598,5.947687023127));
#1171 = CARTESIAN_POINT('',(1.672747381551,5.947687023127));
#1172 = CARTESIAN_POINT('',(1.77457670576,5.941627207043));
#1173 = CARTESIAN_POINT('',(1.877171562322,5.929532089791));
#1174 = CARTESIAN_POINT('',(1.981311497883,5.911750668521));
#1175 = CARTESIAN_POINT('',(2.087834083684,5.888979496898));
#1176 = CARTESIAN_POINT('',(2.197598196261,5.862483278172));
#1177 = CARTESIAN_POINT('',(2.415660143371,5.80864579271));
#1178 = CARTESIAN_POINT('',(2.526039974544,5.780893956379));
#1179 = CARTESIAN_POINT('',(2.641382721762,5.753116322342));
#1180 = CARTESIAN_POINT('',(2.760875330191,5.728309138476));
#1181 = CARTESIAN_POINT('',(2.884116492797,5.709776966992));
#1182 = CARTESIAN_POINT('',(3.010962058157,5.7));
#1183 = CARTESIAN_POINT('',(3.14159265359,5.7));
#1184 = ( GEOMETRIC_REPRESENTATION_CONTEXT(2) 
PARAMETRIC_REPRESENTATION_CONTEXT() REPRESENTATION_CONTEXT('2D SPACE',''
  ) );
#1185 = ORIENTED_EDGE('',*,*,#251,.F.);
#1186 = ORIENTED_EDGE('',*,*,#1187,.T.);
#1187 = EDGE_CURVE('',#24,#22,#1188,.T.);
#1188 = SURFACE_CURVE('',#1189,(#1258,#1330),.PCURVE_S1.);
#1189 = B_SPLINE_CURVE_WITH_KNOTS('',7,(#1190,#1191,#1192,#1193,#1194,
    #1195,#1196,#1197,#1198,#1199,#1200,#1201,#1202,#1203,#1204,#1205,
    #1206,#1207,#1208,#1209,#1210,#1211,#1212,#1213,#1214,#1215,#1216,
    #1217,#1218,#1219,#1220,#1221,#1222,#1223,#1224,#1225,#1226,#1227,
    #1228,#1229,#1230,#1231,#1232,#1233,#1234,#1235,#1236,#1237,#1238,
    #1239,#1240,#1241,#1242,#1243,#1244,#1245,#1246,#1247,#1248,#1249,
    #1250,#1251,#1252,#1253,#1254,#1255,#1256,#1257),.UNSPECIFIED.,.F.,
  .F.,(8,6,6,6,6,6,6,6,6,6,6,8),(0.,0.109802988655,0.163011871906,
    0.230847771542,0.312728916131,0.403536970274,0.499787113399,
    0.595766345318,0.688130181699,0.838751546161,0.933479288795,1.),
  .UNSPECIFIED.);
#1190 = CARTESIAN_POINT('',(-152.,-9.797174393179E-16,-684.3));
#1191 = CARTESIAN_POINT('',(-152.,0.496285055022,-684.3));
#1192 = CARTESIAN_POINT('',(-152.0359189943,0.988806888822,
    -684.2799053086));
#1193 = CARTESIAN_POINT('',(-152.1067743298,1.472559381507,
    -684.2402665137));
#1194 = CARTESIAN_POINT('',(-152.2104432417,1.942659745451,
    -684.1826595901));
#1195 = CARTESIAN_POINT('',(-152.3436651204,2.394476985605,
    -684.1096328961));
#1196 = CARTESIAN_POINT('',(-152.5019771961,2.823748708326,
    -684.0245324979));
#1197 = CARTESIAN_POINT('',(-152.7656490643,3.421943788595,
    -683.8859811132));
#1198 = CARTESIAN_POINT('',(-152.8566196797,3.611866835753,
    -683.8386278671));
#1199 = CARTESIAN_POINT('',(-152.9521468733,3.796469758189,
    -683.7894277138));
#1200 = CARTESIAN_POINT('',(-153.0519050072,3.975777852966,
    -683.7386499361));
#1201 = CARTESIAN_POINT('',(-153.1555910815,4.149827212409,
    -683.6865507466));
#1202 = CARTESIAN_POINT('',(-153.2629243951,4.318664560295,
    -683.6333725668));
#1203 = CARTESIAN_POINT('',(-153.5148052264,4.691025617746,
    -683.5104615052));
#1204 = CARTESIAN_POINT('',(-153.6615087899,4.89138013172,
    -683.4401783016));
#1205 = CARTESIAN_POINT('',(-153.8132775848,5.083596183408,
    -683.3689402067));
#1206 = CARTESIAN_POINT('',(-153.9697026125,5.267868271616,
    -683.2971528053));
#1207 = CARTESIAN_POINT('',(-154.1304398249,5.444393025662,
    -683.2251858616));
#1208 = CARTESIAN_POINT('',(-154.2952047609,5.613362390547,
    -683.1533784267));
#1209 = CARTESIAN_POINT('',(-154.6672300091,5.970008934476,
    -682.9959398493));
#1210 = CARTESIAN_POINT('',(-154.8762526679,6.154342007488,
    -682.9105135714));
#1211 = CARTESIAN_POINT('',(-155.0903681851,6.328205989,-682.8263444654)
  );
#1212 = CARTESIAN_POINT('',(-155.3091943034,6.491829736966,
    -682.7439668679));
#1213 = CARTESIAN_POINT('',(-155.5324220803,6.645413942091,
    -682.6638786378));
#1214 = CARTESIAN_POINT('',(-155.7598044867,6.789124060487,
    -682.586549694));
#1215 = CARTESIAN_POINT('',(-156.2477069101,7.071647034276,
    -682.4302307392));
#1216 = CARTESIAN_POINT('',(-156.5091819627,7.208244264989,
    -682.3519641613));
#1217 = CARTESIAN_POINT('',(-156.7751094121,7.332920386942,
    -682.2783104529));
#1218 = CARTESIAN_POINT('',(-157.0450698567,7.445708628212,
    -682.2099047361));
#1219 = CARTESIAN_POINT('',(-157.3186846601,7.546623877971,
    -682.1473314172));
#1220 = CARTESIAN_POINT('',(-157.5956153661,7.635656567973,
    -682.0911179805));
#1221 = CARTESIAN_POINT('',(-158.172288014,7.794497709573,
    -681.9893797113));
#1222 = CARTESIAN_POINT('',(-158.4723997206,7.862833084897,
    -681.9446979846));
#1223 = CARTESIAN_POINT('',(-158.7751866694,7.91762587984,
    -681.9082994774));
#1224 = CARTESIAN_POINT('',(-159.0799764987,7.958785824066,
    -681.8806649942));
#1225 = CARTESIAN_POINT('',(-159.3861252782,7.986255972275,
    -681.8621241963));
#1226 = CARTESIAN_POINT('',(-159.6930065241,8.,-681.852847759));
#1227 = CARTESIAN_POINT('',(-160.3061293942,8.,-681.852847759));
#1228 = CARTESIAN_POINT('',(-160.6121480375,7.986333232349,
    -681.8620720502));
#1229 = CARTESIAN_POINT('',(-160.9174404748,7.959017319438,
    -681.8805087479));
#1230 = CARTESIAN_POINT('',(-161.2213850988,7.918088207146,
    -681.9079890711));
#1231 = CARTESIAN_POINT('',(-161.5233430931,7.86360232993,
    -681.9441869574));
#1232 = CARTESIAN_POINT('',(-161.8226475861,7.795649116205,
    -681.9886267796));
#1233 = CARTESIAN_POINT('',(-162.4033906113,7.636160071324,
    -682.090810058));
#1234 = CARTESIAN_POINT('',(-162.6850729576,7.545610311446,
    -682.1479885626));
#1235 = CARTESIAN_POINT('',(-162.9633205547,7.442769785343,
    -682.2117452748));
#1236 = CARTESIAN_POINT('',(-163.2377796981,7.327647316914,
    -682.2815253894));
#1237 = CARTESIAN_POINT('',(-163.5080563059,7.200224243313,
    -682.356714024));
#1238 = CARTESIAN_POINT('',(-163.7737097496,7.060463335285,
    -682.4366415457));
#1239 = CARTESIAN_POINT('',(-164.459114579,6.660207835478,
    -682.6574851645));
#1240 = CARTESIAN_POINT('',(-164.8700527745,6.379351948455,
    -682.804967026));
#1241 = CARTESIAN_POINT('',(-165.2662725814,6.064868422217,
    -682.960309238));
#1242 = CARTESIAN_POINT('',(-165.6462319561,5.715282424715,
    -683.1206051882));
#1243 = CARTESIAN_POINT('',(-166.0074179872,5.328729092,-683.2825368126)
  );
#1244 = CARTESIAN_POINT('',(-166.3460862936,4.903190369231,
    -683.4420745433));
#1245 = CARTESIAN_POINT('',(-166.8523854511,4.143554632223,
    -683.6900013606));
#1246 = CARTESIAN_POINT('',(-167.0373769758,3.833332207222,
    -683.7830819327));
#1247 = CARTESIAN_POINT('',(-167.2100250689,3.506203651835,
    -683.8720554829));
#1248 = CARTESIAN_POINT('',(-167.3684031462,3.162317715816,
    -683.9553575929));
#1249 = CARTESIAN_POINT('',(-167.5104934848,2.801967343294,
    -684.0313465959));
#1250 = CARTESIAN_POINT('',(-167.6341626201,2.425612810976,
    -684.0983333792));
#1251 = CARTESIAN_POINT('',(-167.8094414959,1.758838941371,
    -684.194143516));
#1252 = CARTESIAN_POINT('',(-167.8715162674,1.476302312938,
    -684.2283767315));
#1253 = CARTESIAN_POINT('',(-167.9222907607,1.187638163547,
    -684.2565777253));
#1254 = CARTESIAN_POINT('',(-167.9609590302,0.89423807433,
    -684.2781588971));
#1255 = CARTESIAN_POINT('',(-167.9869653958,0.597530158063,
    -684.2927079142));
#1256 = CARTESIAN_POINT('',(-168.,0.298964804015,-684.3));
#1257 = CARTESIAN_POINT('',(-168.,1.469576158977E-15,-684.3));
#1258 = PCURVE('',#97,#1259);
#1259 = DEFINITIONAL_REPRESENTATION('',(#1260),#1329);
#1260 = B_SPLINE_CURVE_WITH_KNOTS('',7,(#1261,#1262,#1263,#1264,#1265,
    #1266,#1267,#1268,#1269,#1270,#1271,#1272,#1273,#1274,#1275,#1276,
    #1277,#1278,#1279,#1280,#1281,#1282,#1283,#1284,#1285,#1286,#1287,
    #1288,#1289,#1290,#1291,#1292,#1293,#1294,#1295,#1296,#1297,#1298,
    #1299,#1300,#1301,#1302,#1303,#1304,#1305,#1306,#1307,#1308,#1309,
    #1310,#1311,#1312,#1313,#1314,#1315,#1316,#1317,#1318,#1319,#1320,
    #1321,#1322,#1323,#1324,#1325,#1326,#1327,#1328),.UNSPECIFIED.,.F.,
  .F.,(8,6,6,6,6,6,6,6,6,6,6,8),(0.,0.109802988655,0.163011871906,
    0.230847771542,0.312728916131,0.403536970274,0.499787113399,
    0.595766345318,0.688130181699,0.838751546161,0.933479288795,1.),
  .UNSPECIFIED.);
#1261 = CARTESIAN_POINT('',(0.,28.));
#1262 = CARTESIAN_POINT('',(3.470524860292E-02,28.));
#1263 = CARTESIAN_POINT('',(6.914738085271E-02,27.964081005615));
#1264 = CARTESIAN_POINT('',(0.103044339462,27.893225670128));
#1265 = CARTESIAN_POINT('',(0.136118885822,27.789556758255));
#1266 = CARTESIAN_POINT('',(0.168091335627,27.65633487958));
#1267 = CARTESIAN_POINT('',(0.198679008109,27.498022803872));
#1268 = CARTESIAN_POINT('',(0.241618225855,27.234350935629));
#1269 = CARTESIAN_POINT('',(0.255304231094,27.143380320271));
#1270 = CARTESIAN_POINT('',(0.268661433029,27.047853126677));
#1271 = CARTESIAN_POINT('',(0.281690852645,26.948094992728));
#1272 = CARTESIAN_POINT('',(0.294393614416,26.844408918467));
#1273 = CARTESIAN_POINT('',(0.306771057245,26.737075604837));
#1274 = CARTESIAN_POINT('',(0.334192196037,26.48519477356));
#1275 = CARTESIAN_POINT('',(0.34903750731,26.338491210002));
#1276 = CARTESIAN_POINT('',(0.363369217578,26.186722415108));
#1277 = CARTESIAN_POINT('',(0.377195496388,26.030297387476));
#1278 = CARTESIAN_POINT('',(0.390523982468,25.869560175012));
#1279 = CARTESIAN_POINT('',(0.403361521683,25.704795239021));
#1280 = CARTESIAN_POINT('',(0.430623816887,25.33276999081));
#1281 = CARTESIAN_POINT('',(0.444828855748,25.12374733201));
#1282 = CARTESIAN_POINT('',(0.458334027228,24.909631814854));
#1283 = CARTESIAN_POINT('',(0.47114204089,24.690805696537));
#1284 = CARTESIAN_POINT('',(0.483253060322,24.467577919631));
#1285 = CARTESIAN_POINT('',(0.494664453221,24.240195513245));
#1286 = CARTESIAN_POINT('',(0.517243837184,23.752293089891));
#1287 = CARTESIAN_POINT('',(0.528251759881,23.490818037299));
#1288 = CARTESIAN_POINT('',(0.538376802369,23.224890587885));
#1289 = CARTESIAN_POINT('',(0.547600449822,22.954930143225));
#1290 = CARTESIAN_POINT('',(0.55590353094,22.681315339807));
#1291 = CARTESIAN_POINT('',(0.563266569105,22.404384633834));
#1292 = CARTESIAN_POINT('',(0.576457460917,21.827711985948));
#1293 = CARTESIAN_POINT('',(0.582166764392,21.527600279325));
#1294 = CARTESIAN_POINT('',(0.586766689846,21.224813330579));
#1295 = CARTESIAN_POINT('',(0.590233545818,20.920023501292));
#1296 = CARTESIAN_POINT('',(0.592551149312,20.613874721707));
#1297 = CARTESIAN_POINT('',(0.59371070286,20.306993475808));
#1298 = CARTESIAN_POINT('',(0.59371070286,19.69387060574));
#1299 = CARTESIAN_POINT('',(0.592557667554,19.387851962486));
#1300 = CARTESIAN_POINT('',(0.590253076666,19.082559525121));
#1301 = CARTESIAN_POINT('',(0.586805631292,18.778614901188));
#1302 = CARTESIAN_POINT('',(0.582231344339,18.476656906801));
#1303 = CARTESIAN_POINT('',(0.576553661832,18.177352413822));
#1304 = CARTESIAN_POINT('',(0.563307832606,17.596609388692));
#1305 = CARTESIAN_POINT('',(0.555819066714,17.314927042331));
#1306 = CARTESIAN_POINT('',(0.547357975302,17.036679445239));
#1307 = CARTESIAN_POINT('',(0.537944972371,16.762220301823));
#1308 = CARTESIAN_POINT('',(0.527600031905,16.491943694002));
#1309 = CARTESIAN_POINT('',(0.516342491734,16.226290250338));
#1310 = CARTESIAN_POINT('',(0.484374706264,15.540885420921));
#1311 = CARTESIAN_POINT('',(0.462195954446,15.129947225439));
#1312 = CARTESIAN_POINT('',(0.437679989568,14.733727418511));
#1313 = CARTESIAN_POINT('',(0.410808317234,14.35376804385));
#1314 = CARTESIAN_POINT('',(0.381531263106,13.992582012736));
#1315 = CARTESIAN_POINT('',(0.349780391818,13.653913706324));
#1316 = CARTESIAN_POINT('',(0.293901314183,13.147614548874));
#1317 = CARTESIAN_POINT('',(0.271258477954,12.962623024158));
#1318 = CARTESIAN_POINT('',(0.247564437087,12.789974931007));
#1319 = CARTESIAN_POINT('',(0.222839345033,12.631596853736));
#1320 = CARTESIAN_POINT('',(0.19710577937,12.489506515114));
#1321 = CARTESIAN_POINT('',(0.170388584717,12.365837379875));
#1322 = CARTESIAN_POINT('',(0.123282131602,12.190558504019));
#1323 = CARTESIAN_POINT('',(0.10338469949,12.12848373253));
#1324 = CARTESIAN_POINT('',(8.311114915617E-02,12.077709239204));
#1325 = CARTESIAN_POINT('',(6.254904939289E-02,12.039040969794));
#1326 = CARTESIAN_POINT('',(4.178532855273E-02,12.013034604191));
#1327 = CARTESIAN_POINT('',(2.090662965137E-02,12.));
#1328 = CARTESIAN_POINT('',(0.,12.));
#1329 = ( GEOMETRIC_REPRESENTATION_CONTEXT(2) 
PARAMETRIC_REPRESENTATION_CONTEXT() REPRESENTATION_CONTEXT('2D SPACE',''
  ) );
#1330 = PCURVE('',#174,#1331);
#1331 = DEFINITIONAL_REPRESENTATION('',(#1332),#1401);
#1332 = B_SPLINE_CURVE_WITH_KNOTS('',7,(#1333,#1334,#1335,#1336,#1337,
    #1338,#1339,#1340,#1341,#1342,#1343,#1344,#1345,#1346,#1347,#1348,
    #1349,#1350,#1351,#1352,#1353,#1354,#1355,#1356,#1357,#1358,#1359,
    #1360,#1361,#1362,#1363,#1364,#1365,#1366,#1367,#1368,#1369,#1370,
    #1371,#1372,#1373,#1374,#1375,#1376,#1377,#1378,#1379,#1380,#1381,
    #1382,#1383,#1384,#1385,#1386,#1387,#1388,#1389,#1390,#1391,#1392,
    #1393,#1394,#1395,#1396,#1397,#1398,#1399,#1400),.UNSPECIFIED.,.F.,
  .F.,(8,6,6,6,6,6,6,6,6,6,6,8),(0.,0.109802988655,0.163011871906,
    0.230847771542,0.312728916131,0.403536970274,0.499787113399,
    0.595766345318,0.688130181699,0.838751546161,0.933479288795,1.),
  .UNSPECIFIED.);
#1333 = CARTESIAN_POINT('',(0.,5.7));
#1334 = CARTESIAN_POINT('',(6.203563187772E-02,5.7));
#1335 = CARTESIAN_POINT('',(0.123600832834,5.720094691342));
#1336 = CARTESIAN_POINT('',(0.184459959737,5.759733486221));
#1337 = CARTESIAN_POINT('',(0.244365443308,5.817340409823));
#1338 = CARTESIAN_POINT('',(0.303034068027,5.890367103842));
#1339 = CARTESIAN_POINT('',(0.360116403757,5.975467502042));
#1340 = CARTESIAN_POINT('',(0.441832395169,6.114018886764));
#1341 = CARTESIAN_POINT('',(0.468142549561,6.161372132899));
#1342 = CARTESIAN_POINT('',(0.494104882186,6.210572286113));
#1343 = CARTESIAN_POINT('',(0.519733109159,6.261350063896));
#1344 = CARTESIAN_POINT('',(0.545040078146,6.31344925335));
#1345 = CARTESIAN_POINT('',(0.570038213708,6.366627433143));
#1346 = CARTESIAN_POINT('',(0.62623217333,6.489538494756));
#1347 = CARTESIAN_POINT('',(0.657250883915,6.559821698383));
#1348 = CARTESIAN_POINT('',(0.687832670585,6.631059793297));
#1349 = CARTESIAN_POINT('',(0.718013240705,6.702847194691));
#1350 = CARTESIAN_POINT('',(0.747827835473,6.77481413839));
#1351 = CARTESIAN_POINT('',(0.777311632571,6.84662157324));
#1352 = CARTESIAN_POINT('',(0.841732070734,7.004060150637));
#1353 = CARTESIAN_POINT('',(0.876538470111,7.089486428551));
#1354 = CARTESIAN_POINT('',(0.910970144008,7.17365553458));
#1355 = CARTESIAN_POINT('',(0.945076222785,7.256033132037));
#1356 = CARTESIAN_POINT('',(0.978904731012,7.336121362133));
#1357 = CARTESIAN_POINT('',(1.01250314838,7.413450305912));
#1358 = CARTESIAN_POINT('',(1.082977878496,7.569769260741));
#1359 = CARTESIAN_POINT('',(1.119818680002,7.648035838634));
#1360 = CARTESIAN_POINT('',(1.156477548468,7.721689547088));
#1361 = CARTESIAN_POINT('',(1.192989900763,7.790095263841));
#1362 = CARTESIAN_POINT('',(1.229391659315,7.852668582763));
#1363 = CARTESIAN_POINT('',(1.265720514133,7.908882019484));
#1364 = CARTESIAN_POINT('',(1.340489099938,8.010620288666));
#1365 = CARTESIAN_POINT('',(1.378924496748,8.055302015396));
#1366 = CARTESIAN_POINT('',(1.417325784253,8.091700522595));
#1367 = CARTESIAN_POINT('',(1.455701077185,8.119335005758));
#1368 = CARTESIAN_POINT('',(1.494061992334,8.137875803614));
#1369 = CARTESIAN_POINT('',(1.532422142319,8.147152240917));
#1370 = CARTESIAN_POINT('',(1.609062501077,8.147152240917));
#1371 = CARTESIAN_POINT('',(1.647314825834,8.137927949737));
#1372 = CARTESIAN_POINT('',(1.685567920686,8.1194912521));
#1373 = CARTESIAN_POINT('',(1.723835237577,8.092010928889));
#1374 = CARTESIAN_POINT('',(1.762128257366,8.055813042511));
#1375 = CARTESIAN_POINT('',(1.800455001572,8.011373220352));
#1376 = CARTESIAN_POINT('',(1.875735644904,7.909189941963));
#1377 = CARTESIAN_POINT('',(1.912686297064,7.85201143736));
#1378 = CARTESIAN_POINT('',(1.949711943387,7.788254725121));
#1379 = CARTESIAN_POINT('',(1.986852568132,7.718474610587));
#1380 = CARTESIAN_POINT('',(2.024146644304,7.643285975933));
#1381 = CARTESIAN_POINT('',(2.061631765799,7.563358454237));
#1382 = CARTESIAN_POINT('',(2.160846199392,7.342514835482));
#1383 = CARTESIAN_POINT('',(2.222907648803,7.195032973989));
#1384 = CARTESIAN_POINT('',(2.285880098895,7.039690761971));
#1385 = CARTESIAN_POINT('',(2.350100889888,6.879394811745));
#1386 = CARTESIAN_POINT('',(2.415908853033,6.717463187321));
#1387 = CARTESIAN_POINT('',(2.483649339897,6.557925456641));
#1388 = CARTESIAN_POINT('',(2.597761763202,6.309998639332));
#1389 = CARTESIAN_POINT('',(2.642853974123,6.216918067295));
#1390 = CARTESIAN_POINT('',(2.688988558776,6.127944517071));
#1391 = CARTESIAN_POINT('',(2.736185870753,6.044642407035));
#1392 = CARTESIAN_POINT('',(2.784477081092,5.968653404046));
#1393 = CARTESIAN_POINT('',(2.833905792573,5.90166662074));
#1394 = CARTESIAN_POINT('',(2.920084211919,5.805856483931));
#1395 = CARTESIAN_POINT('',(2.956213549374,5.771623268412));
#1396 = CARTESIAN_POINT('',(2.992797938103,5.743422274636));
#1397 = CARTESIAN_POINT('',(3.029727645656,5.721841102811));
#1398 = CARTESIAN_POINT('',(3.066901385266,5.707292085795));
#1399 = CARTESIAN_POINT('',(3.104222053088,5.7));
#1400 = CARTESIAN_POINT('',(3.14159265359,5.7));
#1401 = ( GEOMETRIC_REPRESENTATION_CONTEXT(2) 
PARAMETRIC_REPRESENTATION_CONTEXT() REPRESENTATION_CONTEXT('2D SPACE',''
  ) );
#1402 = ORIENTED_EDGE('',*,*,#1403,.F.);
#1403 = EDGE_CURVE('',#1404,#22,#1406,.T.);
#1404 = VERTEX_POINT('',#1405);
#1405 = CARTESIAN_POINT('',(-180.,-3.502489845561E-15,-684.3));
#1406 = SEAM_CURVE('',#1407,(#1411,#1418),.PCURVE_S1.);
#1407 = LINE('',#1408,#1409);
#1408 = CARTESIAN_POINT('',(-180.,-3.502489845561E-15,-684.3));
#1409 = VECTOR('',#1410,1.);
#1410 = DIRECTION('',(1.,0.,2.22044604925E-16));
#1411 = PCURVE('',#97,#1412);
#1412 = DEFINITIONAL_REPRESENTATION('',(#1413),#1417);
#1413 = LINE('',#1414,#1415);
#1414 = CARTESIAN_POINT('',(6.28318530718,-0.));
#1415 = VECTOR('',#1416,1.);
#1416 = DIRECTION('',(0.,1.));
#1417 = ( GEOMETRIC_REPRESENTATION_CONTEXT(2) 
PARAMETRIC_REPRESENTATION_CONTEXT() REPRESENTATION_CONTEXT('2D SPACE',''
  ) );
#1418 = PCURVE('',#97,#1419);
#1419 = DEFINITIONAL_REPRESENTATION('',(#1420),#1424);
#1420 = LINE('',#1421,#1422);
#1421 = CARTESIAN_POINT('',(0.,-0.));
#1422 = VECTOR('',#1423,1.);
#1423 = DIRECTION('',(0.,1.));
#1424 = ( GEOMETRIC_REPRESENTATION_CONTEXT(2) 
PARAMETRIC_REPRESENTATION_CONTEXT() REPRESENTATION_CONTEXT('2D SPACE',''
  ) );
#1425 = ORIENTED_EDGE('',*,*,#1426,.T.);
#1426 = EDGE_CURVE('',#1404,#1404,#1427,.T.);
#1427 = SURFACE_CURVE('',#1428,(#1433,#1440),.PCURVE_S1.);
#1428 = CIRCLE('',#1429,14.3);
#1429 = AXIS2_PLACEMENT_3D('',#1430,#1431,#1432);
#1430 = CARTESIAN_POINT('',(-180.,0.,-670.));
#1431 = DIRECTION('',(1.,-0.,2.22044604925E-16));
#1432 = DIRECTION('',(2.22044604925E-16,0.,-1.));
#1433 = PCURVE('',#97,#1434);
#1434 = DEFINITIONAL_REPRESENTATION('',(#1435),#1439);
#1435 = LINE('',#1436,#1437);
#1436 = CARTESIAN_POINT('',(0.,0.));
#1437 = VECTOR('',#1438,1.);
#1438 = DIRECTION('',(1.,0.));
#1439 = ( GEOMETRIC_REPRESENTATION_CONTEXT(2) 
PARAMETRIC_REPRESENTATION_CONTEXT() REPRESENTATION_CONTEXT('2D SPACE',''
  ) );
#1440 = PCURVE('',#1441,#1446);
#1441 = PLANE('',#1442);
#1442 = AXIS2_PLACEMENT_3D('',#1443,#1444,#1445);
#1443 = CARTESIAN_POINT('',(-180.,0.,-670.));
#1444 = DIRECTION('',(1.,0.,2.22044604925E-16));
#1445 = DIRECTION('',(2.22044604925E-16,0.,-1.));
#1446 = DEFINITIONAL_REPRESENTATION('',(#1447),#1451);
#1447 = CIRCLE('',#1448,14.3);
#1448 = AXIS2_PLACEMENT_2D('',#1449,#1450);
#1449 = CARTESIAN_POINT('',(0.,0.));
#1450 = DIRECTION('',(1.,0.));
#1451 = ( GEOMETRIC_REPRESENTATION_CONTEXT(2) 
PARAMETRIC_REPRESENTATION_CONTEXT() REPRESENTATION_CONTEXT('2D SPACE',''
  ) );
#1452 = ORIENTED_EDGE('',*,*,#1403,.T.);
#1453 = FACE_BOUND('',#1454,.T.);
#1454 = EDGE_LOOP('',(#1455));
#1455 = ORIENTED_EDGE('',*,*,#1456,.F.);
#1456 = EDGE_CURVE('',#1457,#1457,#1459,.T.);
#1457 = VERTEX_POINT('',#1458);
#1458 = CARTESIAN_POINT('',(-152.,-1.959434878636E-15,-655.7));
#1459 = SURFACE_CURVE('',#1460,(#1595,#1733),.PCURVE_S1.);
#1460 = B_SPLINE_CURVE_WITH_KNOTS('',7,(#1461,#1462,#1463,#1464,#1465,
    #1466,#1467,#1468,#1469,#1470,#1471,#1472,#1473,#1474,#1475,#1476,
    #1477,#1478,#1479,#1480,#1481,#1482,#1483,#1484,#1485,#1486,#1487,
    #1488,#1489,#1490,#1491,#1492,#1493,#1494,#1495,#1496,#1497,#1498,
    #1499,#1500,#1501,#1502,#1503,#1504,#1505,#1506,#1507,#1508,#1509,
    #1510,#1511,#1512,#1513,#1514,#1515,#1516,#1517,#1518,#1519,#1520,
    #1521,#1522,#1523,#1524,#1525,#1526,#1527,#1528,#1529,#1530,#1531,
    #1532,#1533,#1534,#1535,#1536,#1537,#1538,#1539,#1540,#1541,#1542,
    #1543,#1544,#1545,#1546,#1547,#1548,#1549,#1550,#1551,#1552,#1553,
    #1554,#1555,#1556,#1557,#1558,#1559,#1560,#1561,#1562,#1563,#1564,
    #1565,#1566,#1567,#1568,#1569,#1570,#1571,#1572,#1573,#1574,#1575,
    #1576,#1577,#1578,#1579,#1580,#1581,#1582,#1583,#1584,#1585,#1586,
    #1587,#1588,#1589,#1590,#1591,#1592,#1593,#1594),.UNSPECIFIED.,.T.,
  .F.,(8,6,6,6,6,6,6,6,6,6,6,6,6,6,6,6,6,6,6,6,6,6,8),(0.,
    5.497306434308E-02,8.161218769017E-02,0.115574352495,0.156568293994,
    0.202031509915,0.25021931749,0.298271493726,0.344513615301,
    0.419922472805,0.467348087833,0.522747051413,0.555615931738,
    0.582177670066,0.616041177536,0.656916035336,0.702247183538,
    0.750295008629,0.798207596381,0.844315387102,0.919505186055,
    0.966793031843,1.),.UNSPECIFIED.);
#1461 = CARTESIAN_POINT('',(-152.,0.,-655.7));
#1462 = CARTESIAN_POINT('',(-152.,0.496285054425,-655.7));
#1463 = CARTESIAN_POINT('',(-152.0359189943,0.988806888739,
    -655.7200946912));
#1464 = CARTESIAN_POINT('',(-152.1067743299,1.47255938196,
    -655.7597334862));
#1465 = CARTESIAN_POINT('',(-152.2104432419,1.94265974592,
    -655.8173404099));
#1466 = CARTESIAN_POINT('',(-152.3436651204,2.394476985567,
    -655.8903671038));
#1467 = CARTESIAN_POINT('',(-152.5019771958,2.823748707784,
    -655.9754675019));
#1468 = CARTESIAN_POINT('',(-152.7656490643,3.421943788595,
    -656.1140188867));
#1469 = CARTESIAN_POINT('',(-152.8566196797,3.611866835753,
    -656.1613721328));
#1470 = CARTESIAN_POINT('',(-152.9521468733,3.796469758189,
    -656.2105722861));
#1471 = CARTESIAN_POINT('',(-153.0519050072,3.975777852966,
    -656.2613500638));
#1472 = CARTESIAN_POINT('',(-153.1555910815,4.149827212409,
    -656.3134492533));
#1473 = CARTESIAN_POINT('',(-153.2629243951,4.318664560295,
    -656.3666274331));
#1474 = CARTESIAN_POINT('',(-153.5148052236,4.691025613621,
    -656.4895384933));
#1475 = CARTESIAN_POINT('',(-153.6615087929,4.891380135154,
    -656.5598216997));
#1476 = CARTESIAN_POINT('',(-153.8132775871,5.083596186662,
    -656.6310597943));
#1477 = CARTESIAN_POINT('',(-153.96970261,5.267868269231,-656.7028471936
    ));
#1478 = CARTESIAN_POINT('',(-154.130439822,5.444393022061,-656.774814137
    ));
#1479 = CARTESIAN_POINT('',(-154.295204764,5.613362393502,
    -656.8466215745));
#1480 = CARTESIAN_POINT('',(-154.6672300035,5.970008929109,
    -657.0040601482));
#1481 = CARTESIAN_POINT('',(-154.8762526738,6.154342011759,
    -657.0894864306));
#1482 = CARTESIAN_POINT('',(-155.0903681896,6.328205993221,
    -657.1736555364));
#1483 = CARTESIAN_POINT('',(-155.3091942986,6.491829734124,
    -657.2560331304));
#1484 = CARTESIAN_POINT('',(-155.5324220745,6.645413937545,
    -657.3361213599));
#1485 = CARTESIAN_POINT('',(-155.7598044927,6.789124063982,
    -657.4134503078));
#1486 = CARTESIAN_POINT('',(-156.2477069101,7.071647034275,
    -657.5697692607));
#1487 = CARTESIAN_POINT('',(-156.5091819627,7.208244264989,
    -657.6480358386));
#1488 = CARTESIAN_POINT('',(-156.7751094121,7.332920386942,
    -657.721689547));
#1489 = CARTESIAN_POINT('',(-157.0450698567,7.445708628212,
    -657.7900952638));
#1490 = CARTESIAN_POINT('',(-157.3186846601,7.546623877971,
    -657.8526685827));
#1491 = CARTESIAN_POINT('',(-157.5956153661,7.635656567973,
    -657.9088820194));
#1492 = CARTESIAN_POINT('',(-158.172288014,7.794497709573,
    -658.0106202886));
#1493 = CARTESIAN_POINT('',(-158.4723997206,7.862833084897,
    -658.0553020153));
#1494 = CARTESIAN_POINT('',(-158.7751866694,7.91762587984,
    -658.0917005225));
#1495 = CARTESIAN_POINT('',(-159.0799764987,7.958785824066,
    -658.1193350057));
#1496 = CARTESIAN_POINT('',(-159.3861252782,7.986255972275,
    -658.1378758036));
#1497 = CARTESIAN_POINT('',(-159.6930065241,8.,-658.1471522409));
#1498 = CARTESIAN_POINT('',(-160.3061293996,8.,-658.1471522409));
#1499 = CARTESIAN_POINT('',(-160.6121480321,7.986333231872,
    -658.1379279494));
#1500 = CARTESIAN_POINT('',(-160.9174404707,7.959017320576,
    -658.1194912528));
#1501 = CARTESIAN_POINT('',(-161.221385103,7.918088207154,
    -658.0920109288));
#1502 = CARTESIAN_POINT('',(-161.5233430983,7.86360232804,
    -658.0558130412));
#1503 = CARTESIAN_POINT('',(-161.822647581,7.795649117612,
    -658.0113732212));
#1504 = CARTESIAN_POINT('',(-162.4033906141,7.636160070542,
    -657.9091899414));
#1505 = CARTESIAN_POINT('',(-162.6850729549,7.545610312668,
    -657.852011438));
#1506 = CARTESIAN_POINT('',(-162.9633205524,7.442769785994,
    -657.7882547255));
#1507 = CARTESIAN_POINT('',(-163.2377797003,7.327647315702,
    -657.7184746099));
#1508 = CARTESIAN_POINT('',(-163.5080563087,7.200224242207,
    -657.6432859752));
#1509 = CARTESIAN_POINT('',(-163.773709747,7.060463336836,-657.563358455
    ));
#1510 = CARTESIAN_POINT('',(-164.459114579,6.660207835478,
    -657.3425148354));
#1511 = CARTESIAN_POINT('',(-164.8700527745,6.379351948454,
    -657.1950329739));
#1512 = CARTESIAN_POINT('',(-165.2662725814,6.06486842222,
    -657.0396907619));
#1513 = CARTESIAN_POINT('',(-165.6462319561,5.715282424712,
    -656.8793948117));
#1514 = CARTESIAN_POINT('',(-166.0074179872,5.328729092002,
    -656.7174631873));
#1515 = CARTESIAN_POINT('',(-166.3460862936,4.903190369231,
    -656.5579254566));
#1516 = CARTESIAN_POINT('',(-166.8523854511,4.143554632223,
    -656.3099986393));
#1517 = CARTESIAN_POINT('',(-167.0373769758,3.833332207221,
    -656.2169180672));
#1518 = CARTESIAN_POINT('',(-167.2100250689,3.506203651836,
    -656.127944517));
#1519 = CARTESIAN_POINT('',(-167.3684031462,3.162317715816,
    -656.044642407));
#1520 = CARTESIAN_POINT('',(-167.5104934848,2.801967343294,
    -655.968653404));
#1521 = CARTESIAN_POINT('',(-167.6341626201,2.425612810976,
    -655.9016666207));
#1522 = CARTESIAN_POINT('',(-167.857414526,1.576345970021,
    -655.7796336858));
#1523 = CARTESIAN_POINT('',(-167.9497200384,1.096821098132,
    -655.7283419403));
#1524 = CARTESIAN_POINT('',(-168.0085722829,0.602345315081,
    -655.695216271));
#1525 = CARTESIAN_POINT('',(-168.0308788402,0.100324886331,
    -655.6826145786));
#1526 = CARTESIAN_POINT('',(-168.0157640799,-0.401646600127,
    -655.6912178985));
#1527 = CARTESIAN_POINT('',(-167.9645484171,-0.896003500142,
    -655.7199728118));
#1528 = CARTESIAN_POINT('',(-167.8312299191,-1.65988405072,
    -655.793788225));
#1529 = CARTESIAN_POINT('',(-167.7702253728,-1.938701004449,
    -655.8274247696));
#1530 = CARTESIAN_POINT('',(-167.6985310071,-2.211221693458,
    -655.866723959));
#1531 = CARTESIAN_POINT('',(-167.6168751825,-2.47682923658,
    -655.9111345281));
#1532 = CARTESIAN_POINT('',(-167.5260502473,-2.734952116106,
    -655.9600521318));
#1533 = CARTESIAN_POINT('',(-167.4269182009,-2.985064452434,
    -656.0128307643));
#1534 = CARTESIAN_POINT('',(-167.2343509356,-3.421943788595,
    -656.1140188867));
#1535 = CARTESIAN_POINT('',(-167.1433803202,-3.611866835753,
    -656.1613721328));
#1536 = CARTESIAN_POINT('',(-167.0478531266,-3.796469758189,
    -656.2105722861));
#1537 = CARTESIAN_POINT('',(-166.9480949927,-3.975777852966,
    -656.2613500638));
#1538 = CARTESIAN_POINT('',(-166.8444089184,-4.149827212409,
    -656.3134492533));
#1539 = CARTESIAN_POINT('',(-166.7370756048,-4.318664560295,
    -656.3666274331));
#1540 = CARTESIAN_POINT('',(-166.4851947735,-4.691025617746,
    -656.4895384947));
#1541 = CARTESIAN_POINT('',(-166.33849121,-4.89138013172,-656.5598216983
    ));
#1542 = CARTESIAN_POINT('',(-166.1867224151,-5.083596183408,
    -656.6310597932));
#1543 = CARTESIAN_POINT('',(-166.0302973874,-5.267868271616,
    -656.7028471946));
#1544 = CARTESIAN_POINT('',(-165.869560175,-5.444393025662,
    -656.7748141383));
#1545 = CARTESIAN_POINT('',(-165.704795239,-5.613362390547,
    -656.8466215732));
#1546 = CARTESIAN_POINT('',(-165.3327699908,-5.970008934476,
    -657.0040601506));
#1547 = CARTESIAN_POINT('',(-165.123747332,-6.154342007488,
    -657.0894864285));
#1548 = CARTESIAN_POINT('',(-164.9096318148,-6.328205989,-657.1736555345
    ));
#1549 = CARTESIAN_POINT('',(-164.6908056965,-6.491829736966,
    -657.256033132));
#1550 = CARTESIAN_POINT('',(-164.4675779196,-6.645413942091,
    -657.3361213621));
#1551 = CARTESIAN_POINT('',(-164.2401955132,-6.789124060487,
    -657.4134503059));
#1552 = CARTESIAN_POINT('',(-163.7522930898,-7.071647034276,
    -657.5697692607));
#1553 = CARTESIAN_POINT('',(-163.4908180372,-7.208244264989,
    -657.6480358386));
#1554 = CARTESIAN_POINT('',(-163.2248905878,-7.332920386943,
    -657.721689547));
#1555 = CARTESIAN_POINT('',(-162.9549301432,-7.445708628212,
    -657.7900952638));
#1556 = CARTESIAN_POINT('',(-162.6813153398,-7.546623877971,
    -657.8526685827));
#1557 = CARTESIAN_POINT('',(-162.4043846338,-7.635656567973,
    -657.9088820194));
#1558 = CARTESIAN_POINT('',(-161.8277119859,-7.794497709573,
    -658.0106202886));
#1559 = CARTESIAN_POINT('',(-161.5276002793,-7.862833084897,
    -658.0553020153));
#1560 = CARTESIAN_POINT('',(-161.2248133305,-7.91762587984,
    -658.0917005225));
#1561 = CARTESIAN_POINT('',(-160.9200235012,-7.958785824066,
    -658.1193350057));
#1562 = CARTESIAN_POINT('',(-160.6138747217,-7.986255972275,
    -658.1378758036));
#1563 = CARTESIAN_POINT('',(-160.3069934758,-8.,-658.1471522409));
#1564 = CARTESIAN_POINT('',(-159.6938706003,-8.,-658.1471522409));
#1565 = CARTESIAN_POINT('',(-159.3878519678,-7.986333231872,
    -658.1379279494));
#1566 = CARTESIAN_POINT('',(-159.0825595292,-7.959017320576,
    -658.1194912528));
#1567 = CARTESIAN_POINT('',(-158.7786148969,-7.918088207154,
    -658.0920109288));
#1568 = CARTESIAN_POINT('',(-158.4766569016,-7.86360232804,
    -658.0558130412));
#1569 = CARTESIAN_POINT('',(-158.1773524189,-7.795649117612,
    -658.0113732212));
#1570 = CARTESIAN_POINT('',(-157.5966093887,-7.636160071328,
    -657.9091899419));
#1571 = CARTESIAN_POINT('',(-157.3149270423,-7.545610311448,
    -657.8520114373));
#1572 = CARTESIAN_POINT('',(-157.0366794452,-7.442769785339,
    -657.7882547251));
#1573 = CARTESIAN_POINT('',(-156.7622203018,-7.327647316908,
    -657.7184746105));
#1574 = CARTESIAN_POINT('',(-156.491943694,-7.200224243313,
    -657.6432859759));
#1575 = CARTESIAN_POINT('',(-156.2262902503,-7.060463335293,
    -657.5633584542));
#1576 = CARTESIAN_POINT('',(-155.5408854247,-6.660207837703,
    -657.3425148367));
#1577 = CARTESIAN_POINT('',(-155.129947216,-6.379351943844,
    -657.195032971));
#1578 = CARTESIAN_POINT('',(-154.7337274258,-6.064868422325,
    -657.0396907636));
#1579 = CARTESIAN_POINT('',(-154.353768046,-5.715282433859,
    -656.8793948139));
#1580 = CARTESIAN_POINT('',(-153.9925820062,-5.328729081101,
    -656.7174631838));
#1581 = CARTESIAN_POINT('',(-153.6539137093,-4.903190373735,
    -656.5579254581));
#1582 = CARTESIAN_POINT('',(-153.1476145488,-4.143554632223,
    -656.3099986393));
#1583 = CARTESIAN_POINT('',(-152.9626230241,-3.833332207222,
    -656.2169180672));
#1584 = CARTESIAN_POINT('',(-152.789974931,-3.506203651835,
    -656.127944517));
#1585 = CARTESIAN_POINT('',(-152.6315968537,-3.162317715816,
    -656.044642407));
#1586 = CARTESIAN_POINT('',(-152.4895065151,-2.801967343294,
    -655.968653404));
#1587 = CARTESIAN_POINT('',(-152.3658373798,-2.425612810976,
    -655.9016666207));
#1588 = CARTESIAN_POINT('',(-152.190558504,-1.758838941372,
    -655.8058564839));
#1589 = CARTESIAN_POINT('',(-152.1284837325,-1.476302312937,
    -655.7716232684));
#1590 = CARTESIAN_POINT('',(-152.0777092392,-1.187638163547,
    -655.7434222746));
#1591 = CARTESIAN_POINT('',(-152.0390409697,-0.894238074331,
    -655.7218411028));
#1592 = CARTESIAN_POINT('',(-152.0130346041,-0.597530158063,
    -655.7072920857));
#1593 = CARTESIAN_POINT('',(-152.,-0.298964804015,-655.7));
#1594 = CARTESIAN_POINT('',(-152.,0.,-655.7));
#1595 = PCURVE('',#97,#1596);
#1596 = DEFINITIONAL_REPRESENTATION('',(#1597),#1732);
#1597 = B_SPLINE_CURVE_WITH_KNOTS('',7,(#1598,#1599,#1600,#1601,#1602,
    #1603,#1604,#1605,#1606,#1607,#1608,#1609,#1610,#1611,#1612,#1613,
    #1614,#1615,#1616,#1617,#1618,#1619,#1620,#1621,#1622,#1623,#1624,
    #1625,#1626,#1627,#1628,#1629,#1630,#1631,#1632,#1633,#1634,#1635,
    #1636,#1637,#1638,#1639,#1640,#1641,#1642,#1643,#1644,#1645,#1646,
    #1647,#1648,#1649,#1650,#1651,#1652,#1653,#1654,#1655,#1656,#1657,
    #1658,#1659,#1660,#1661,#1662,#1663,#1664,#1665,#1666,#1667,#1668,
    #1669,#1670,#1671,#1672,#1673,#1674,#1675,#1676,#1677,#1678,#1679,
    #1680,#1681,#1682,#1683,#1684,#1685,#1686,#1687,#1688,#1689,#1690,
    #1691,#1692,#1693,#1694,#1695,#1696,#1697,#1698,#1699,#1700,#1701,
    #1702,#1703,#1704,#1705,#1706,#1707,#1708,#1709,#1710,#1711,#1712,
    #1713,#1714,#1715,#1716,#1717,#1718,#1719,#1720,#1721,#1722,#1723,
    #1724,#1725,#1726,#1727,#1728,#1729,#1730,#1731),.UNSPECIFIED.,.T.,
  .F.,(8,6,6,6,6,6,6,6,6,6,6,6,6,6,6,6,6,6,6,6,6,6,8),(0.,
    5.497306434308E-02,8.161218769017E-02,0.115574352495,0.156568293994,
    0.202031509915,0.25021931749,0.298271493726,0.344513615301,
    0.419922472805,0.467348087833,0.522747051413,0.555615931738,
    0.582177670066,0.616041177536,0.656916035336,0.702247183538,
    0.750295008629,0.798207596381,0.844315387102,0.919505186055,
    0.966793031843,1.),.UNSPECIFIED.);
#1598 = CARTESIAN_POINT('',(3.14159265359,28.));
#1599 = CARTESIAN_POINT('',(3.106887405029,28.));
#1600 = CARTESIAN_POINT('',(3.072445272743,27.9640810057));
#1601 = CARTESIAN_POINT('',(3.038548314096,27.8932256701));
#1602 = CARTESIAN_POINT('',(3.005473767735,27.789556758089));
#1603 = CARTESIAN_POINT('',(2.973501317965,27.656334879515));
#1604 = CARTESIAN_POINT('',(2.94291364552,27.498022804111));
#1605 = CARTESIAN_POINT('',(2.899974427734,27.234350935629));
#1606 = CARTESIAN_POINT('',(2.886288422496,27.143380320271));
#1607 = CARTESIAN_POINT('',(2.872931220561,27.047853126677));
#1608 = CARTESIAN_POINT('',(2.859901800944,26.948094992728));
#1609 = CARTESIAN_POINT('',(2.847199039174,26.844408918467));
#1610 = CARTESIAN_POINT('',(2.834821596345,26.737075604837));
#1611 = CARTESIAN_POINT('',(2.807400457857,26.485194776351));
#1612 = CARTESIAN_POINT('',(2.792555146022,26.338491207022));
#1613 = CARTESIAN_POINT('',(2.778223435772,26.186722412847));
#1614 = CARTESIAN_POINT('',(2.764397157383,26.030297389932));
#1615 = CARTESIAN_POINT('',(2.751068671391,25.869560177937));
#1616 = CARTESIAN_POINT('',(2.73823113168,25.704795235938));
#1617 = CARTESIAN_POINT('',(2.710968837114,25.332769996409));
#1618 = CARTESIAN_POINT('',(2.696763797508,25.123747326128));
#1619 = CARTESIAN_POINT('',(2.683258626039,24.909631810333));
#1620 = CARTESIAN_POINT('',(2.670450612927,24.690805701353));
#1621 = CARTESIAN_POINT('',(2.658339593621,24.467577925434));
#1622 = CARTESIAN_POINT('',(2.64692820009,24.24019550721));
#1623 = CARTESIAN_POINT('',(2.624348816406,23.752293089891));
#1624 = CARTESIAN_POINT('',(2.613340893709,23.490818037299));
#1625 = CARTESIAN_POINT('',(2.603215851221,23.224890587884));
#1626 = CARTESIAN_POINT('',(2.593992203768,22.954930143226));
#1627 = CARTESIAN_POINT('',(2.585689122649,22.681315339808));
#1628 = CARTESIAN_POINT('',(2.578326084485,22.404384633834));
#1629 = CARTESIAN_POINT('',(2.565135192673,21.827711985948));
#1630 = CARTESIAN_POINT('',(2.559425889197,21.527600279324));
#1631 = CARTESIAN_POINT('',(2.554825963744,21.22481333058));
#1632 = CARTESIAN_POINT('',(2.551359107772,20.920023501293));
#1633 = CARTESIAN_POINT('',(2.549041504278,20.613874721706));
#1634 = CARTESIAN_POINT('',(2.54788195073,20.306993475807));
#1635 = CARTESIAN_POINT('',(2.54788195073,19.693870600368));
#1636 = CARTESIAN_POINT('',(2.549034986075,19.387851967883));
#1637 = CARTESIAN_POINT('',(2.55133957683,19.082559529287));
#1638 = CARTESIAN_POINT('',(2.554787022298,18.778614896946));
#1639 = CARTESIAN_POINT('',(2.559361309408,18.476656901684));
#1640 = CARTESIAN_POINT('',(2.565038991641,18.177352418945));
#1641 = CARTESIAN_POINT('',(2.578284821049,17.596609385845));
#1642 = CARTESIAN_POINT('',(2.585773586777,17.314927045081));
#1643 = CARTESIAN_POINT('',(2.594234678234,17.036679447516));
#1644 = CARTESIAN_POINT('',(2.603647681315,16.762220299681));
#1645 = CARTESIAN_POINT('',(2.613992621775,16.491943691221));
#1646 = CARTESIAN_POINT('',(2.625250161731,16.226290252994));
#1647 = CARTESIAN_POINT('',(2.657217947326,15.540885420921));
#1648 = CARTESIAN_POINT('',(2.679396699144,15.129947225439));
#1649 = CARTESIAN_POINT('',(2.703912664022,14.733727418511));
#1650 = CARTESIAN_POINT('',(2.730784336356,14.353768043849));
#1651 = CARTESIAN_POINT('',(2.760061390483,13.992582012737));
#1652 = CARTESIAN_POINT('',(2.791812261772,13.653913706324));
#1653 = CARTESIAN_POINT('',(2.847691339407,13.147614548874));
#1654 = CARTESIAN_POINT('',(2.870334175636,12.962623024157));
#1655 = CARTESIAN_POINT('',(2.894028216503,12.789974931007));
#1656 = CARTESIAN_POINT('',(2.918753308557,12.631596853736));
#1657 = CARTESIAN_POINT('',(2.94448687422,12.489506515114));
#1658 = CARTESIAN_POINT('',(2.971204068873,12.365837379875));
#1659 = CARTESIAN_POINT('',(3.031203343663,12.142585473989));
#1660 = CARTESIAN_POINT('',(3.064905925679,12.050279961514));
#1661 = CARTESIAN_POINT('',(3.099517298316,11.991427717019));
#1662 = CARTESIAN_POINT('',(3.13457935935,11.969121159753));
#1663 = CARTESIAN_POINT('',(3.169639329325,11.984235920043));
#1664 = CARTESIAN_POINT('',(3.204243000084,12.035451582822));
#1665 = CARTESIAN_POINT('',(3.257910044435,12.168770080876));
#1666 = CARTESIAN_POINT('',(3.277543560978,12.229774627151));
#1667 = CARTESIAN_POINT('',(3.296789994112,12.30146899286));
#1668 = CARTESIAN_POINT('',(3.315613592756,12.38312481743));
#1669 = CARTESIAN_POINT('',(3.333978994071,12.47394975267));
#1670 = CARTESIAN_POINT('',(3.351851114774,12.573081799006));
#1671 = CARTESIAN_POINT('',(3.383210879445,12.765649064371));
#1672 = CARTESIAN_POINT('',(3.396896884684,12.856619679729));
#1673 = CARTESIAN_POINT('',(3.410254086618,12.952146873323));
#1674 = CARTESIAN_POINT('',(3.423283506235,13.051905007272));
#1675 = CARTESIAN_POINT('',(3.435986268006,13.155591081533));
#1676 = CARTESIAN_POINT('',(3.448363710835,13.262924395163));
#1677 = CARTESIAN_POINT('',(3.475784849627,13.51480522644));
#1678 = CARTESIAN_POINT('',(3.4906301609,13.661508789999));
#1679 = CARTESIAN_POINT('',(3.504961871167,13.813277584892));
#1680 = CARTESIAN_POINT('',(3.518788149978,13.969702612524));
#1681 = CARTESIAN_POINT('',(3.532116636057,14.130439824988));
#1682 = CARTESIAN_POINT('',(3.544954175273,14.295204760979));
#1683 = CARTESIAN_POINT('',(3.572216470476,14.66723000919));
#1684 = CARTESIAN_POINT('',(3.586421509338,14.87625266799));
#1685 = CARTESIAN_POINT('',(3.599926680817,15.090368185146));
#1686 = CARTESIAN_POINT('',(3.612734694479,15.309194303463));
#1687 = CARTESIAN_POINT('',(3.624845713911,15.532422080369));
#1688 = CARTESIAN_POINT('',(3.63625710681,15.759804486755));
#1689 = CARTESIAN_POINT('',(3.658836490774,16.247706910109));
#1690 = CARTESIAN_POINT('',(3.669844413471,16.509181962701));
#1691 = CARTESIAN_POINT('',(3.679969455959,16.775109412116));
#1692 = CARTESIAN_POINT('',(3.689193103412,17.045069856774));
#1693 = CARTESIAN_POINT('',(3.69749618453,17.318684660192));
#1694 = CARTESIAN_POINT('',(3.704859222695,17.595615366166));
#1695 = CARTESIAN_POINT('',(3.718050114506,18.172288014052));
#1696 = CARTESIAN_POINT('',(3.723759417982,18.472399720675));
#1697 = CARTESIAN_POINT('',(3.728359343436,18.775186669421));
#1698 = CARTESIAN_POINT('',(3.731826199408,19.079976498708));
#1699 = CARTESIAN_POINT('',(3.734143802901,19.386125278293));
#1700 = CARTESIAN_POINT('',(3.73530335645,19.693006524193));
#1701 = CARTESIAN_POINT('',(3.73530335645,20.306129399631));
#1702 = CARTESIAN_POINT('',(3.734150321104,20.612148032118));
#1703 = CARTESIAN_POINT('',(3.73184573035,20.917440470713));
#1704 = CARTESIAN_POINT('',(3.728398284882,21.221385103053));
#1705 = CARTESIAN_POINT('',(3.723823997772,21.523343098317));
#1706 = CARTESIAN_POINT('',(3.718146315538,21.822647581055));
#1707 = CARTESIAN_POINT('',(3.704900486196,22.403390611294));
#1708 = CARTESIAN_POINT('',(3.697411720304,22.685072957667));
#1709 = CARTESIAN_POINT('',(3.688950628891,22.963320554773));
#1710 = CARTESIAN_POINT('',(3.679537625961,23.237779698188));
#1711 = CARTESIAN_POINT('',(3.669192685495,23.508056305996));
#1712 = CARTESIAN_POINT('',(3.657935145325,23.773709749649));
#1713 = CARTESIAN_POINT('',(3.625967360031,24.459114575269));
#1714 = CARTESIAN_POINT('',(3.603788607657,24.870052783991));
#1715 = CARTESIAN_POINT('',(3.57927264321,25.266272574126));
#1716 = CARTESIAN_POINT('',(3.552400971473,25.646231953982));
#1717 = CARTESIAN_POINT('',(3.523123915899,26.007417993723));
#1718 = CARTESIAN_POINT('',(3.491373045739,26.346086290674));
#1719 = CARTESIAN_POINT('',(3.435493967772,26.852385451126));
#1720 = CARTESIAN_POINT('',(3.412851131544,27.037376975842));
#1721 = CARTESIAN_POINT('',(3.389157090677,27.210025068993));
#1722 = CARTESIAN_POINT('',(3.364431998623,27.368403146264));
#1723 = CARTESIAN_POINT('',(3.33869843296,27.510493484886));
#1724 = CARTESIAN_POINT('',(3.311981238307,27.634162620125));
#1725 = CARTESIAN_POINT('',(3.264874785192,27.809441495981));
#1726 = CARTESIAN_POINT('',(3.244977353079,27.87151626747));
#1727 = CARTESIAN_POINT('',(3.224703802746,27.922290760796));
#1728 = CARTESIAN_POINT('',(3.204141702983,27.960959030206));
#1729 = CARTESIAN_POINT('',(3.183377982143,27.986965395809));
#1730 = CARTESIAN_POINT('',(3.162499283241,28.));
#1731 = CARTESIAN_POINT('',(3.14159265359,28.));
#1732 = ( GEOMETRIC_REPRESENTATION_CONTEXT(2) 
PARAMETRIC_REPRESENTATION_CONTEXT() REPRESENTATION_CONTEXT('2D SPACE',''
  ) );
#1733 = PCURVE('',#1734,#1739);
#1734 = CYLINDRICAL_SURFACE('',#1735,8.);
#1735 = AXIS2_PLACEMENT_3D('',#1736,#1737,#1738);
#1736 = CARTESIAN_POINT('',(-160.,0.,-690.));
#1737 = DIRECTION('',(0.,0.,1.));
#1738 = DIRECTION('',(1.,0.,-0.));
#1739 = DEFINITIONAL_REPRESENTATION('',(#1740),#1875);
#1740 = B_SPLINE_CURVE_WITH_KNOTS('',7,(#1741,#1742,#1743,#1744,#1745,
    #1746,#1747,#1748,#1749,#1750,#1751,#1752,#1753,#1754,#1755,#1756,
    #1757,#1758,#1759,#1760,#1761,#1762,#1763,#1764,#1765,#1766,#1767,
    #1768,#1769,#1770,#1771,#1772,#1773,#1774,#1775,#1776,#1777,#1778,
    #1779,#1780,#1781,#1782,#1783,#1784,#1785,#1786,#1787,#1788,#1789,
    #1790,#1791,#1792,#1793,#1794,#1795,#1796,#1797,#1798,#1799,#1800,
    #1801,#1802,#1803,#1804,#1805,#1806,#1807,#1808,#1809,#1810,#1811,
    #1812,#1813,#1814,#1815,#1816,#1817,#1818,#1819,#1820,#1821,#1822,
    #1823,#1824,#1825,#1826,#1827,#1828,#1829,#1830,#1831,#1832,#1833,
    #1834,#1835,#1836,#1837,#1838,#1839,#1840,#1841,#1842,#1843,#1844,
    #1845,#1846,#1847,#1848,#1849,#1850,#1851,#1852,#1853,#1854,#1855,
    #1856,#1857,#1858,#1859,#1860,#1861,#1862,#1863,#1864,#1865,#1866,
    #1867,#1868,#1869,#1870,#1871,#1872,#1873,#1874),.UNSPECIFIED.,.F.,
  .F.,(8,6,6,6,6,6,6,6,6,6,6,6,6,6,6,6,6,6,6,6,6,6,8),(0.,
    5.497306434308E-02,8.161218769017E-02,0.115574352495,0.156568293994,
    0.202031509915,0.25021931749,0.298271493726,0.344513615301,
    0.419922472805,0.467348087833,0.522747051413,0.555615931738,
    0.582177670066,0.616041177536,0.656916035336,0.702247183538,
    0.750295008629,0.798207596381,0.844315387102,0.919505186055,
    0.966793031843,1.),.UNSPECIFIED.);
#1741 = CARTESIAN_POINT('',(0.,34.3));
#1742 = CARTESIAN_POINT('',(6.203563180314E-02,34.3));
#1743 = CARTESIAN_POINT('',(0.123600832824,34.279905308707));
#1744 = CARTESIAN_POINT('',(0.184459959792,34.24026651376));
#1745 = CARTESIAN_POINT('',(0.244365443369,34.182659590085));
#1746 = CARTESIAN_POINT('',(0.303034068026,34.109632896128));
#1747 = CARTESIAN_POINT('',(0.360116403683,34.024532498084));
#1748 = CARTESIAN_POINT('',(0.441832395169,33.885981113236));
#1749 = CARTESIAN_POINT('',(0.468142549561,33.838627867101));
#1750 = CARTESIAN_POINT('',(0.494104882186,33.789427713887));
#1751 = CARTESIAN_POINT('',(0.519733109159,33.738649936104));
#1752 = CARTESIAN_POINT('',(0.545040078146,33.68655074665));
#1753 = CARTESIAN_POINT('',(0.570038213708,33.633372566857));
#1754 = CARTESIAN_POINT('',(0.626232172707,33.510461506606));
#1755 = CARTESIAN_POINT('',(0.657250884486,33.44017830028));
#1756 = CARTESIAN_POINT('',(0.68783267108,33.368940205608));
#1757 = CARTESIAN_POINT('',(0.718013240277,33.297152806354));
#1758 = CARTESIAN_POINT('',(0.74782783489,33.225185862951));
#1759 = CARTESIAN_POINT('',(0.777311633105,33.153378425455));
#1760 = CARTESIAN_POINT('',(0.841732069765,32.995939851732));
#1761 = CARTESIAN_POINT('',(0.876538471025,32.910513569319));
#1762 = CARTESIAN_POINT('',(0.910970144782,32.826344463531));
#1763 = CARTESIAN_POINT('',(0.945076222086,32.743966869527));
#1764 = CARTESIAN_POINT('',(0.978904730085,32.663878640057));
#1765 = CARTESIAN_POINT('',(1.012503149251,32.586549692154));
#1766 = CARTESIAN_POINT('',(1.082977878496,32.430230739259));
#1767 = CARTESIAN_POINT('',(1.119818680002,32.351964161366));
#1768 = CARTESIAN_POINT('',(1.156477548468,32.278310452912));
#1769 = CARTESIAN_POINT('',(1.192989900763,32.209904736159));
#1770 = CARTESIAN_POINT('',(1.229391659314,32.147331417237));
#1771 = CARTESIAN_POINT('',(1.265720514133,32.091117980516));
#1772 = CARTESIAN_POINT('',(1.340489099938,31.989379711334));
#1773 = CARTESIAN_POINT('',(1.378924496748,31.944697984604));
#1774 = CARTESIAN_POINT('',(1.417325784253,31.908299477405));
#1775 = CARTESIAN_POINT('',(1.455701077184,31.880664994242));
#1776 = CARTESIAN_POINT('',(1.494061992334,31.862124196386));
#1777 = CARTESIAN_POINT('',(1.532422142319,31.852847759083));
#1778 = CARTESIAN_POINT('',(1.609062501749,31.852847759083));
#1779 = CARTESIAN_POINT('',(1.647314825168,31.862072050564));
#1780 = CARTESIAN_POINT('',(1.685567920147,31.88050874717));
#1781 = CARTESIAN_POINT('',(1.723835238107,31.907989071108));
#1782 = CARTESIAN_POINT('',(1.762128258036,31.944186958704));
#1783 = CARTESIAN_POINT('',(1.800455000908,31.988626778746));
#1784 = CARTESIAN_POINT('',(1.875735645273,32.090810058538));
#1785 = CARTESIAN_POINT('',(1.912686296685,32.147988561931));
#1786 = CARTESIAN_POINT('',(1.949711943091,32.211745274463));
#1787 = CARTESIAN_POINT('',(1.98685256844,32.281525390088));
#1788 = CARTESIAN_POINT('',(2.024146644681,32.356714024723));
#1789 = CARTESIAN_POINT('',(2.061631765415,32.436641544907));
#1790 = CARTESIAN_POINT('',(2.160846199392,32.657485164518));
#1791 = CARTESIAN_POINT('',(2.222907648803,32.804967026011));
#1792 = CARTESIAN_POINT('',(2.285880098894,32.960309238029));
#1793 = CARTESIAN_POINT('',(2.350100889889,33.120605188256));
#1794 = CARTESIAN_POINT('',(2.415908853033,33.282536812678));
#1795 = CARTESIAN_POINT('',(2.483649339897,33.442074543359));
#1796 = CARTESIAN_POINT('',(2.597761763202,33.690001360668));
#1797 = CARTESIAN_POINT('',(2.642853974123,33.783081932705));
#1798 = CARTESIAN_POINT('',(2.688988558776,33.872055482928));
#1799 = CARTESIAN_POINT('',(2.736185870753,33.955357592965));
#1800 = CARTESIAN_POINT('',(2.784477081092,34.031346595954));
#1801 = CARTESIAN_POINT('',(2.833905792573,34.09833337926));
#1802 = CARTESIAN_POINT('',(2.943670852803,34.220366314155));
#1803 = CARTESIAN_POINT('',(3.004575289842,34.271658059679));
#1804 = CARTESIAN_POINT('',(3.066562143462,34.304783728941));
#1805 = CARTESIAN_POINT('',(3.129065751295,34.317385421317));
#1806 = CARTESIAN_POINT('',(3.191570653996,34.308782101406));
#1807 = CARTESIAN_POINT('',(3.253545719632,34.280027188103));
#1808 = CARTESIAN_POINT('',(3.350474117615,34.206211774904));
#1809 = CARTESIAN_POINT('',(3.38611834859,34.172575230346));
#1810 = CARTESIAN_POINT('',(3.421293731751,34.133276040937));
#1811 = CARTESIAN_POINT('',(3.455976958251,34.088865471874));
#1812 = CARTESIAN_POINT('',(3.490139330886,34.039947868138));
#1813 = CARTESIAN_POINT('',(3.523745473885,33.987169235603));
#1814 = CARTESIAN_POINT('',(3.583425048759,33.885981113236));
#1815 = CARTESIAN_POINT('',(3.60973520315,33.838627867101));
#1816 = CARTESIAN_POINT('',(3.635697535776,33.789427713887));
#1817 = CARTESIAN_POINT('',(3.661325762749,33.738649936104));
#1818 = CARTESIAN_POINT('',(3.686632731736,33.68655074665));
#1819 = CARTESIAN_POINT('',(3.711630867298,33.633372566857));
#1820 = CARTESIAN_POINT('',(3.76782482692,33.510461505244));
#1821 = CARTESIAN_POINT('',(3.798843537505,33.440178301617));
#1822 = CARTESIAN_POINT('',(3.829425324175,33.368940206703));
#1823 = CARTESIAN_POINT('',(3.859605894295,33.297152805309));
#1824 = CARTESIAN_POINT('',(3.889420489062,33.22518586161));
#1825 = CARTESIAN_POINT('',(3.918904286161,33.15337842676));
#1826 = CARTESIAN_POINT('',(3.983324724324,32.995939849363));
#1827 = CARTESIAN_POINT('',(4.018131123701,32.910513571449));
#1828 = CARTESIAN_POINT('',(4.052562797598,32.82634446542));
#1829 = CARTESIAN_POINT('',(4.086668876375,32.743966867963));
#1830 = CARTESIAN_POINT('',(4.120497384602,32.663878637867));
#1831 = CARTESIAN_POINT('',(4.15409580197,32.586549694088));
#1832 = CARTESIAN_POINT('',(4.224570532085,32.430230739259));
#1833 = CARTESIAN_POINT('',(4.261411333592,32.351964161366));
#1834 = CARTESIAN_POINT('',(4.298070202058,32.278310452912));
#1835 = CARTESIAN_POINT('',(4.334582554352,32.209904736159));
#1836 = CARTESIAN_POINT('',(4.370984312904,32.147331417237));
#1837 = CARTESIAN_POINT('',(4.407313167723,32.091117980516));
#1838 = CARTESIAN_POINT('',(4.482081753527,31.989379711334));
#1839 = CARTESIAN_POINT('',(4.520517150338,31.944697984604));
#1840 = CARTESIAN_POINT('',(4.558918437843,31.908299477405));
#1841 = CARTESIAN_POINT('',(4.597293730774,31.880664994242));
#1842 = CARTESIAN_POINT('',(4.635654645924,31.862124196386));
#1843 = CARTESIAN_POINT('',(4.674014795909,31.852847759083));
#1844 = CARTESIAN_POINT('',(4.750655155339,31.852847759083));
#1845 = CARTESIAN_POINT('',(4.788907478758,31.862072050564));
#1846 = CARTESIAN_POINT('',(4.827160573737,31.88050874717));
#1847 = CARTESIAN_POINT('',(4.865427891696,31.907989071108));
#1848 = CARTESIAN_POINT('',(4.903720911626,31.944186958704));
#1849 = CARTESIAN_POINT('',(4.942047654498,31.988626778746));
#1850 = CARTESIAN_POINT('',(5.017328298492,32.090810058034));
#1851 = CARTESIAN_POINT('',(5.054278950653,32.147988562639));
#1852 = CARTESIAN_POINT('',(5.091304596978,32.211745274881));
#1853 = CARTESIAN_POINT('',(5.128445221723,32.281525389417));
#1854 = CARTESIAN_POINT('',(5.165739297894,32.356714024067));
#1855 = CARTESIAN_POINT('',(5.203224419387,32.436641545759));
#1856 = CARTESIAN_POINT('',(5.30243885243,32.657485163291));
#1857 = CARTESIAN_POINT('',(5.364500303673,32.804967028925));
#1858 = CARTESIAN_POINT('',(5.427472751794,32.960309236385));
#1859 = CARTESIAN_POINT('',(5.491693542474,33.120605186085));
#1860 = CARTESIAN_POINT('',(5.55750150818,33.282536816102));
#1861 = CARTESIAN_POINT('',(5.62524199281,33.442074541889));
#1862 = CARTESIAN_POINT('',(5.739354416792,33.690001360668));
#1863 = CARTESIAN_POINT('',(5.784446627712,33.783081932705));
#1864 = CARTESIAN_POINT('',(5.830581212366,33.872055482929));
#1865 = CARTESIAN_POINT('',(5.877778524342,33.955357592965));
#1866 = CARTESIAN_POINT('',(5.926069734682,34.031346595954));
#1867 = CARTESIAN_POINT('',(5.975498446162,34.09833337926));
#1868 = CARTESIAN_POINT('',(6.061676865509,34.194143516069));
#1869 = CARTESIAN_POINT('',(6.097806202964,34.228376731588));
#1870 = CARTESIAN_POINT('',(6.134390591692,34.256577725364));
#1871 = CARTESIAN_POINT('',(6.171320299246,34.278158897189));
#1872 = CARTESIAN_POINT('',(6.208494038856,34.292707914205));
#1873 = CARTESIAN_POINT('',(6.245814706678,34.3));
#1874 = CARTESIAN_POINT('',(6.28318530718,34.3));
#1875 = ( GEOMETRIC_REPRESENTATION_CONTEXT(2) 
PARAMETRIC_REPRESENTATION_CONTEXT() REPRESENTATION_CONTEXT('2D SPACE',''
  ) );
#1876 = FACE_BOUND('',#1877,.T.);
#1877 = EDGE_LOOP('',(#1878));
#1878 = ORIENTED_EDGE('',*,*,#1879,.F.);
#1879 = EDGE_CURVE('',#1880,#1880,#1882,.T.);
#1880 = VERTEX_POINT('',#1881);
#1881 = CARTESIAN_POINT('',(-137.35,-6.490628035481E-16,-655.7));
#1882 = SURFACE_CURVE('',#1883,(#1934,#1988),.PCURVE_S1.);
#1883 = B_SPLINE_CURVE_WITH_KNOTS('',7,(#1884,#1885,#1886,#1887,#1888,
    #1889,#1890,#1891,#1892,#1893,#1894,#1895,#1896,#1897,#1898,#1899,
    #1900,#1901,#1902,#1903,#1904,#1905,#1906,#1907,#1908,#1909,#1910,
    #1911,#1912,#1913,#1914,#1915,#1916,#1917,#1918,#1919,#1920,#1921,
    #1922,#1923,#1924,#1925,#1926,#1927,#1928,#1929,#1930,#1931,#1932,
    #1933),.UNSPECIFIED.,.T.,.F.,(8,6,6,6,6,6,6,6,8),(0.,0.119145968718,
    0.24999487174,0.380851321308,0.499993677201,0.619140403449,
    0.749997206745,0.880854121002,1.),.UNSPECIFIED.);
#1884 = CARTESIAN_POINT('',(-137.35,4.440892098501E-16,-655.7));
#1885 = CARTESIAN_POINT('',(-137.35,0.346183776062,-655.7));
#1886 = CARTESIAN_POINT('',(-137.4027604667,0.682326190321,
    -655.709777686));
#1887 = CARTESIAN_POINT('',(-137.5027770808,0.999259922157,
    -655.7283100985));
#1888 = CARTESIAN_POINT('',(-137.6429969715,1.289477405172,
    -655.7531165754));
#1889 = CARTESIAN_POINT('',(-137.8148133517,1.547295347859,
    -655.7808934442));
#1890 = CARTESIAN_POINT('',(-138.0080951183,1.769367282971,
    -655.8086451251));
#1891 = CARTESIAN_POINT('',(-138.4344539821,2.159407951789,
    -655.8624815317));
#1892 = CARTESIAN_POINT('',(-138.676259083,2.326034356584,
    -655.8889785186));
#1893 = CARTESIAN_POINT('',(-138.9304325347,2.45689979874,
    -655.9117516427));
#1894 = CARTESIAN_POINT('',(-139.1927131657,2.553737644043,
    -655.9295336023));
#1895 = CARTESIAN_POINT('',(-139.4600045606,2.617869609591,
    -655.9416278761));
#1896 = CARTESIAN_POINT('',(-139.7298452857,2.65,-655.9476870231));
#1897 = CARTESIAN_POINT('',(-140.2701702951,2.65,-655.9476870231));
#1898 = CARTESIAN_POINT('',(-140.5400186281,2.617866017492,
    -655.941627207));
#1899 = CARTESIAN_POINT('',(-140.8073054833,2.553729742806,
    -655.9295320897));
#1900 = CARTESIAN_POINT('',(-141.069571053,2.456893869937,
    -655.9117506685));
#1901 = CARTESIAN_POINT('',(-141.3237291194,2.326038309308,
    -655.8889794968));
#1902 = CARTESIAN_POINT('',(-141.5655321868,2.159420604648,
    -655.8624832781));
#1903 = CARTESIAN_POINT('',(-141.9918995947,1.769372119568,
    -655.8086457927));
#1904 = CARTESIAN_POINT('',(-142.1851839703,1.547300169689,
    -655.7808939563));
#1905 = CARTESIAN_POINT('',(-142.3570053309,1.28947717422,
    -655.7531163223));
#1906 = CARTESIAN_POINT('',(-142.4972281022,0.999252024427,
    -655.7283091384));
#1907 = CARTESIAN_POINT('',(-142.5972434128,0.682312062854,
    -655.7097769669));
#1908 = CARTESIAN_POINT('',(-142.65,0.346171077898,-655.7));
#1909 = CARTESIAN_POINT('',(-142.65,-0.346183776075,-655.7));
#1910 = CARTESIAN_POINT('',(-142.5972395332,-0.682326190308,
    -655.709777686));
#1911 = CARTESIAN_POINT('',(-142.4972229191,-0.999259922148,
    -655.7283100985));
#1912 = CARTESIAN_POINT('',(-142.3570030284,-1.289477405183,
    -655.7531165754));
#1913 = CARTESIAN_POINT('',(-142.1851866482,-1.547295347867,
    -655.7808934442));
#1914 = CARTESIAN_POINT('',(-141.9919048816,-1.769367282962,
    -655.8086451251));
#1915 = CARTESIAN_POINT('',(-141.565533963,-2.159418979706,
    -655.8624830538));
#1916 = CARTESIAN_POINT('',(-141.3237298321,-2.326038533937,
    -655.8889794729));
#1917 = CARTESIAN_POINT('',(-141.0695694379,-2.456894980883,
    -655.9117508838));
#1918 = CARTESIAN_POINT('',(-140.807303074,-2.55373040236,
    -655.9295322112));
#1919 = CARTESIAN_POINT('',(-140.5400169553,-2.61786607637,
    -655.9416272187));
#1920 = CARTESIAN_POINT('',(-140.270170066,-2.65,-655.9476870231));
#1921 = CARTESIAN_POINT('',(-139.7298297048,-2.65,-655.9476870231));
#1922 = CARTESIAN_POINT('',(-139.4599813718,-2.617866017492,
    -655.941627207));
#1923 = CARTESIAN_POINT('',(-139.1926945166,-2.553729742806,
    -655.9295320897));
#1924 = CARTESIAN_POINT('',(-138.9304289469,-2.456893869936,
    -655.9117506685));
#1925 = CARTESIAN_POINT('',(-138.6762708805,-2.326038309309,
    -655.8889794968));
#1926 = CARTESIAN_POINT('',(-138.4344678131,-2.159420604648,
    -655.8624832781));
#1927 = CARTESIAN_POINT('',(-138.0080951182,-1.769367282938,
    -655.8086451251));
#1928 = CARTESIAN_POINT('',(-137.8148133517,-1.54729534789,
    -655.7808934442));
#1929 = CARTESIAN_POINT('',(-137.6429969715,-1.289477405212,
    -655.7531165754));
#1930 = CARTESIAN_POINT('',(-137.5027770808,-0.999259922121,
    -655.7283100985));
#1931 = CARTESIAN_POINT('',(-137.4027604667,-0.682326190273,
    -655.709777686));
#1932 = CARTESIAN_POINT('',(-137.35,-0.34618377611,-655.7));
#1933 = CARTESIAN_POINT('',(-137.35,4.440892098501E-16,-655.7));
#1934 = PCURVE('',#97,#1935);
#1935 = DEFINITIONAL_REPRESENTATION('',(#1936),#1987);
#1936 = B_SPLINE_CURVE_WITH_KNOTS('',7,(#1937,#1938,#1939,#1940,#1941,
    #1942,#1943,#1944,#1945,#1946,#1947,#1948,#1949,#1950,#1951,#1952,
    #1953,#1954,#1955,#1956,#1957,#1958,#1959,#1960,#1961,#1962,#1963,
    #1964,#1965,#1966,#1967,#1968,#1969,#1970,#1971,#1972,#1973,#1974,
    #1975,#1976,#1977,#1978,#1979,#1980,#1981,#1982,#1983,#1984,#1985,
    #1986),.UNSPECIFIED.,.T.,.F.,(8,6,6,6,6,6,6,6,8),(0.,0.119145968718,
    0.24999487174,0.380851321308,0.499993677201,0.619140403449,
    0.749997206745,0.880854121002,1.),.UNSPECIFIED.);
#1937 = CARTESIAN_POINT('',(3.14159265359,42.65));
#1938 = CARTESIAN_POINT('',(3.117383997921,42.65));
#1939 = CARTESIAN_POINT('',(3.093877514387,42.597239533278));
#1940 = CARTESIAN_POINT('',(3.07169125989,42.497222919157));
#1941 = CARTESIAN_POINT('',(3.05133251553,42.357003028402));
#1942 = CARTESIAN_POINT('',(3.033203243438,42.185186648264));
#1943 = CARTESIAN_POINT('',(3.017554253887,41.991904881682));
#1944 = CARTESIAN_POINT('',(2.990020086332,41.56554601785));
#1945 = CARTESIAN_POINT('',(2.978223970077,41.323740916907));
#1946 = CARTESIAN_POINT('',(2.968935857646,41.0695674653));
#1947 = CARTESIAN_POINT('',(2.962050863237,40.807286834224));
#1948 = CARTESIAN_POINT('',(2.957487051302,40.539995439331));
#1949 = CARTESIAN_POINT('',(2.955200568943,40.270154714272));
#1950 = CARTESIAN_POINT('',(2.955200568943,39.729829704897));
#1951 = CARTESIAN_POINT('',(2.957487306591,39.459981371852));
#1952 = CARTESIAN_POINT('',(2.96205142638,39.192694516636));
#1953 = CARTESIAN_POINT('',(2.968936276842,38.930428946966));
#1954 = CARTESIAN_POINT('',(2.978223686918,38.676270880503));
#1955 = CARTESIAN_POINT('',(2.990019193128,38.434467813166));
#1956 = CARTESIAN_POINT('',(3.017553912457,38.008100405269));
#1957 = CARTESIAN_POINT('',(3.033202904448,37.814816029654));
#1958 = CARTESIAN_POINT('',(3.051332533936,37.642994669006));
#1959 = CARTESIAN_POINT('',(3.071691814974,37.502771897713));
#1960 = CARTESIAN_POINT('',(3.093878502273,37.402756587191));
#1961 = CARTESIAN_POINT('',(3.117384885905,37.35));
#1962 = CARTESIAN_POINT('',(3.165801309259,37.35));
#1963 = CARTESIAN_POINT('',(3.189307792792,37.402760466726));
#1964 = CARTESIAN_POINT('',(3.211494047289,37.502777080834));
#1965 = CARTESIAN_POINT('',(3.231852791651,37.642996971598));
#1966 = CARTESIAN_POINT('',(3.249982063742,37.814813351749));
#1967 = CARTESIAN_POINT('',(3.265631053292,38.008095118309));
#1968 = CARTESIAN_POINT('',(3.293165999342,38.43446603692));
#1969 = CARTESIAN_POINT('',(3.304961635573,38.676270167855));
#1970 = CARTESIAN_POINT('',(3.314249109335,38.930430562071));
#1971 = CARTESIAN_POINT('',(3.321133927766,39.19269692596));
#1972 = CARTESIAN_POINT('',(3.325698004768,39.459983044688));
#1973 = CARTESIAN_POINT('',(3.327984738237,39.729829933991));
#1974 = CARTESIAN_POINT('',(3.327984738237,40.270170295103));
#1975 = CARTESIAN_POINT('',(3.325698000588,40.540018628148));
#1976 = CARTESIAN_POINT('',(3.321133880799,40.807305483364));
#1977 = CARTESIAN_POINT('',(3.314249030338,41.069571053034));
#1978 = CARTESIAN_POINT('',(3.304961620261,41.323729119497));
#1979 = CARTESIAN_POINT('',(3.293166114051,41.565532186834));
#1980 = CARTESIAN_POINT('',(3.26563105329,41.991904881717));
#1981 = CARTESIAN_POINT('',(3.249982063743,42.185186648214));
#1982 = CARTESIAN_POINT('',(3.231852791653,42.357003028403));
#1983 = CARTESIAN_POINT('',(3.211494047287,42.497222919189));
#1984 = CARTESIAN_POINT('',(3.189307792789,42.597239533264));
#1985 = CARTESIAN_POINT('',(3.165801309262,42.65));
#1986 = CARTESIAN_POINT('',(3.14159265359,42.65));
#1987 = ( GEOMETRIC_REPRESENTATION_CONTEXT(2) 
PARAMETRIC_REPRESENTATION_CONTEXT() REPRESENTATION_CONTEXT('2D SPACE',''
  ) );
#1988 = PCURVE('',#1989,#1994);
#1989 = CYLINDRICAL_SURFACE('',#1990,2.65);
#1990 = AXIS2_PLACEMENT_3D('',#1991,#1992,#1993);
#1991 = CARTESIAN_POINT('',(-140.,0.,-690.));
#1992 = DIRECTION('',(0.,0.,1.));
#1993 = DIRECTION('',(1.,0.,-0.));
#1994 = DEFINITIONAL_REPRESENTATION('',(#1995),#2046);
#1995 = B_SPLINE_CURVE_WITH_KNOTS('',7,(#1996,#1997,#1998,#1999,#2000,
    #2001,#2002,#2003,#2004,#2005,#2006,#2007,#2008,#2009,#2010,#2011,
    #2012,#2013,#2014,#2015,#2016,#2017,#2018,#2019,#2020,#2021,#2022,
    #2023,#2024,#2025,#2026,#2027,#2028,#2029,#2030,#2031,#2032,#2033,
    #2034,#2035,#2036,#2037,#2038,#2039,#2040,#2041,#2042,#2043,#2044,
    #2045),.UNSPECIFIED.,.F.,.F.,(8,6,6,6,6,6,6,6,8),(0.,0.119145968718,
    0.24999487174,0.380851321308,0.499993677201,0.619140403449,
    0.749997206745,0.880854121002,1.),.UNSPECIFIED.);
#1996 = CARTESIAN_POINT('',(0.,34.3));
#1997 = CARTESIAN_POINT('',(0.130635387193,34.3));
#1998 = CARTESIAN_POINT('',(0.257481493166,34.290222313906));
#1999 = CARTESIAN_POINT('',(0.380720699757,34.271689901445));
#2000 = CARTESIAN_POINT('',(0.500210490803,34.246883424543));
#2001 = CARTESIAN_POINT('',(0.615550704351,34.219106555794));
#2002 = CARTESIAN_POINT('',(0.725929806253,34.191354874875));
#2003 = CARTESIAN_POINT('',(0.943987383575,34.137518468273));
#2004 = CARTESIAN_POINT('',(1.053754281653,34.11102148137));
#2005 = CARTESIAN_POINT('',(1.160283202465,34.088248357268));
#2006 = CARTESIAN_POINT('',(1.26442849463,34.070466397655));
#2007 = CARTESIAN_POINT('',(1.367024660969,34.058372123891));
#2008 = CARTESIAN_POINT('',(1.468851151598,34.052312976873));
#2009 = CARTESIAN_POINT('',(1.672747381551,34.052312976873));
#2010 = CARTESIAN_POINT('',(1.77457670576,34.058372792957));
#2011 = CARTESIAN_POINT('',(1.877171562323,34.070467910209));
#2012 = CARTESIAN_POINT('',(1.981311497883,34.088249331479));
#2013 = CARTESIAN_POINT('',(2.087834083684,34.111020503102));
#2014 = CARTESIAN_POINT('',(2.197598196261,34.137516721828));
#2015 = CARTESIAN_POINT('',(2.415660143371,34.19135420729));
#2016 = CARTESIAN_POINT('',(2.526039974543,34.21910604362));
#2017 = CARTESIAN_POINT('',(2.641382721763,34.246883677658));
#2018 = CARTESIAN_POINT('',(2.76087533019,34.271690861524));
#2019 = CARTESIAN_POINT('',(2.884116492797,34.290223033008));
#2020 = CARTESIAN_POINT('',(3.010962058157,34.3));
#2021 = CARTESIAN_POINT('',(3.272228040788,34.3));
#2022 = CARTESIAN_POINT('',(3.399074146751,34.290222313905));
#2023 = CARTESIAN_POINT('',(3.522313353344,34.271689901447));
#2024 = CARTESIAN_POINT('',(3.641803144394,34.246883424542));
#2025 = CARTESIAN_POINT('',(3.757143357947,34.219106555793));
#2026 = CARTESIAN_POINT('',(3.867522459838,34.191354874876));
#2027 = CARTESIAN_POINT('',(4.085586202473,34.137516946115));
#2028 = CARTESIAN_POINT('',(4.195351080112,34.111020527072));
#2029 = CARTESIAN_POINT('',(4.301874493284,34.088249116161));
#2030 = CARTESIAN_POINT('',(4.406014663343,34.070467788707));
#2031 = CARTESIAN_POINT('',(4.508609231484,34.058372781245));
#2032 = CARTESIAN_POINT('',(4.610438012079,34.052312976873));
#2033 = CARTESIAN_POINT('',(4.81434003514,34.052312976873));
#2034 = CARTESIAN_POINT('',(4.91616935935,34.058372792957));
#2035 = CARTESIAN_POINT('',(5.018764215913,34.070467910209));
#2036 = CARTESIAN_POINT('',(5.122904151472,34.088249331479));
#2037 = CARTESIAN_POINT('',(5.229426737274,34.111020503102));
#2038 = CARTESIAN_POINT('',(5.339190849851,34.137516721828));
#2039 = CARTESIAN_POINT('',(5.557255500945,34.191354874879));
#2040 = CARTESIAN_POINT('',(5.667634602807,34.219106555789));
#2041 = CARTESIAN_POINT('',(5.782974816368,34.24688342454));
#2042 = CARTESIAN_POINT('',(5.902464607435,34.271689901452));
#2043 = CARTESIAN_POINT('',(6.025703814031,34.290222313903));
#2044 = CARTESIAN_POINT('',(6.152549919968,34.3));
#2045 = CARTESIAN_POINT('',(6.28318530718,34.3));
#2046 = ( GEOMETRIC_REPRESENTATION_CONTEXT(2) 
PARAMETRIC_REPRESENTATION_CONTEXT() REPRESENTATION_CONTEXT('2D SPACE',''
  ) );
#2047 = FACE_BOUND('',#2048,.T.);
#2048 = EDGE_LOOP('',(#2049));
#2049 = ORIENTED_EDGE('',*,*,#2050,.F.);
#2050 = EDGE_CURVE('',#2051,#2051,#2053,.T.);
#2051 = VERTEX_POINT('',#2052);
#2052 = CARTESIAN_POINT('',(142.65,-6.490628035481E-16,-655.7));
#2053 = SURFACE_CURVE('',#2054,(#2105,#2159),.PCURVE_S1.);
#2054 = B_SPLINE_CURVE_WITH_KNOTS('',7,(#2055,#2056,#2057,#2058,#2059,
    #2060,#2061,#2062,#2063,#2064,#2065,#2066,#2067,#2068,#2069,#2070,
    #2071,#2072,#2073,#2074,#2075,#2076,#2077,#2078,#2079,#2080,#2081,
    #2082,#2083,#2084,#2085,#2086,#2087,#2088,#2089,#2090,#2091,#2092,
    #2093,#2094,#2095,#2096,#2097,#2098,#2099,#2100,#2101,#2102,#2103,
    #2104),.UNSPECIFIED.,.T.,.F.,(8,6,6,6,6,6,6,6,8),(0.,0.119145968731,
    0.24999487175,0.380851321313,0.499993677202,0.619140403458,
    0.749997206746,0.880854120994,1.),.UNSPECIFIED.);
#2055 = CARTESIAN_POINT('',(142.65,4.440892098501E-16,-655.7));
#2056 = CARTESIAN_POINT('',(142.65,0.346183776103,-655.7));
#2057 = CARTESIAN_POINT('',(142.59723953326,0.68232619028,-655.709777686
    ));
#2058 = CARTESIAN_POINT('',(142.49722291918,0.999259922128,
    -655.7283100985));
#2059 = CARTESIAN_POINT('',(142.3570030284,1.289477405205,
    -655.7531165754));
#2060 = CARTESIAN_POINT('',(142.18518664822,1.547295347885,
    -655.7808934442));
#2061 = CARTESIAN_POINT('',(141.99190488171,1.769367282944,
    -655.8086451251));
#2062 = CARTESIAN_POINT('',(141.56554601784,2.159407951789,
    -655.8624815317));
#2063 = CARTESIAN_POINT('',(141.3237409169,2.326034356583,
    -655.8889785186));
#2064 = CARTESIAN_POINT('',(141.06956746529,2.456899798741,
    -655.9117516427));
#2065 = CARTESIAN_POINT('',(140.80728683422,2.553737644042,
    -655.9295336023));
#2066 = CARTESIAN_POINT('',(140.53999543933,2.617869609591,
    -655.9416278761));
#2067 = CARTESIAN_POINT('',(140.27015471427,2.65,-655.9476870231));
#2068 = CARTESIAN_POINT('',(139.72982970489,2.65,-655.9476870231));
#2069 = CARTESIAN_POINT('',(139.45998137185,2.617866017491,
    -655.941627207));
#2070 = CARTESIAN_POINT('',(139.19269451663,2.553729742807,
    -655.9295320897));
#2071 = CARTESIAN_POINT('',(138.93042894696,2.456893869936,
    -655.9117506685));
#2072 = CARTESIAN_POINT('',(138.6762708805,2.326038309309,
    -655.8889794968));
#2073 = CARTESIAN_POINT('',(138.43446781316,2.159420604648,
    -655.8624832781));
#2074 = CARTESIAN_POINT('',(138.00810040527,1.769372119568,
    -655.8086457927));
#2075 = CARTESIAN_POINT('',(137.81481602965,1.547300169687,
    -655.7808939563));
#2076 = CARTESIAN_POINT('',(137.642994669,1.289477174222,-655.7531163223
    ));
#2077 = CARTESIAN_POINT('',(137.50277189771,0.999252024425,
    -655.7283091384));
#2078 = CARTESIAN_POINT('',(137.40275658719,0.682312062855,
    -655.7097769669));
#2079 = CARTESIAN_POINT('',(137.35,0.346171077898,-655.7));
#2080 = CARTESIAN_POINT('',(137.35,-0.346183776111,-655.7));
#2081 = CARTESIAN_POINT('',(137.40276046673,-0.682326190272,
    -655.709777686));
#2082 = CARTESIAN_POINT('',(137.50277708081,-0.999259922123,
    -655.7283100985));
#2083 = CARTESIAN_POINT('',(137.64299697159,-1.289477405211,
    -655.7531165754));
#2084 = CARTESIAN_POINT('',(137.81481335178,-1.547295347891,
    -655.7808934442));
#2085 = CARTESIAN_POINT('',(138.00809511828,-1.769367282938,
    -655.8086451251));
#2086 = CARTESIAN_POINT('',(138.43446603692,-2.159418979706,
    -655.8624830538));
#2087 = CARTESIAN_POINT('',(138.67627016785,-2.326038533937,
    -655.8889794729));
#2088 = CARTESIAN_POINT('',(138.93043056207,-2.456894980883,
    -655.9117508838));
#2089 = CARTESIAN_POINT('',(139.19269692596,-2.55373040236,
    -655.9295322112));
#2090 = CARTESIAN_POINT('',(139.45998304468,-2.61786607637,
    -655.9416272187));
#2091 = CARTESIAN_POINT('',(139.72982993399,-2.65,-655.9476870231));
#2092 = CARTESIAN_POINT('',(140.2701702951,-2.65,-655.9476870231));
#2093 = CARTESIAN_POINT('',(140.54001862814,-2.617866017492,
    -655.941627207));
#2094 = CARTESIAN_POINT('',(140.80730548336,-2.553729742806,
    -655.9295320897));
#2095 = CARTESIAN_POINT('',(141.06957105303,-2.456893869936,
    -655.9117506685));
#2096 = CARTESIAN_POINT('',(141.32372911949,-2.326038309309,
    -655.8889794968));
#2097 = CARTESIAN_POINT('',(141.56553218683,-2.159420604648,
    -655.8624832781));
#2098 = CARTESIAN_POINT('',(141.99190488174,-1.769367282916,
    -655.8086451251));
#2099 = CARTESIAN_POINT('',(142.18518664817,-1.547295347913,
    -655.7808934442));
#2100 = CARTESIAN_POINT('',(142.3570030284,-1.289477405236,
    -655.7531165754));
#2101 = CARTESIAN_POINT('',(142.49722291921,-0.999259922099,
    -655.7283100985));
#2102 = CARTESIAN_POINT('',(142.59723953325,-0.682326190239,
    -655.709777686));
#2103 = CARTESIAN_POINT('',(142.65,-0.346183776144,-655.7));
#2104 = CARTESIAN_POINT('',(142.65,4.440892098501E-16,-655.7));
#2105 = PCURVE('',#97,#2106);
#2106 = DEFINITIONAL_REPRESENTATION('',(#2107),#2158);
#2107 = B_SPLINE_CURVE_WITH_KNOTS('',7,(#2108,#2109,#2110,#2111,#2112,
    #2113,#2114,#2115,#2116,#2117,#2118,#2119,#2120,#2121,#2122,#2123,
    #2124,#2125,#2126,#2127,#2128,#2129,#2130,#2131,#2132,#2133,#2134,
    #2135,#2136,#2137,#2138,#2139,#2140,#2141,#2142,#2143,#2144,#2145,
    #2146,#2147,#2148,#2149,#2150,#2151,#2152,#2153,#2154,#2155,#2156,
    #2157),.UNSPECIFIED.,.T.,.F.,(8,6,6,6,6,6,6,6,8),(0.,0.119145968731,
    0.24999487175,0.380851321313,0.499993677202,0.619140403458,
    0.749997206746,0.880854120994,1.),.UNSPECIFIED.);
#2108 = CARTESIAN_POINT('',(3.14159265359,322.65));
#2109 = CARTESIAN_POINT('',(3.117383997918,322.65));
#2110 = CARTESIAN_POINT('',(3.09387751439,322.59723953326));
#2111 = CARTESIAN_POINT('',(3.071691259892,322.49722291918));
#2112 = CARTESIAN_POINT('',(3.051332515527,322.3570030284));
#2113 = CARTESIAN_POINT('',(3.033203243437,322.18518664822));
#2114 = CARTESIAN_POINT('',(3.017554253889,321.99190488171));
#2115 = CARTESIAN_POINT('',(2.990020086332,321.56554601784));
#2116 = CARTESIAN_POINT('',(2.978223970077,321.3237409169));
#2117 = CARTESIAN_POINT('',(2.968935857646,321.06956746529));
#2118 = CARTESIAN_POINT('',(2.962050863237,320.80728683422));
#2119 = CARTESIAN_POINT('',(2.957487051302,320.53999543933));
#2120 = CARTESIAN_POINT('',(2.955200568943,320.27015471427));
#2121 = CARTESIAN_POINT('',(2.955200568943,319.72982970489));
#2122 = CARTESIAN_POINT('',(2.957487306591,319.45998137185));
#2123 = CARTESIAN_POINT('',(2.96205142638,319.19269451663));
#2124 = CARTESIAN_POINT('',(2.968936276842,318.93042894696));
#2125 = CARTESIAN_POINT('',(2.978223686918,318.6762708805));
#2126 = CARTESIAN_POINT('',(2.990019193128,318.43446781316));
#2127 = CARTESIAN_POINT('',(3.017553912457,318.00810040527));
#2128 = CARTESIAN_POINT('',(3.033202904448,317.81481602965));
#2129 = CARTESIAN_POINT('',(3.051332533936,317.642994669));
#2130 = CARTESIAN_POINT('',(3.071691814975,317.50277189771));
#2131 = CARTESIAN_POINT('',(3.093878502273,317.40275658719));
#2132 = CARTESIAN_POINT('',(3.117384885905,317.35));
#2133 = CARTESIAN_POINT('',(3.165801309262,317.35));
#2134 = CARTESIAN_POINT('',(3.189307792789,317.40276046673));
#2135 = CARTESIAN_POINT('',(3.211494047287,317.50277708081));
#2136 = CARTESIAN_POINT('',(3.231852791653,317.64299697159));
#2137 = CARTESIAN_POINT('',(3.249982063743,317.81481335178));
#2138 = CARTESIAN_POINT('',(3.26563105329,318.00809511828));
#2139 = CARTESIAN_POINT('',(3.293165999342,318.43446603692));
#2140 = CARTESIAN_POINT('',(3.304961635573,318.67627016785));
#2141 = CARTESIAN_POINT('',(3.314249109335,318.93043056207));
#2142 = CARTESIAN_POINT('',(3.321133927766,319.19269692596));
#2143 = CARTESIAN_POINT('',(3.325698004769,319.45998304468));
#2144 = CARTESIAN_POINT('',(3.327984738237,319.72982993399));
#2145 = CARTESIAN_POINT('',(3.327984738237,320.2701702951));
#2146 = CARTESIAN_POINT('',(3.325698000588,320.54001862814));
#2147 = CARTESIAN_POINT('',(3.321133880799,320.80730548336));
#2148 = CARTESIAN_POINT('',(3.314249030338,321.06957105303));
#2149 = CARTESIAN_POINT('',(3.304961620261,321.32372911949));
#2150 = CARTESIAN_POINT('',(3.293166114051,321.56553218683));
#2151 = CARTESIAN_POINT('',(3.265631053288,321.99190488174));
#2152 = CARTESIAN_POINT('',(3.249982063745,322.18518664817));
#2153 = CARTESIAN_POINT('',(3.231852791655,322.3570030284));
#2154 = CARTESIAN_POINT('',(3.211494047286,322.49722291921));
#2155 = CARTESIAN_POINT('',(3.189307792787,322.59723953325));
#2156 = CARTESIAN_POINT('',(3.165801309264,322.65));
#2157 = CARTESIAN_POINT('',(3.14159265359,322.65));
#2158 = ( GEOMETRIC_REPRESENTATION_CONTEXT(2) 
PARAMETRIC_REPRESENTATION_CONTEXT() REPRESENTATION_CONTEXT('2D SPACE',''
  ) );
#2159 = PCURVE('',#2160,#2165);
#2160 = CYLINDRICAL_SURFACE('',#2161,2.65);
#2161 = AXIS2_PLACEMENT_3D('',#2162,#2163,#2164);
#2162 = CARTESIAN_POINT('',(140.,0.,-690.));
#2163 = DIRECTION('',(0.,0.,1.));
#2164 = DIRECTION('',(1.,0.,-0.));
#2165 = DEFINITIONAL_REPRESENTATION('',(#2166),#2217);
#2166 = B_SPLINE_CURVE_WITH_KNOTS('',7,(#2167,#2168,#2169,#2170,#2171,
    #2172,#2173,#2174,#2175,#2176,#2177,#2178,#2179,#2180,#2181,#2182,
    #2183,#2184,#2185,#2186,#2187,#2188,#2189,#2190,#2191,#2192,#2193,
    #2194,#2195,#2196,#2197,#2198,#2199,#2200,#2201,#2202,#2203,#2204,
    #2205,#2206,#2207,#2208,#2209,#2210,#2211,#2212,#2213,#2214,#2215,
    #2216),.UNSPECIFIED.,.F.,.F.,(8,6,6,6,6,6,6,6,8),(0.,0.119145968731,
    0.24999487175,0.380851321313,0.499993677202,0.619140403458,
    0.749997206746,0.880854120994,1.),.UNSPECIFIED.);
#2167 = CARTESIAN_POINT('',(0.,34.3));
#2168 = CARTESIAN_POINT('',(0.130635387209,34.3));
#2169 = CARTESIAN_POINT('',(0.257481493151,34.290222313904));
#2170 = CARTESIAN_POINT('',(0.380720699747,34.271689901451));
#2171 = CARTESIAN_POINT('',(0.500210490809,34.246883424541));
#2172 = CARTESIAN_POINT('',(0.61555070437,34.219106555789));
#2173 = CARTESIAN_POINT('',(0.725929806238,34.191354874878));
#2174 = CARTESIAN_POINT('',(0.943987383575,34.137518468273));
#2175 = CARTESIAN_POINT('',(1.053754281653,34.11102148137));
#2176 = CARTESIAN_POINT('',(1.160283202466,34.088248357268));
#2177 = CARTESIAN_POINT('',(1.264428494629,34.070466397656));
#2178 = CARTESIAN_POINT('',(1.367024660969,34.058372123891));
#2179 = CARTESIAN_POINT('',(1.468851151598,34.052312976873));
#2180 = CARTESIAN_POINT('',(1.672747381551,34.052312976873));
#2181 = CARTESIAN_POINT('',(1.77457670576,34.058372792957));
#2182 = CARTESIAN_POINT('',(1.877171562322,34.070467910209));
#2183 = CARTESIAN_POINT('',(1.981311497883,34.088249331479));
#2184 = CARTESIAN_POINT('',(2.087834083684,34.111020503102));
#2185 = CARTESIAN_POINT('',(2.197598196261,34.137516721828));
#2186 = CARTESIAN_POINT('',(2.415660143371,34.19135420729));
#2187 = CARTESIAN_POINT('',(2.526039974544,34.219106043621));
#2188 = CARTESIAN_POINT('',(2.641382721762,34.246883677658));
#2189 = CARTESIAN_POINT('',(2.760875330191,34.271690861524));
#2190 = CARTESIAN_POINT('',(2.884116492797,34.290223033009));
#2191 = CARTESIAN_POINT('',(3.010962058157,34.3));
#2192 = CARTESIAN_POINT('',(3.272228040801,34.3));
#2193 = CARTESIAN_POINT('',(3.399074146738,34.290222313903));
#2194 = CARTESIAN_POINT('',(3.522313353335,34.271689901452));
#2195 = CARTESIAN_POINT('',(3.6418031444,34.24688342454));
#2196 = CARTESIAN_POINT('',(3.757143357963,34.219106555789));
#2197 = CARTESIAN_POINT('',(3.867522459824,34.191354874879));
#2198 = CARTESIAN_POINT('',(4.085586202473,34.137516946115));
#2199 = CARTESIAN_POINT('',(4.195351080112,34.111020527072));
#2200 = CARTESIAN_POINT('',(4.301874493284,34.088249116161));
#2201 = CARTESIAN_POINT('',(4.406014663343,34.070467788707));
#2202 = CARTESIAN_POINT('',(4.508609231484,34.058372781245));
#2203 = CARTESIAN_POINT('',(4.61043801208,34.052312976873));
#2204 = CARTESIAN_POINT('',(4.81434003514,34.052312976873));
#2205 = CARTESIAN_POINT('',(4.916169359349,34.058372792957));
#2206 = CARTESIAN_POINT('',(5.018764215913,34.070467910209));
#2207 = CARTESIAN_POINT('',(5.122904151472,34.088249331479));
#2208 = CARTESIAN_POINT('',(5.229426737274,34.111020503102));
#2209 = CARTESIAN_POINT('',(5.339190849851,34.137516721828));
#2210 = CARTESIAN_POINT('',(5.557255500958,34.191354874882));
#2211 = CARTESIAN_POINT('',(5.667634602791,34.219106555785));
#2212 = CARTESIAN_POINT('',(5.782974816363,34.246883424538));
#2213 = CARTESIAN_POINT('',(5.902464607443,34.271689901457));
#2214 = CARTESIAN_POINT('',(6.025703814044,34.290222313901));
#2215 = CARTESIAN_POINT('',(6.152549919955,34.3));
#2216 = CARTESIAN_POINT('',(6.28318530718,34.3));
#2217 = ( GEOMETRIC_REPRESENTATION_CONTEXT(2) 
PARAMETRIC_REPRESENTATION_CONTEXT() REPRESENTATION_CONTEXT('2D SPACE',''
  ) );
#2218 = FACE_BOUND('',#2219,.T.);
#2219 = EDGE_LOOP('',(#2220));
#2220 = ORIENTED_EDGE('',*,*,#2221,.F.);
#2221 = EDGE_CURVE('',#2222,#2222,#2224,.T.);
#2222 = VERTEX_POINT('',#2223);
#2223 = CARTESIAN_POINT('',(168.,-1.959434878636E-15,-655.7));
#2224 = SURFACE_CURVE('',#2225,(#2360,#2498),.PCURVE_S1.);
#2225 = B_SPLINE_CURVE_WITH_KNOTS('',7,(#2226,#2227,#2228,#2229,#2230,
    #2231,#2232,#2233,#2234,#2235,#2236,#2237,#2238,#2239,#2240,#2241,
    #2242,#2243,#2244,#2245,#2246,#2247,#2248,#2249,#2250,#2251,#2252,
    #2253,#2254,#2255,#2256,#2257,#2258,#2259,#2260,#2261,#2262,#2263,
    #2264,#2265,#2266,#2267,#2268,#2269,#2270,#2271,#2272,#2273,#2274,
    #2275,#2276,#2277,#2278,#2279,#2280,#2281,#2282,#2283,#2284,#2285,
    #2286,#2287,#2288,#2289,#2290,#2291,#2292,#2293,#2294,#2295,#2296,
    #2297,#2298,#2299,#2300,#2301,#2302,#2303,#2304,#2305,#2306,#2307,
    #2308,#2309,#2310,#2311,#2312,#2313,#2314,#2315,#2316,#2317,#2318,
    #2319,#2320,#2321,#2322,#2323,#2324,#2325,#2326,#2327,#2328,#2329,
    #2330,#2331,#2332,#2333,#2334,#2335,#2336,#2337,#2338,#2339,#2340,
    #2341,#2342,#2343,#2344,#2345,#2346,#2347,#2348,#2349,#2350,#2351,
    #2352,#2353,#2354,#2355,#2356,#2357,#2358,#2359),.UNSPECIFIED.,.T.,
  .F.,(8,6,6,6,6,6,6,6,6,6,6,6,6,6,6,6,6,6,6,6,6,6,8),(0.,
    5.497306431589E-02,8.161218764978E-02,0.115574352437,0.156568295044,
    0.202031511008,0.250219318628,0.298271494908,0.344513616063,
    0.419922473645,0.467348088701,0.522747052287,0.555615932628,
    0.582177670977,0.616041177803,0.656916035575,0.702247183745,
    0.750295008803,0.798207596522,0.844315387211,0.919505186111,
    0.966793031866,1.),.UNSPECIFIED.);
#2226 = CARTESIAN_POINT('',(168.,0.,-655.7));
#2227 = CARTESIAN_POINT('',(168.,0.496285054425,-655.7));
#2228 = CARTESIAN_POINT('',(167.9640810057,0.988806888739,
    -655.7200946912));
#2229 = CARTESIAN_POINT('',(167.8932256701,1.47255938196,-655.7597334862
    ));
#2230 = CARTESIAN_POINT('',(167.78955675808,1.94265974592,
    -655.8173404099));
#2231 = CARTESIAN_POINT('',(167.65633487951,2.394476985567,
    -655.8903671038));
#2232 = CARTESIAN_POINT('',(167.49802280411,2.823748707784,
    -655.9754675019));
#2233 = CARTESIAN_POINT('',(167.23435093562,3.421943788595,
    -656.1140188867));
#2234 = CARTESIAN_POINT('',(167.14338032027,3.611866835753,
    -656.1613721328));
#2235 = CARTESIAN_POINT('',(167.04785312667,3.796469758189,
    -656.2105722861));
#2236 = CARTESIAN_POINT('',(166.94809499272,3.975777852966,
    -656.2613500638));
#2237 = CARTESIAN_POINT('',(166.84440891846,4.149827212409,
    -656.3134492533));
#2238 = CARTESIAN_POINT('',(166.73707560483,4.318664560294,
    -656.3666274331));
#2239 = CARTESIAN_POINT('',(166.48519477635,4.69102561362,
    -656.4895384933));
#2240 = CARTESIAN_POINT('',(166.33849120702,4.891380135153,
    -656.5598216997));
#2241 = CARTESIAN_POINT('',(166.18672241284,5.083596186662,
    -656.6310597943));
#2242 = CARTESIAN_POINT('',(166.03029738993,5.267868269231,
    -656.7028471936));
#2243 = CARTESIAN_POINT('',(165.86956017793,5.44439302206,-656.774814137
    ));
#2244 = CARTESIAN_POINT('',(165.70479523593,5.613362393501,
    -656.8466215745));
#2245 = CARTESIAN_POINT('',(165.33276999081,5.970008934476,
    -657.0040601506));
#2246 = CARTESIAN_POINT('',(165.12374733201,6.154342007487,
    -657.0894864285));
#2247 = CARTESIAN_POINT('',(164.90963181485,6.328205989,-657.1736555345)
  );
#2248 = CARTESIAN_POINT('',(164.69080569653,6.491829736966,
    -657.256033132));
#2249 = CARTESIAN_POINT('',(164.46757791963,6.64541394209,
    -657.3361213621));
#2250 = CARTESIAN_POINT('',(164.24019551324,6.789124060487,
    -657.4134503059));
#2251 = CARTESIAN_POINT('',(163.75229308989,7.071647034275,
    -657.5697692607));
#2252 = CARTESIAN_POINT('',(163.4908180373,7.208244264988,
    -657.6480358386));
#2253 = CARTESIAN_POINT('',(163.22489058788,7.332920386942,
    -657.721689547));
#2254 = CARTESIAN_POINT('',(162.95493014322,7.445708628212,
    -657.7900952638));
#2255 = CARTESIAN_POINT('',(162.6813153398,7.54662387797,-657.8526685827
    ));
#2256 = CARTESIAN_POINT('',(162.40438463383,7.635656567973,
    -657.9088820194));
#2257 = CARTESIAN_POINT('',(161.82771198594,7.794497709573,
    -658.0106202886));
#2258 = CARTESIAN_POINT('',(161.52760027932,7.862833084897,
    -658.0553020153));
#2259 = CARTESIAN_POINT('',(161.22481333058,7.91762587984,
    -658.0917005225));
#2260 = CARTESIAN_POINT('',(160.92002350129,7.958785824066,
    -658.1193350057));
#2261 = CARTESIAN_POINT('',(160.6138747217,7.986255972275,
    -658.1378758036));
#2262 = CARTESIAN_POINT('',(160.3069934758,8.,-658.1471522409));
#2263 = CARTESIAN_POINT('',(159.69387060036,8.,-658.1471522409));
#2264 = CARTESIAN_POINT('',(159.38785196788,7.986333231872,
    -658.1379279494));
#2265 = CARTESIAN_POINT('',(159.08255952928,7.959017320576,
    -658.1194912528));
#2266 = CARTESIAN_POINT('',(158.77861489694,7.918088207154,
    -658.0920109288));
#2267 = CARTESIAN_POINT('',(158.47665690168,7.86360232804,
    -658.0558130412));
#2268 = CARTESIAN_POINT('',(158.17735241894,7.795649117612,
    -658.0113732212));
#2269 = CARTESIAN_POINT('',(157.5966093887,7.636160071328,
    -657.9091899419));
#2270 = CARTESIAN_POINT('',(157.31492704233,7.545610311448,
    -657.8520114373));
#2271 = CARTESIAN_POINT('',(157.03667944522,7.44276978534,
    -657.7882547251));
#2272 = CARTESIAN_POINT('',(156.76222030181,7.327647316909,
    -657.7184746105));
#2273 = CARTESIAN_POINT('',(156.491943694,7.200224243313,-657.6432859759
    ));
#2274 = CARTESIAN_POINT('',(156.22629025035,7.060463335293,
    -657.5633584542));
#2275 = CARTESIAN_POINT('',(155.54088542092,6.66020783548,
    -657.3425148354));
#2276 = CARTESIAN_POINT('',(155.12994722543,6.379351948455,
    -657.1950329739));
#2277 = CARTESIAN_POINT('',(154.73372741851,6.064868422219,
    -657.0396907619));
#2278 = CARTESIAN_POINT('',(154.35376804385,5.715282424717,
    -656.8793948117));
#2279 = CARTESIAN_POINT('',(153.99258201273,5.328729092002,
    -656.7174631873));
#2280 = CARTESIAN_POINT('',(153.65391370632,4.903190369233,
    -656.5579254566));
#2281 = CARTESIAN_POINT('',(153.14761454896,4.143554632362,
    -656.3099986393));
#2282 = CARTESIAN_POINT('',(152.96262302414,3.833332207229,
    -656.2169180672));
#2283 = CARTESIAN_POINT('',(152.78997493093,3.506203651713,
    -656.127944517));
#2284 = CARTESIAN_POINT('',(152.6315968537,3.162317715703,-656.044642407
    ));
#2285 = CARTESIAN_POINT('',(152.48950651514,2.801967343334,
    -655.968653404));
#2286 = CARTESIAN_POINT('',(152.36583737992,2.425612811162,
    -655.9016666207));
#2287 = CARTESIAN_POINT('',(152.14258547399,1.576345970028,
    -655.7796336858));
#2288 = CARTESIAN_POINT('',(152.05027996151,1.096821098138,
    -655.7283419403));
#2289 = CARTESIAN_POINT('',(151.99142771701,0.602345315085,
    -655.695216271));
#2290 = CARTESIAN_POINT('',(151.96912115975,0.100324886334,
    -655.6826145786));
#2291 = CARTESIAN_POINT('',(151.98423592004,-0.401646600124,
    -655.6912178985));
#2292 = CARTESIAN_POINT('',(152.03545158282,-0.896003500141,
    -655.7199728118));
#2293 = CARTESIAN_POINT('',(152.16877008089,-1.659884050816,
    -655.7937882251));
#2294 = CARTESIAN_POINT('',(152.22977462715,-1.938701004457,
    -655.8274247696));
#2295 = CARTESIAN_POINT('',(152.30146899284,-2.211221693385,
    -655.866723959));
#2296 = CARTESIAN_POINT('',(152.3831248174,-2.476829236512,
    -655.9111345281));
#2297 = CARTESIAN_POINT('',(152.47394975266,-2.734952116116,
    -655.9600521318));
#2298 = CARTESIAN_POINT('',(152.57308179904,-2.985064452511,
    -656.0128307644));
#2299 = CARTESIAN_POINT('',(152.76564906437,-3.421943788595,
    -656.1140188867));
#2300 = CARTESIAN_POINT('',(152.85661967972,-3.611866835753,
    -656.1613721328));
#2301 = CARTESIAN_POINT('',(152.95214687332,-3.796469758189,
    -656.2105722861));
#2302 = CARTESIAN_POINT('',(153.05190500727,-3.975777852965,
    -656.2613500638));
#2303 = CARTESIAN_POINT('',(153.15559108153,-4.149827212409,
    -656.3134492533));
#2304 = CARTESIAN_POINT('',(153.26292439516,-4.318664560294,
    -656.3666274331));
#2305 = CARTESIAN_POINT('',(153.51480522364,-4.69102561362,
    -656.4895384933));
#2306 = CARTESIAN_POINT('',(153.66150879297,-4.891380135154,
    -656.5598216997));
#2307 = CARTESIAN_POINT('',(153.81327758715,-5.083596186661,
    -656.6310597943));
#2308 = CARTESIAN_POINT('',(153.96970261006,-5.267868269231,
    -656.7028471936));
#2309 = CARTESIAN_POINT('',(154.13043982206,-5.44439302206,
    -656.774814137));
#2310 = CARTESIAN_POINT('',(154.29520476406,-5.613362393502,
    -656.8466215745));
#2311 = CARTESIAN_POINT('',(154.66723000919,-5.970008934476,
    -657.0040601506));
#2312 = CARTESIAN_POINT('',(154.87625266799,-6.154342007487,
    -657.0894864285));
#2313 = CARTESIAN_POINT('',(155.09036818514,-6.328205989,-657.1736555345
    ));
#2314 = CARTESIAN_POINT('',(155.30919430346,-6.491829736965,
    -657.256033132));
#2315 = CARTESIAN_POINT('',(155.53242208036,-6.64541394209,
    -657.3361213621));
#2316 = CARTESIAN_POINT('',(155.75980448675,-6.789124060487,
    -657.4134503059));
#2317 = CARTESIAN_POINT('',(156.2477069101,-7.071647034275,
    -657.5697692607));
#2318 = CARTESIAN_POINT('',(156.5091819627,-7.208244264988,
    -657.6480358386));
#2319 = CARTESIAN_POINT('',(156.77510941211,-7.332920386942,
    -657.721689547));
#2320 = CARTESIAN_POINT('',(157.04506985677,-7.445708628212,
    -657.7900952638));
#2321 = CARTESIAN_POINT('',(157.31868466019,-7.54662387797,
    -657.8526685827));
#2322 = CARTESIAN_POINT('',(157.59561536616,-7.635656567973,
    -657.9088820194));
#2323 = CARTESIAN_POINT('',(158.17228801405,-7.794497709573,
    -658.0106202886));
#2324 = CARTESIAN_POINT('',(158.47239972067,-7.862833084897,
    -658.0553020153));
#2325 = CARTESIAN_POINT('',(158.77518666942,-7.91762587984,
    -658.0917005225));
#2326 = CARTESIAN_POINT('',(159.0799764987,-7.958785824066,
    -658.1193350057));
#2327 = CARTESIAN_POINT('',(159.38612527829,-7.986255972275,
    -658.1378758036));
#2328 = CARTESIAN_POINT('',(159.69300652419,-8.,-658.1471522409));
#2329 = CARTESIAN_POINT('',(160.30612939963,-8.,-658.1471522409));
#2330 = CARTESIAN_POINT('',(160.61214803211,-7.986333231872,
    -658.1379279494));
#2331 = CARTESIAN_POINT('',(160.91744047071,-7.959017320576,
    -658.1194912528));
#2332 = CARTESIAN_POINT('',(161.22138510305,-7.918088207154,
    -658.0920109288));
#2333 = CARTESIAN_POINT('',(161.52334309831,-7.86360232804,
    -658.0558130412));
#2334 = CARTESIAN_POINT('',(161.82264758105,-7.795649117612,
    -658.0113732212));
#2335 = CARTESIAN_POINT('',(162.40339061129,-7.636160071328,
    -657.9091899419));
#2336 = CARTESIAN_POINT('',(162.68507295766,-7.545610311448,
    -657.8520114373));
#2337 = CARTESIAN_POINT('',(162.96332055477,-7.44276978534,
    -657.7882547251));
#2338 = CARTESIAN_POINT('',(163.23777969818,-7.327647316908,
    -657.7184746105));
#2339 = CARTESIAN_POINT('',(163.50805630599,-7.200224243313,
    -657.6432859759));
#2340 = CARTESIAN_POINT('',(163.77370974964,-7.060463335294,
    -657.5633584542));
#2341 = CARTESIAN_POINT('',(164.45911457526,-6.660207837705,
    -657.3425148367));
#2342 = CARTESIAN_POINT('',(164.87005278399,-6.379351943845,
    -657.195032971));
#2343 = CARTESIAN_POINT('',(165.26627257412,-6.064868422324,
    -657.0396907636));
#2344 = CARTESIAN_POINT('',(165.64623195397,-5.715282433862,
    -656.8793948139));
#2345 = CARTESIAN_POINT('',(166.00741799372,-5.328729081104,
    -656.7174631838));
#2346 = CARTESIAN_POINT('',(166.34608629067,-4.903190373737,
    -656.5579254581));
#2347 = CARTESIAN_POINT('',(166.85238545112,-4.143554632226,
    -656.3099986393));
#2348 = CARTESIAN_POINT('',(167.03737697584,-3.833332207226,
    -656.2169180672));
#2349 = CARTESIAN_POINT('',(167.21002506899,-3.50620365184,
    -656.127944517));
#2350 = CARTESIAN_POINT('',(167.36840314626,-3.162317715821,
    -656.044642407));
#2351 = CARTESIAN_POINT('',(167.51049348488,-2.8019673433,-655.968653404
    ));
#2352 = CARTESIAN_POINT('',(167.63416262012,-2.425612810983,
    -655.9016666207));
#2353 = CARTESIAN_POINT('',(167.80944149597,-1.758838941377,
    -655.8058564839));
#2354 = CARTESIAN_POINT('',(167.87151626746,-1.476302312944,
    -655.7716232684));
#2355 = CARTESIAN_POINT('',(167.92229076079,-1.187638163551,
    -655.7434222746));
#2356 = CARTESIAN_POINT('',(167.9609590302,-0.894238074334,
    -655.7218411028));
#2357 = CARTESIAN_POINT('',(167.9869653958,-0.597530158066,
    -655.7072920857));
#2358 = CARTESIAN_POINT('',(168.,-0.298964804015,-655.7));
#2359 = CARTESIAN_POINT('',(168.,0.,-655.7));
#2360 = PCURVE('',#97,#2361);
#2361 = DEFINITIONAL_REPRESENTATION('',(#2362),#2497);
#2362 = B_SPLINE_CURVE_WITH_KNOTS('',7,(#2363,#2364,#2365,#2366,#2367,
    #2368,#2369,#2370,#2371,#2372,#2373,#2374,#2375,#2376,#2377,#2378,
    #2379,#2380,#2381,#2382,#2383,#2384,#2385,#2386,#2387,#2388,#2389,
    #2390,#2391,#2392,#2393,#2394,#2395,#2396,#2397,#2398,#2399,#2400,
    #2401,#2402,#2403,#2404,#2405,#2406,#2407,#2408,#2409,#2410,#2411,
    #2412,#2413,#2414,#2415,#2416,#2417,#2418,#2419,#2420,#2421,#2422,
    #2423,#2424,#2425,#2426,#2427,#2428,#2429,#2430,#2431,#2432,#2433,
    #2434,#2435,#2436,#2437,#2438,#2439,#2440,#2441,#2442,#2443,#2444,
    #2445,#2446,#2447,#2448,#2449,#2450,#2451,#2452,#2453,#2454,#2455,
    #2456,#2457,#2458,#2459,#2460,#2461,#2462,#2463,#2464,#2465,#2466,
    #2467,#2468,#2469,#2470,#2471,#2472,#2473,#2474,#2475,#2476,#2477,
    #2478,#2479,#2480,#2481,#2482,#2483,#2484,#2485,#2486,#2487,#2488,
    #2489,#2490,#2491,#2492,#2493,#2494,#2495,#2496),.UNSPECIFIED.,.T.,
  .F.,(8,6,6,6,6,6,6,6,6,6,6,6,6,6,6,6,6,6,6,6,6,6,8),(0.,
    5.497306431589E-02,8.161218764978E-02,0.115574352437,0.156568295044,
    0.202031511008,0.250219318628,0.298271494908,0.344513616063,
    0.419922473645,0.467348088701,0.522747052287,0.555615932628,
    0.582177670977,0.616041177803,0.656916035575,0.702247183745,
    0.750295008803,0.798207596522,0.844315387211,0.919505186111,
    0.966793031866,1.),.UNSPECIFIED.);
#2363 = CARTESIAN_POINT('',(3.14159265359,348.));
#2364 = CARTESIAN_POINT('',(3.106887405029,348.));
#2365 = CARTESIAN_POINT('',(3.072445272743,347.9640810057));
#2366 = CARTESIAN_POINT('',(3.038548314096,347.8932256701));
#2367 = CARTESIAN_POINT('',(3.005473767735,347.78955675808));
#2368 = CARTESIAN_POINT('',(2.973501317965,347.65633487951));
#2369 = CARTESIAN_POINT('',(2.94291364552,347.49802280411));
#2370 = CARTESIAN_POINT('',(2.899974427735,347.23435093562));
#2371 = CARTESIAN_POINT('',(2.886288422496,347.14338032027));
#2372 = CARTESIAN_POINT('',(2.872931220561,347.04785312667));
#2373 = CARTESIAN_POINT('',(2.859901800944,346.94809499272));
#2374 = CARTESIAN_POINT('',(2.847199039174,346.84440891846));
#2375 = CARTESIAN_POINT('',(2.834821596345,346.73707560483));
#2376 = CARTESIAN_POINT('',(2.807400457857,346.48519477635));
#2377 = CARTESIAN_POINT('',(2.792555146022,346.33849120702));
#2378 = CARTESIAN_POINT('',(2.778223435772,346.18672241284));
#2379 = CARTESIAN_POINT('',(2.764397157383,346.03029738993));
#2380 = CARTESIAN_POINT('',(2.751068671391,345.86956017793));
#2381 = CARTESIAN_POINT('',(2.738231131681,345.70479523593));
#2382 = CARTESIAN_POINT('',(2.710968836703,345.33276999081));
#2383 = CARTESIAN_POINT('',(2.696763797842,345.12374733201));
#2384 = CARTESIAN_POINT('',(2.683258626362,344.90963181485));
#2385 = CARTESIAN_POINT('',(2.6704506127,344.69080569653));
#2386 = CARTESIAN_POINT('',(2.658339593268,344.46757791963));
#2387 = CARTESIAN_POINT('',(2.646928200369,344.24019551324));
#2388 = CARTESIAN_POINT('',(2.624348816406,343.75229308989));
#2389 = CARTESIAN_POINT('',(2.613340893709,343.4908180373));
#2390 = CARTESIAN_POINT('',(2.603215851221,343.22489058788));
#2391 = CARTESIAN_POINT('',(2.593992203768,342.95493014322));
#2392 = CARTESIAN_POINT('',(2.585689122649,342.6813153398));
#2393 = CARTESIAN_POINT('',(2.578326084485,342.40438463383));
#2394 = CARTESIAN_POINT('',(2.565135192673,341.82771198594));
#2395 = CARTESIAN_POINT('',(2.559425889198,341.52760027932));
#2396 = CARTESIAN_POINT('',(2.554825963744,341.22481333058));
#2397 = CARTESIAN_POINT('',(2.551359107772,340.92002350129));
#2398 = CARTESIAN_POINT('',(2.549041504278,340.6138747217));
#2399 = CARTESIAN_POINT('',(2.54788195073,340.3069934758));
#2400 = CARTESIAN_POINT('',(2.54788195073,339.69387060036));
#2401 = CARTESIAN_POINT('',(2.549034986075,339.38785196788));
#2402 = CARTESIAN_POINT('',(2.55133957683,339.08255952928));
#2403 = CARTESIAN_POINT('',(2.554787022298,338.77861489694));
#2404 = CARTESIAN_POINT('',(2.559361309408,338.47665690168));
#2405 = CARTESIAN_POINT('',(2.565038991641,338.17735241894));
#2406 = CARTESIAN_POINT('',(2.578284820984,337.5966093887));
#2407 = CARTESIAN_POINT('',(2.585773586876,337.31492704233));
#2408 = CARTESIAN_POINT('',(2.594234678288,337.03667944522));
#2409 = CARTESIAN_POINT('',(2.603647681219,336.76222030181));
#2410 = CARTESIAN_POINT('',(2.613992621685,336.491943694));
#2411 = CARTESIAN_POINT('',(2.625250161855,336.22629025035));
#2412 = CARTESIAN_POINT('',(2.657217947326,335.54088542092));
#2413 = CARTESIAN_POINT('',(2.679396699144,335.12994722543));
#2414 = CARTESIAN_POINT('',(2.703912664022,334.73372741851));
#2415 = CARTESIAN_POINT('',(2.730784336356,334.35376804385));
#2416 = CARTESIAN_POINT('',(2.760061390483,333.99258201273));
#2417 = CARTESIAN_POINT('',(2.791812261772,333.65391370632));
#2418 = CARTESIAN_POINT('',(2.847691339397,333.14761454896));
#2419 = CARTESIAN_POINT('',(2.870334175635,332.96262302414));
#2420 = CARTESIAN_POINT('',(2.894028216512,332.78997493093));
#2421 = CARTESIAN_POINT('',(2.918753308565,332.6315968537));
#2422 = CARTESIAN_POINT('',(2.944486874217,332.48950651514));
#2423 = CARTESIAN_POINT('',(2.971204068859,332.36583737992));
#2424 = CARTESIAN_POINT('',(3.031203343663,332.14258547399));
#2425 = CARTESIAN_POINT('',(3.064905925679,332.05027996151));
#2426 = CARTESIAN_POINT('',(3.099517298316,331.99142771701));
#2427 = CARTESIAN_POINT('',(3.13457935935,331.96912115975));
#2428 = CARTESIAN_POINT('',(3.169639329324,331.98423592004));
#2429 = CARTESIAN_POINT('',(3.204243000084,332.03545158282));
#2430 = CARTESIAN_POINT('',(3.257910044442,332.16877008089));
#2431 = CARTESIAN_POINT('',(3.277543560978,332.22977462715));
#2432 = CARTESIAN_POINT('',(3.296789994106,332.30146899284));
#2433 = CARTESIAN_POINT('',(3.315613592751,332.3831248174));
#2434 = CARTESIAN_POINT('',(3.333978994072,332.47394975266));
#2435 = CARTESIAN_POINT('',(3.35185111478,332.57308179904));
#2436 = CARTESIAN_POINT('',(3.383210879445,332.76564906437));
#2437 = CARTESIAN_POINT('',(3.396896884684,332.85661967972));
#2438 = CARTESIAN_POINT('',(3.410254086618,332.95214687332));
#2439 = CARTESIAN_POINT('',(3.423283506235,333.05190500727));
#2440 = CARTESIAN_POINT('',(3.435986268006,333.15559108153));
#2441 = CARTESIAN_POINT('',(3.448363710835,333.26292439516));
#2442 = CARTESIAN_POINT('',(3.475784849323,333.51480522364));
#2443 = CARTESIAN_POINT('',(3.490630161158,333.66150879297));
#2444 = CARTESIAN_POINT('',(3.504961871407,333.81327758715));
#2445 = CARTESIAN_POINT('',(3.518788149796,333.96970261006));
#2446 = CARTESIAN_POINT('',(3.532116635788,334.13043982206));
#2447 = CARTESIAN_POINT('',(3.544954175499,334.29520476406));
#2448 = CARTESIAN_POINT('',(3.572216470476,334.66723000919));
#2449 = CARTESIAN_POINT('',(3.586421509338,334.87625266799));
#2450 = CARTESIAN_POINT('',(3.599926680817,335.09036818514));
#2451 = CARTESIAN_POINT('',(3.612734694479,335.30919430346));
#2452 = CARTESIAN_POINT('',(3.624845713911,335.53242208036));
#2453 = CARTESIAN_POINT('',(3.63625710681,335.75980448675));
#2454 = CARTESIAN_POINT('',(3.658836490774,336.2477069101));
#2455 = CARTESIAN_POINT('',(3.66984441347,336.5091819627));
#2456 = CARTESIAN_POINT('',(3.679969455959,336.77510941211));
#2457 = CARTESIAN_POINT('',(3.689193103412,337.04506985677));
#2458 = CARTESIAN_POINT('',(3.69749618453,337.31868466019));
#2459 = CARTESIAN_POINT('',(3.704859222695,337.59561536616));
#2460 = CARTESIAN_POINT('',(3.718050114506,338.17228801405));
#2461 = CARTESIAN_POINT('',(3.723759417982,338.47239972067));
#2462 = CARTESIAN_POINT('',(3.728359343436,338.77518666942));
#2463 = CARTESIAN_POINT('',(3.731826199408,339.0799764987));
#2464 = CARTESIAN_POINT('',(3.734143802901,339.38612527829));
#2465 = CARTESIAN_POINT('',(3.73530335645,339.69300652419));
#2466 = CARTESIAN_POINT('',(3.73530335645,340.30612939963));
#2467 = CARTESIAN_POINT('',(3.734150321104,340.61214803211));
#2468 = CARTESIAN_POINT('',(3.73184573035,340.91744047071));
#2469 = CARTESIAN_POINT('',(3.728398284882,341.22138510305));
#2470 = CARTESIAN_POINT('',(3.723823997772,341.52334309831));
#2471 = CARTESIAN_POINT('',(3.718146315538,341.82264758105));
#2472 = CARTESIAN_POINT('',(3.704900486196,342.40339061129));
#2473 = CARTESIAN_POINT('',(3.697411720304,342.68507295766));
#2474 = CARTESIAN_POINT('',(3.688950628891,342.96332055477));
#2475 = CARTESIAN_POINT('',(3.679537625961,343.23777969818));
#2476 = CARTESIAN_POINT('',(3.669192685495,343.50805630599));
#2477 = CARTESIAN_POINT('',(3.657935145325,343.77370974964));
#2478 = CARTESIAN_POINT('',(3.625967360032,344.45911457526));
#2479 = CARTESIAN_POINT('',(3.603788607657,344.87005278399));
#2480 = CARTESIAN_POINT('',(3.57927264321,345.26627257412));
#2481 = CARTESIAN_POINT('',(3.552400971473,345.64623195397));
#2482 = CARTESIAN_POINT('',(3.523123915899,346.00741799372));
#2483 = CARTESIAN_POINT('',(3.491373045739,346.34608629067));
#2484 = CARTESIAN_POINT('',(3.435493967773,346.85238545112));
#2485 = CARTESIAN_POINT('',(3.412851131544,347.03737697584));
#2486 = CARTESIAN_POINT('',(3.389157090677,347.21002506899));
#2487 = CARTESIAN_POINT('',(3.364431998623,347.36840314626));
#2488 = CARTESIAN_POINT('',(3.33869843296,347.51049348488));
#2489 = CARTESIAN_POINT('',(3.311981238307,347.63416262012));
#2490 = CARTESIAN_POINT('',(3.264874785192,347.80944149597));
#2491 = CARTESIAN_POINT('',(3.24497735308,347.87151626746));
#2492 = CARTESIAN_POINT('',(3.224703802746,347.92229076079));
#2493 = CARTESIAN_POINT('',(3.204141702983,347.9609590302));
#2494 = CARTESIAN_POINT('',(3.183377982143,347.9869653958));
#2495 = CARTESIAN_POINT('',(3.162499283241,348.));
#2496 = CARTESIAN_POINT('',(3.14159265359,348.));
#2497 = ( GEOMETRIC_REPRESENTATION_CONTEXT(2) 
PARAMETRIC_REPRESENTATION_CONTEXT() REPRESENTATION_CONTEXT('2D SPACE',''
  ) );
#2498 = PCURVE('',#2499,#2504);
#2499 = CYLINDRICAL_SURFACE('',#2500,8.);
#2500 = AXIS2_PLACEMENT_3D('',#2501,#2502,#2503);
#2501 = CARTESIAN_POINT('',(160.,0.,-690.));
#2502 = DIRECTION('',(0.,0.,1.));
#2503 = DIRECTION('',(1.,0.,-0.));
#2504 = DEFINITIONAL_REPRESENTATION('',(#2505),#2640);
#2505 = B_SPLINE_CURVE_WITH_KNOTS('',7,(#2506,#2507,#2508,#2509,#2510,
    #2511,#2512,#2513,#2514,#2515,#2516,#2517,#2518,#2519,#2520,#2521,
    #2522,#2523,#2524,#2525,#2526,#2527,#2528,#2529,#2530,#2531,#2532,
    #2533,#2534,#2535,#2536,#2537,#2538,#2539,#2540,#2541,#2542,#2543,
    #2544,#2545,#2546,#2547,#2548,#2549,#2550,#2551,#2552,#2553,#2554,
    #2555,#2556,#2557,#2558,#2559,#2560,#2561,#2562,#2563,#2564,#2565,
    #2566,#2567,#2568,#2569,#2570,#2571,#2572,#2573,#2574,#2575,#2576,
    #2577,#2578,#2579,#2580,#2581,#2582,#2583,#2584,#2585,#2586,#2587,
    #2588,#2589,#2590,#2591,#2592,#2593,#2594,#2595,#2596,#2597,#2598,
    #2599,#2600,#2601,#2602,#2603,#2604,#2605,#2606,#2607,#2608,#2609,
    #2610,#2611,#2612,#2613,#2614,#2615,#2616,#2617,#2618,#2619,#2620,
    #2621,#2622,#2623,#2624,#2625,#2626,#2627,#2628,#2629,#2630,#2631,
    #2632,#2633,#2634,#2635,#2636,#2637,#2638,#2639),.UNSPECIFIED.,.F.,
  .F.,(8,6,6,6,6,6,6,6,6,6,6,6,6,6,6,6,6,6,6,6,6,6,8),(0.,
    5.497306431589E-02,8.161218764978E-02,0.115574352437,0.156568295044,
    0.202031511008,0.250219318628,0.298271494908,0.344513616063,
    0.419922473645,0.467348088701,0.522747052287,0.555615932628,
    0.582177670977,0.616041177803,0.656916035575,0.702247183745,
    0.750295008803,0.798207596522,0.844315387211,0.919505186111,
    0.966793031866,1.),.UNSPECIFIED.);
#2506 = CARTESIAN_POINT('',(0.,34.3));
#2507 = CARTESIAN_POINT('',(6.203563180316E-02,34.3));
#2508 = CARTESIAN_POINT('',(0.123600832824,34.279905308707));
#2509 = CARTESIAN_POINT('',(0.184459959792,34.24026651376));
#2510 = CARTESIAN_POINT('',(0.244365443369,34.182659590085));
#2511 = CARTESIAN_POINT('',(0.303034068026,34.109632896128));
#2512 = CARTESIAN_POINT('',(0.360116403683,34.024532498084));
#2513 = CARTESIAN_POINT('',(0.441832395169,33.885981113236));
#2514 = CARTESIAN_POINT('',(0.468142549561,33.838627867101));
#2515 = CARTESIAN_POINT('',(0.494104882186,33.789427713887));
#2516 = CARTESIAN_POINT('',(0.519733109159,33.738649936104));
#2517 = CARTESIAN_POINT('',(0.545040078146,33.68655074665));
#2518 = CARTESIAN_POINT('',(0.570038213708,33.633372566857));
#2519 = CARTESIAN_POINT('',(0.626232172707,33.510461506606));
#2520 = CARTESIAN_POINT('',(0.657250884486,33.44017830028));
#2521 = CARTESIAN_POINT('',(0.68783267108,33.368940205608));
#2522 = CARTESIAN_POINT('',(0.718013240277,33.297152806355));
#2523 = CARTESIAN_POINT('',(0.74782783489,33.225185862952));
#2524 = CARTESIAN_POINT('',(0.777311633105,33.153378425456));
#2525 = CARTESIAN_POINT('',(0.841732070734,32.995939849363));
#2526 = CARTESIAN_POINT('',(0.876538470111,32.910513571449));
#2527 = CARTESIAN_POINT('',(0.910970144008,32.82634446542));
#2528 = CARTESIAN_POINT('',(0.945076222785,32.743966867964));
#2529 = CARTESIAN_POINT('',(0.978904731012,32.663878637867));
#2530 = CARTESIAN_POINT('',(1.01250314838,32.586549694088));
#2531 = CARTESIAN_POINT('',(1.082977878495,32.43023073926));
#2532 = CARTESIAN_POINT('',(1.119818680002,32.351964161367));
#2533 = CARTESIAN_POINT('',(1.156477548468,32.278310452913));
#2534 = CARTESIAN_POINT('',(1.192989900762,32.20990473616));
#2535 = CARTESIAN_POINT('',(1.229391659314,32.147331417238));
#2536 = CARTESIAN_POINT('',(1.265720514133,32.091117980516));
#2537 = CARTESIAN_POINT('',(1.340489099937,31.989379711334));
#2538 = CARTESIAN_POINT('',(1.378924496748,31.944697984605));
#2539 = CARTESIAN_POINT('',(1.417325784253,31.908299477405));
#2540 = CARTESIAN_POINT('',(1.455701077184,31.880664994242));
#2541 = CARTESIAN_POINT('',(1.494061992334,31.862124196386));
#2542 = CARTESIAN_POINT('',(1.532422142319,31.852847759083));
#2543 = CARTESIAN_POINT('',(1.609062501749,31.852847759083));
#2544 = CARTESIAN_POINT('',(1.647314825168,31.862072050564));
#2545 = CARTESIAN_POINT('',(1.685567920147,31.88050874717));
#2546 = CARTESIAN_POINT('',(1.723835238106,31.907989071108));
#2547 = CARTESIAN_POINT('',(1.762128258036,31.944186958704));
#2548 = CARTESIAN_POINT('',(1.800455000908,31.988626778746));
#2549 = CARTESIAN_POINT('',(1.875735644902,32.090810058034));
#2550 = CARTESIAN_POINT('',(1.912686297063,32.147988562639));
#2551 = CARTESIAN_POINT('',(1.949711943388,32.211745274881));
#2552 = CARTESIAN_POINT('',(1.986852568133,32.281525389416));
#2553 = CARTESIAN_POINT('',(2.024146644304,32.356714024067));
#2554 = CARTESIAN_POINT('',(2.061631765797,32.436641545758));
#2555 = CARTESIAN_POINT('',(2.160846199391,32.657485164518));
#2556 = CARTESIAN_POINT('',(2.222907648803,32.80496702601));
#2557 = CARTESIAN_POINT('',(2.285880098894,32.960309238028));
#2558 = CARTESIAN_POINT('',(2.350100889888,33.120605188254));
#2559 = CARTESIAN_POINT('',(2.415908853032,33.282536812678));
#2560 = CARTESIAN_POINT('',(2.483649339896,33.442074543358));
#2561 = CARTESIAN_POINT('',(2.597761763182,33.690001360623));
#2562 = CARTESIAN_POINT('',(2.642853974123,33.78308193271));
#2563 = CARTESIAN_POINT('',(2.688988558794,33.872055482965));
#2564 = CARTESIAN_POINT('',(2.736185870767,33.955357592985));
#2565 = CARTESIAN_POINT('',(2.784477081086,34.031346595936));
#2566 = CARTESIAN_POINT('',(2.833905792549,34.098333379233));
#2567 = CARTESIAN_POINT('',(2.943670852802,34.220366314154));
#2568 = CARTESIAN_POINT('',(3.004575289842,34.271658059679));
#2569 = CARTESIAN_POINT('',(3.066562143461,34.304783728941));
#2570 = CARTESIAN_POINT('',(3.129065751295,34.317385421317));
#2571 = CARTESIAN_POINT('',(3.191570653996,34.308782101406));
#2572 = CARTESIAN_POINT('',(3.253545719632,34.280027188103));
#2573 = CARTESIAN_POINT('',(3.350474117627,34.206211774895));
#2574 = CARTESIAN_POINT('',(3.386118348591,34.172575230342));
#2575 = CARTESIAN_POINT('',(3.421293731742,34.133276040946));
#2576 = CARTESIAN_POINT('',(3.455976958242,34.088865471888));
#2577 = CARTESIAN_POINT('',(3.490139330887,34.03994786814));
#2578 = CARTESIAN_POINT('',(3.523745473896,33.987169235585));
#2579 = CARTESIAN_POINT('',(3.583425048759,33.885981113236));
#2580 = CARTESIAN_POINT('',(3.60973520315,33.838627867101));
#2581 = CARTESIAN_POINT('',(3.635697535776,33.789427713887));
#2582 = CARTESIAN_POINT('',(3.661325762749,33.738649936104));
#2583 = CARTESIAN_POINT('',(3.686632731736,33.68655074665));
#2584 = CARTESIAN_POINT('',(3.711630867298,33.633372566857));
#2585 = CARTESIAN_POINT('',(3.767824826297,33.510461506606));
#2586 = CARTESIAN_POINT('',(3.798843538076,33.44017830028));
#2587 = CARTESIAN_POINT('',(3.82942532467,33.368940205608));
#2588 = CARTESIAN_POINT('',(3.859605893867,33.297152806355));
#2589 = CARTESIAN_POINT('',(3.88942048848,33.225185862952));
#2590 = CARTESIAN_POINT('',(3.918904286695,33.153378425455));
#2591 = CARTESIAN_POINT('',(3.983324724324,32.995939849363));
#2592 = CARTESIAN_POINT('',(4.018131123701,32.910513571449));
#2593 = CARTESIAN_POINT('',(4.052562797598,32.82634446542));
#2594 = CARTESIAN_POINT('',(4.086668876375,32.743966867964));
#2595 = CARTESIAN_POINT('',(4.120497384602,32.663878637867));
#2596 = CARTESIAN_POINT('',(4.154095801969,32.586549694088));
#2597 = CARTESIAN_POINT('',(4.224570532085,32.43023073926));
#2598 = CARTESIAN_POINT('',(4.261411333592,32.351964161367));
#2599 = CARTESIAN_POINT('',(4.298070202057,32.278310452913));
#2600 = CARTESIAN_POINT('',(4.334582554352,32.20990473616));
#2601 = CARTESIAN_POINT('',(4.370984312904,32.147331417238));
#2602 = CARTESIAN_POINT('',(4.407313167723,32.091117980516));
#2603 = CARTESIAN_POINT('',(4.482081753527,31.989379711334));
#2604 = CARTESIAN_POINT('',(4.520517150338,31.944697984604));
#2605 = CARTESIAN_POINT('',(4.558918437843,31.908299477405));
#2606 = CARTESIAN_POINT('',(4.597293730774,31.880664994242));
#2607 = CARTESIAN_POINT('',(4.635654645924,31.862124196386));
#2608 = CARTESIAN_POINT('',(4.674014795909,31.852847759083));
#2609 = CARTESIAN_POINT('',(4.750655155339,31.852847759083));
#2610 = CARTESIAN_POINT('',(4.788907478758,31.862072050564));
#2611 = CARTESIAN_POINT('',(4.827160573737,31.88050874717));
#2612 = CARTESIAN_POINT('',(4.865427891696,31.907989071108));
#2613 = CARTESIAN_POINT('',(4.903720911626,31.944186958704));
#2614 = CARTESIAN_POINT('',(4.942047654498,31.988626778746));
#2615 = CARTESIAN_POINT('',(5.017328298492,32.090810058034));
#2616 = CARTESIAN_POINT('',(5.054278950653,32.147988562639));
#2617 = CARTESIAN_POINT('',(5.091304596978,32.211745274881));
#2618 = CARTESIAN_POINT('',(5.128445221723,32.281525389417));
#2619 = CARTESIAN_POINT('',(5.165739297894,32.356714024067));
#2620 = CARTESIAN_POINT('',(5.203224419387,32.436641545758));
#2621 = CARTESIAN_POINT('',(5.302438852429,32.65748516329));
#2622 = CARTESIAN_POINT('',(5.364500303673,32.804967028925));
#2623 = CARTESIAN_POINT('',(5.427472751794,32.960309236385));
#2624 = CARTESIAN_POINT('',(5.491693542474,33.120605186084));
#2625 = CARTESIAN_POINT('',(5.557501508179,33.282536816101));
#2626 = CARTESIAN_POINT('',(5.625241992809,33.442074541888));
#2627 = CARTESIAN_POINT('',(5.739354416792,33.690001360667));
#2628 = CARTESIAN_POINT('',(5.784446627712,33.783081932703));
#2629 = CARTESIAN_POINT('',(5.830581212365,33.872055482927));
#2630 = CARTESIAN_POINT('',(5.877778524342,33.955357592964));
#2631 = CARTESIAN_POINT('',(5.926069734681,34.031346595953));
#2632 = CARTESIAN_POINT('',(5.975498446162,34.098333379259));
#2633 = CARTESIAN_POINT('',(6.061676865508,34.194143516068));
#2634 = CARTESIAN_POINT('',(6.097806202963,34.228376731587));
#2635 = CARTESIAN_POINT('',(6.134390591692,34.256577725364));
#2636 = CARTESIAN_POINT('',(6.171320299245,34.278158897189));
#2637 = CARTESIAN_POINT('',(6.208494038855,34.292707914205));
#2638 = CARTESIAN_POINT('',(6.245814706678,34.3));
#2639 = CARTESIAN_POINT('',(6.28318530718,34.3));
#2640 = ( GEOMETRIC_REPRESENTATION_CONTEXT(2) 
PARAMETRIC_REPRESENTATION_CONTEXT() REPRESENTATION_CONTEXT('2D SPACE',''
  ) );
#2641 = ADVANCED_FACE('',(#2642),#174,.F.);
#2642 = FACE_BOUND('',#2643,.F.);
#2643 = EDGE_LOOP('',(#2644,#2821,#2842,#2843,#2844,#2845));
#2644 = ORIENTED_EDGE('',*,*,#2645,.F.);
#2645 = EDGE_CURVE('',#2646,#2648,#2650,.T.);
#2646 = VERTEX_POINT('',#2647);
#2647 = CARTESIAN_POINT('',(-152.,-2.528895640239E-15,-682.65));
#2648 = VERTEX_POINT('',#2649);
#2649 = CARTESIAN_POINT('',(-168.,-3.098356401843E-15,-682.65));
#2650 = SURFACE_CURVE('',#2651,(#2704,#2760),.PCURVE_S1.);
#2651 = B_SPLINE_CURVE_WITH_KNOTS('',6,(#2652,#2653,#2654,#2655,#2656,
    #2657,#2658,#2659,#2660,#2661,#2662,#2663,#2664,#2665,#2666,#2667,
    #2668,#2669,#2670,#2671,#2672,#2673,#2674,#2675,#2676,#2677,#2678,
    #2679,#2680,#2681,#2682,#2683,#2684,#2685,#2686,#2687,#2688,#2689,
    #2690,#2691,#2692,#2693,#2694,#2695,#2696,#2697,#2698,#2699,#2700,
    #2701,#2702,#2703),.UNSPECIFIED.,.F.,.F.,(7,5,5,5,5,5,5,5,5,5,7),(0.
    ,0.105638262507,0.157045774188,0.295027313795,0.398937973784,
    0.49989199387,0.600555765657,0.703869720356,0.84474492794,
    0.934007250334,1.),.UNSPECIFIED.);
#2652 = CARTESIAN_POINT('',(-152.,-9.797174393179E-16,-682.65));
#2653 = CARTESIAN_POINT('',(-152.,0.562196084567,-682.65));
#2654 = CARTESIAN_POINT('',(-152.0474093708,1.119052946529,
    -682.6200173976));
#2655 = CARTESIAN_POINT('',(-152.1405419751,1.662276989895,
    -682.5611212284));
#2656 = CARTESIAN_POINT('',(-152.2751708569,2.183762802494,
    -682.4767750113));
#2657 = CARTESIAN_POINT('',(-152.4445605915,2.676155599793,
    -682.3726714919));
#2658 = CARTESIAN_POINT('',(-152.7335988333,3.35526197068,
    -682.1990722313));
#2659 = CARTESIAN_POINT('',(-152.8346608294,3.570354703924,
    -682.1389336325));
#2660 = CARTESIAN_POINT('',(-152.941586389,3.778290778676,
    -682.0759887634));
#2661 = CARTESIAN_POINT('',(-153.0538462243,3.979144114958,
    -682.0107111842));
#2662 = CARTESIAN_POINT('',(-153.1709652389,4.173012147771,
    -681.9435402664));
#2663 = CARTESIAN_POINT('',(-153.6187878988,4.861945687164,
    -681.6905894238));
#2664 = CARTESIAN_POINT('',(-153.977473255,5.31511392081,-681.4953115225
    ));
#2665 = CARTESIAN_POINT('',(-154.3612568852,5.722590368917,
    -681.2964286945));
#2666 = CARTESIAN_POINT('',(-154.7657780417,6.087713994566,
    -681.099515657));
#2667 = CARTESIAN_POINT('',(-155.1888677371,6.413286517724,
    -680.9090445243));
#2668 = CARTESIAN_POINT('',(-155.9620304178,6.917516160456,
    -680.594134576));
#2669 = CARTESIAN_POINT('',(-156.3042736049,7.112558767873,
    -680.4650292707));
#2670 = CARTESIAN_POINT('',(-156.6555177847,7.286195799152,
    -680.3443073879));
#2671 = CARTESIAN_POINT('',(-157.014876977,7.438496517418,
    -680.2340810911));
#2672 = CARTESIAN_POINT('',(-157.3816630668,7.569404803883,
    -680.1363457897));
#2673 = CARTESIAN_POINT('',(-158.118410591,7.784773312651,-679.971842335
    ));
#2674 = CARTESIAN_POINT('',(-158.4881029743,7.870483544798,
    -679.9042459544));
#2675 = CARTESIAN_POINT('',(-158.8626303242,7.93510731555,
    -679.8520856152));
#2676 = CARTESIAN_POINT('',(-159.2404122198,7.97834047584,
    -679.8167899387));
#2677 = CARTESIAN_POINT('',(-159.6200028588,8.,-679.7991071021));
#2678 = CARTESIAN_POINT('',(-160.3789046286,8.,-679.7991071021));
#2679 = CARTESIAN_POINT('',(-160.7574080758,7.978464839168,
    -679.8166884087));
#2680 = CARTESIAN_POINT('',(-161.1341182173,7.935479042643,
    -679.8517821354));
#2681 = CARTESIAN_POINT('',(-161.5076000444,7.871223858519,
    -679.9036484161));
#2682 = CARTESIAN_POINT('',(-161.8762856906,7.786000814327,
    -679.9708741176));
#2683 = CARTESIAN_POINT('',(-162.6100281368,7.572159454436,
    -680.134272621));
#2684 = CARTESIAN_POINT('',(-162.9748564278,7.442422215517,
    -680.2311880299));
#2685 = CARTESIAN_POINT('',(-163.3323574422,7.29153137889,
    -680.3404854924));
#2686 = CARTESIAN_POINT('',(-163.6818515432,7.119546062387,
    -680.4602045224));
#2687 = CARTESIAN_POINT('',(-164.022466332,6.926404249358,
    -680.5882684484));
#2688 = CARTESIAN_POINT('',(-164.8039650855,6.419555337644,
    -680.9055404916));
#2689 = CARTESIAN_POINT('',(-165.2361287662,6.087642611999,
    -681.099990192));
#2690 = CARTESIAN_POINT('',(-165.6489784085,5.714535715603,
    -681.3011790328));
#2691 = CARTESIAN_POINT('',(-166.0402143192,5.297235093144,
    -681.5043658638));
#2692 = CARTESIAN_POINT('',(-166.4051456901,4.832164572573,
    -681.7035945631));
#2693 = CARTESIAN_POINT('',(-166.945372028,3.989065917407,
    -682.0096159897));
#2694 = CARTESIAN_POINT('',(-167.141794944,3.640582293982,
    -682.1238925703));
#2695 = CARTESIAN_POINT('',(-167.3223101172,3.27053116115,
    -682.2313249726));
#2696 = CARTESIAN_POINT('',(-167.4839266901,2.879046799296,
    -682.3292759835));
#2697 = CARTESIAN_POINT('',(-167.6233973339,2.466564759487,
    -682.4149393374));
#2698 = CARTESIAN_POINT('',(-167.8212187419,1.71403742262,-682.53752796)
  );
#2699 = CARTESIAN_POINT('',(-167.8912395422,1.38313535585,
    -682.5813379869));
#2700 = CARTESIAN_POINT('',(-167.9451813406,1.04366820136,
    -682.6153320958));
#2701 = CARTESIAN_POINT('',(-167.9816838175,0.698218703486,
    -682.6384166375));
#2702 = CARTESIAN_POINT('',(-168.,0.349438901392,-682.65));
#2703 = CARTESIAN_POINT('',(-168.,1.469576158977E-15,-682.65));
#2704 = PCURVE('',#174,#2705);
#2705 = DEFINITIONAL_REPRESENTATION('',(#2706),#2759);
#2706 = B_SPLINE_CURVE_WITH_KNOTS('',6,(#2707,#2708,#2709,#2710,#2711,
    #2712,#2713,#2714,#2715,#2716,#2717,#2718,#2719,#2720,#2721,#2722,
    #2723,#2724,#2725,#2726,#2727,#2728,#2729,#2730,#2731,#2732,#2733,
    #2734,#2735,#2736,#2737,#2738,#2739,#2740,#2741,#2742,#2743,#2744,
    #2745,#2746,#2747,#2748,#2749,#2750,#2751,#2752,#2753,#2754,#2755,
    #2756,#2757,#2758),.UNSPECIFIED.,.F.,.F.,(7,5,5,5,5,5,5,5,5,5,7),(0.
    ,0.105638262507,0.157045774188,0.295027313795,0.398937973784,
    0.49989199387,0.600555765657,0.703869720356,0.84474492794,
    0.934007250334,1.),.UNSPECIFIED.);
#2707 = CARTESIAN_POINT('',(0.,7.35));
#2708 = CARTESIAN_POINT('',(7.027451057094E-02,7.35));
#2709 = CARTESIAN_POINT('',(0.139881577953,7.379982602379));
#2710 = CARTESIAN_POINT('',(0.208409495045,7.43887877155));
#2711 = CARTESIAN_POINT('',(0.275409277074,7.523224988623));
#2712 = CARTESIAN_POINT('',(0.340334305633,7.627328508017));
#2713 = CARTESIAN_POINT('',(0.432591467297,7.800927768627));
#2714 = CARTESIAN_POINT('',(0.462277794624,7.861066367469));
#2715 = CARTESIAN_POINT('',(0.491477567333,7.924011236538));
#2716 = CARTESIAN_POINT('',(0.520214632299,7.989288815715));
#2717 = CARTESIAN_POINT('',(0.548511596273,8.056459733585));
#2718 = CARTESIAN_POINT('',(0.651222853898,8.309410576118));
#2719 = CARTESIAN_POINT('',(0.723152585172,8.504688477455));
#2720 = CARTESIAN_POINT('',(0.792756475022,8.70357130542));
#2721 = CARTESIAN_POINT('',(0.860554513297,8.900484342955));
#2722 = CARTESIAN_POINT('',(0.927083943066,9.090955475651));
#2723 = CARTESIAN_POINT('',(1.042465650848,9.405865423967));
#2724 = CARTESIAN_POINT('',(1.091617183341,9.534970729219));
#2725 = CARTESIAN_POINT('',(1.140468607667,9.655692612059));
#2726 = CARTESIAN_POINT('',(1.189133082881,9.765918908887));
#2727 = CARTESIAN_POINT('',(1.237730944794,9.863654210242));
#2728 = CARTESIAN_POINT('',(1.333678563076,10.028157664931));
#2729 = CARTESIAN_POINT('',(1.381039869024,10.095754045588));
#2730 = CARTESIAN_POINT('',(1.428432112122,10.147914384703));
#2731 = CARTESIAN_POINT('',(1.475847880748,10.183210061274));
#2732 = CARTESIAN_POINT('',(1.523296684152,10.20089289782));
#2733 = CARTESIAN_POINT('',(1.618159405381,10.20089289782));
#2734 = CARTESIAN_POINT('',(1.665472310275,10.183311591204));
#2735 = CARTESIAN_POINT('',(1.712752448341,10.148217864512));
#2736 = CARTESIAN_POINT('',(1.76000906833,10.096351583845));
#2737 = CARTESIAN_POINT('',(1.807234689343,10.029125882363));
#2738 = CARTESIAN_POINT('',(1.902768232587,9.865727378926));
#2739 = CARTESIAN_POINT('',(1.951087854942,9.768811970044));
#2740 = CARTESIAN_POINT('',(1.999471847934,9.659514507545));
#2741 = CARTESIAN_POINT('',(2.048037942464,9.539795477552));
#2742 = CARTESIAN_POINT('',(2.096896720754,9.411731551516));
#2743 = CARTESIAN_POINT('',(2.213330454656,9.094459508339));
#2744 = CARTESIAN_POINT('',(2.281229404964,8.900009807969));
#2745 = CARTESIAN_POINT('',(2.350449012145,8.698820967169));
#2746 = CARTESIAN_POINT('',(2.421561672186,8.495634136124));
#2747 = CARTESIAN_POINT('',(2.495119880951,8.296405436892));
#2748 = CARTESIAN_POINT('',(2.620286010465,7.990384010214));
#2749 = CARTESIAN_POINT('',(2.670209542311,7.876107429673));
#2750 = CARTESIAN_POINT('',(2.721536052307,7.768675027382));
#2751 = CARTESIAN_POINT('',(2.774314447964,7.670724016435));
#2752 = CARTESIAN_POINT('',(2.828612882408,7.585060662558));
#2753 = CARTESIAN_POINT('',(2.925874666894,7.462472039962));
#2754 = CARTESIAN_POINT('',(2.968103555585,7.418662013005));
#2755 = CARTESIAN_POINT('',(3.010984111931,7.384667904136));
#2756 = CARTESIAN_POINT('',(3.054315317219,7.361583362417));
#2757 = CARTESIAN_POINT('',(3.097912790916,7.35));
#2758 = CARTESIAN_POINT('',(3.14159265359,7.35));
#2759 = ( GEOMETRIC_REPRESENTATION_CONTEXT(2) 
PARAMETRIC_REPRESENTATION_CONTEXT() REPRESENTATION_CONTEXT('2D SPACE',''
  ) );
#2760 = PCURVE('',#2761,#2766);
#2761 = CYLINDRICAL_SURFACE('',#2762,12.65);
#2762 = AXIS2_PLACEMENT_3D('',#2763,#2764,#2765);
#2763 = CARTESIAN_POINT('',(-180.,0.,-670.));
#2764 = DIRECTION('',(1.,0.,2.22044604925E-16));
#2765 = DIRECTION('',(2.22044604925E-16,0.,-1.));
#2766 = DEFINITIONAL_REPRESENTATION('',(#2767),#2820);
#2767 = B_SPLINE_CURVE_WITH_KNOTS('',6,(#2768,#2769,#2770,#2771,#2772,
    #2773,#2774,#2775,#2776,#2777,#2778,#2779,#2780,#2781,#2782,#2783,
    #2784,#2785,#2786,#2787,#2788,#2789,#2790,#2791,#2792,#2793,#2794,
    #2795,#2796,#2797,#2798,#2799,#2800,#2801,#2802,#2803,#2804,#2805,
    #2806,#2807,#2808,#2809,#2810,#2811,#2812,#2813,#2814,#2815,#2816,
    #2817,#2818,#2819),.UNSPECIFIED.,.F.,.F.,(7,5,5,5,5,5,5,5,5,5,7),(0.
    ,0.105638262507,0.157045774188,0.295027313795,0.398937973784,
    0.49989199387,0.600555765657,0.703869720356,0.84474492794,
    0.934007250334,1.),.UNSPECIFIED.);
#2768 = CARTESIAN_POINT('',(0.,28.));
#2769 = CARTESIAN_POINT('',(4.444237822668E-02,28.));
#2770 = CARTESIAN_POINT('',(8.846275322541E-02,27.952590629157));
#2771 = CARTESIAN_POINT('',(0.131563026386,27.859458024825));
#2772 = CARTESIAN_POINT('',(0.173247129474,27.724829143064));
#2773 = CARTESIAN_POINT('',(0.212997033385,27.555439408421));
#2774 = CARTESIAN_POINT('',(0.268407607951,27.266401166601));
#2775 = CARTESIAN_POINT('',(0.286058668725,27.16533917059));
#2776 = CARTESIAN_POINT('',(0.303227289077,27.058413610973));
#2777 = CARTESIAN_POINT('',(0.319917728931,26.946153775614));
#2778 = CARTESIAN_POINT('',(0.336134358308,26.829034761004));
#2779 = CARTESIAN_POINT('',(0.394150402347,26.381212101187));
#2780 = CARTESIAN_POINT('',(0.433099539442,26.022526744988));
#2781 = CARTESIAN_POINT('',(0.468891955599,25.638743114719));
#2782 = CARTESIAN_POINT('',(0.50165351298,25.234221958261));
#2783 = CARTESIAN_POINT('',(0.531458923002,24.811132262871));
#2784 = CARTESIAN_POINT('',(0.578454010248,24.037969582187));
#2785 = CARTESIAN_POINT('',(0.596937759265,23.695726395084));
#2786 = CARTESIAN_POINT('',(0.613650032934,23.344482215265));
#2787 = CARTESIAN_POINT('',(0.628509340768,22.985123022923));
#2788 = CARTESIAN_POINT('',(0.641423044924,22.618336933188));
#2789 = CARTESIAN_POINT('',(0.662846550477,21.881589408936));
#2790 = CARTESIAN_POINT('',(0.671474612119,21.511897025666));
#2791 = CARTESIAN_POINT('',(0.678039462799,21.137369675748));
#2792 = CARTESIAN_POINT('',(0.682451452258,20.759587780113));
#2793 = CARTESIAN_POINT('',(0.684661800486,20.379997141142));
#2794 = CARTESIAN_POINT('',(0.684661800486,19.621095371312));
#2795 = CARTESIAN_POINT('',(0.682464143368,19.242591924168));
#2796 = CARTESIAN_POINT('',(0.678077398265,18.86588178262));
#2797 = CARTESIAN_POINT('',(0.671549817265,18.492399955558));
#2798 = CARTESIAN_POINT('',(0.662970124251,18.123714309351));
#2799 = CARTESIAN_POINT('',(0.641695577475,17.389971863104));
#2800 = CARTESIAN_POINT('',(0.628894808186,17.025143572125));
#2801 = CARTESIAN_POINT('',(0.614168767028,16.66764255775));
#2802 = CARTESIAN_POINT('',(0.59760880343,16.318148456773));
#2803 = CARTESIAN_POINT('',(0.579295605012,15.97753366793));
#2804 = CARTESIAN_POINT('',(0.532025960005,15.196034914464));
#2805 = CARTESIAN_POINT('',(0.501629741001,14.76387123375));
#2806 = CARTESIAN_POINT('',(0.468154267817,14.351021591442));
#2807 = CARTESIAN_POINT('',(0.431518305348,13.959785680749));
#2808 = CARTESIAN_POINT('',(0.39158636528,13.594854309894));
#2809 = CARTESIAN_POINT('',(0.320683643892,13.054627971946));
#2810 = CARTESIAN_POINT('',(0.291706361916,12.858205055932));
#2811 = CARTESIAN_POINT('',(0.261273594506,12.677689882764));
#2812 = CARTESIAN_POINT('',(0.22940896364,12.516073309817));
#2813 = CARTESIAN_POINT('',(0.196137126162,12.376602666018));
#2814 = CARTESIAN_POINT('',(0.135864639396,12.178781258087));
#2815 = CARTESIAN_POINT('',(0.10948986249,12.108760457761));
#2816 = CARTESIAN_POINT('',(8.254133606153E-02,12.054818659308));
#2817 = CARTESIAN_POINT('',(5.519515973333E-02,12.018316182423));
#2818 = CARTESIAN_POINT('',(2.762362856852E-02,12.));
#2819 = CARTESIAN_POINT('',(0.,12.));
#2820 = ( GEOMETRIC_REPRESENTATION_CONTEXT(2) 
PARAMETRIC_REPRESENTATION_CONTEXT() REPRESENTATION_CONTEXT('2D SPACE',''
  ) );
#2821 = ORIENTED_EDGE('',*,*,#2822,.F.);
#2822 = EDGE_CURVE('',#24,#2646,#2823,.T.);
#2823 = SEAM_CURVE('',#2824,(#2828,#2835),.PCURVE_S1.);
#2824 = LINE('',#2825,#2826);
#2825 = CARTESIAN_POINT('',(-152.,-1.959434878636E-15,-690.));
#2826 = VECTOR('',#2827,1.);
#2827 = DIRECTION('',(0.,0.,1.));
#2828 = PCURVE('',#174,#2829);
#2829 = DEFINITIONAL_REPRESENTATION('',(#2830),#2834);
#2830 = LINE('',#2831,#2832);
#2831 = CARTESIAN_POINT('',(6.28318530718,-0.));
#2832 = VECTOR('',#2833,1.);
#2833 = DIRECTION('',(0.,1.));
#2834 = ( GEOMETRIC_REPRESENTATION_CONTEXT(2) 
PARAMETRIC_REPRESENTATION_CONTEXT() REPRESENTATION_CONTEXT('2D SPACE',''
  ) );
#2835 = PCURVE('',#174,#2836);
#2836 = DEFINITIONAL_REPRESENTATION('',(#2837),#2841);
#2837 = LINE('',#2838,#2839);
#2838 = CARTESIAN_POINT('',(0.,-0.));
#2839 = VECTOR('',#2840,1.);
#2840 = DIRECTION('',(0.,1.));
#2841 = ( GEOMETRIC_REPRESENTATION_CONTEXT(2) 
PARAMETRIC_REPRESENTATION_CONTEXT() REPRESENTATION_CONTEXT('2D SPACE',''
  ) );
#2842 = ORIENTED_EDGE('',*,*,#1187,.T.);
#2843 = ORIENTED_EDGE('',*,*,#21,.T.);
#2844 = ORIENTED_EDGE('',*,*,#2822,.T.);
#2845 = ORIENTED_EDGE('',*,*,#2846,.F.);
#2846 = EDGE_CURVE('',#2648,#2646,#2847,.T.);
#2847 = SURFACE_CURVE('',#2848,(#2901,#2957),.PCURVE_S1.);
#2848 = B_SPLINE_CURVE_WITH_KNOTS('',6,(#2849,#2850,#2851,#2852,#2853,
    #2854,#2855,#2856,#2857,#2858,#2859,#2860,#2861,#2862,#2863,#2864,
    #2865,#2866,#2867,#2868,#2869,#2870,#2871,#2872,#2873,#2874,#2875,
    #2876,#2877,#2878,#2879,#2880,#2881,#2882,#2883,#2884,#2885,#2886,
    #2887,#2888,#2889,#2890,#2891,#2892,#2893,#2894,#2895,#2896,#2897,
    #2898,#2899,#2900),.UNSPECIFIED.,.F.,.F.,(7,5,5,5,5,5,5,5,5,5,7),(0.
    ,0.105638262451,0.157045774111,0.295027313674,0.39893797365,
    0.499891993742,0.600555765533,0.703869720238,0.844744927831,
    0.93400725027,1.),.UNSPECIFIED.);
#2849 = CARTESIAN_POINT('',(-168.,0.,-682.65));
#2850 = CARTESIAN_POINT('',(-168.,-0.562196084567,-682.65));
#2851 = CARTESIAN_POINT('',(-167.9525906291,-1.11905294653,
    -682.6200173976));
#2852 = CARTESIAN_POINT('',(-167.8594580248,-1.662276989896,
    -682.5611212284));
#2853 = CARTESIAN_POINT('',(-167.724829143,-2.183762802493,
    -682.4767750113));
#2854 = CARTESIAN_POINT('',(-167.5554394084,-2.676155599793,
    -682.3726714919));
#2855 = CARTESIAN_POINT('',(-167.2664011665,-3.355261970703,
    -682.1990722313));
#2856 = CARTESIAN_POINT('',(-167.1653391705,-3.570354703918,
    -682.1389336325));
#2857 = CARTESIAN_POINT('',(-167.0584136109,-3.778290778655,
    -682.0759887634));
#2858 = CARTESIAN_POINT('',(-166.9461537756,-3.979144114954,
    -682.0107111842));
#2859 = CARTESIAN_POINT('',(-166.8290347609,-4.173012147789,
    -681.9435402664));
#2860 = CARTESIAN_POINT('',(-166.3812121011,-4.861945687164,
    -681.6905894238));
#2861 = CARTESIAN_POINT('',(-166.0225267449,-5.31511392081,
    -681.4953115225));
#2862 = CARTESIAN_POINT('',(-165.6387431147,-5.722590368918,
    -681.2964286945));
#2863 = CARTESIAN_POINT('',(-165.2342219582,-6.087713994566,
    -681.099515657));
#2864 = CARTESIAN_POINT('',(-164.8111322628,-6.413286517724,
    -680.9090445243));
#2865 = CARTESIAN_POINT('',(-164.0379695821,-6.917516160498,
    -680.594134576));
#2866 = CARTESIAN_POINT('',(-163.6957263951,-7.11255876785,
    -680.4650292707));
#2867 = CARTESIAN_POINT('',(-163.3444822153,-7.286195799124,
    -680.3443073879));
#2868 = CARTESIAN_POINT('',(-162.9851230229,-7.43849651742,
    -680.2340810911));
#2869 = CARTESIAN_POINT('',(-162.6183369331,-7.569404803903,
    -680.1363457897));
#2870 = CARTESIAN_POINT('',(-161.8815894089,-7.784773312651,
    -679.971842335));
#2871 = CARTESIAN_POINT('',(-161.5118970256,-7.870483544798,
    -679.9042459544));
#2872 = CARTESIAN_POINT('',(-161.1373696757,-7.93510731555,
    -679.8520856152));
#2873 = CARTESIAN_POINT('',(-160.7595877801,-7.97834047584,
    -679.8167899387));
#2874 = CARTESIAN_POINT('',(-160.3799971411,-8.,-679.7991071021));
#2875 = CARTESIAN_POINT('',(-159.6210953713,-8.,-679.7991071021));
#2876 = CARTESIAN_POINT('',(-159.2425919241,-7.978464839168,
    -679.8166884087));
#2877 = CARTESIAN_POINT('',(-158.8658817826,-7.935479042643,
    -679.8517821354));
#2878 = CARTESIAN_POINT('',(-158.4923999555,-7.87122385852,
    -679.9036484161));
#2879 = CARTESIAN_POINT('',(-158.1237143093,-7.786000814327,
    -679.9708741176));
#2880 = CARTESIAN_POINT('',(-157.3899718631,-7.572159454436,
    -680.134272621));
#2881 = CARTESIAN_POINT('',(-157.0251435721,-7.442422215517,
    -680.2311880299));
#2882 = CARTESIAN_POINT('',(-156.6676425577,-7.29153137889,
    -680.3404854924));
#2883 = CARTESIAN_POINT('',(-156.3181484567,-7.119546062387,
    -680.4602045224));
#2884 = CARTESIAN_POINT('',(-155.9775336679,-6.926404249358,
    -680.5882684484));
#2885 = CARTESIAN_POINT('',(-155.1960349144,-6.419555337644,
    -680.9055404916));
#2886 = CARTESIAN_POINT('',(-154.7638712337,-6.087642611999,
    -681.099990192));
#2887 = CARTESIAN_POINT('',(-154.3510215914,-5.714535715603,
    -681.3011790328));
#2888 = CARTESIAN_POINT('',(-153.9597856807,-5.297235093145,
    -681.5043658638));
#2889 = CARTESIAN_POINT('',(-153.5948543098,-4.832164572573,
    -681.7035945631));
#2890 = CARTESIAN_POINT('',(-153.0546279718,-3.989065917257,
    -682.0096159898));
#2891 = CARTESIAN_POINT('',(-152.8582050559,-3.640582294038,
    -682.1238925702));
#2892 = CARTESIAN_POINT('',(-152.6776898828,-3.27053116132,
    -682.2313249725));
#2893 = CARTESIAN_POINT('',(-152.5160733097,-2.879046799328,
    -682.3292759835));
#2894 = CARTESIAN_POINT('',(-152.3766026659,-2.466564759295,
    -682.4149393374));
#2895 = CARTESIAN_POINT('',(-152.178781258,-1.71403742262,-682.53752796)
  );
#2896 = CARTESIAN_POINT('',(-152.1087604577,-1.38313535585,
    -682.5813379869));
#2897 = CARTESIAN_POINT('',(-152.0548186593,-1.04366820136,
    -682.6153320958));
#2898 = CARTESIAN_POINT('',(-152.0183161824,-0.698218703486,
    -682.6384166375));
#2899 = CARTESIAN_POINT('',(-152.,-0.349438901391,-682.65));
#2900 = CARTESIAN_POINT('',(-152.,-1.7763568394E-15,-682.65));
#2901 = PCURVE('',#174,#2902);
#2902 = DEFINITIONAL_REPRESENTATION('',(#2903),#2956);
#2903 = B_SPLINE_CURVE_WITH_KNOTS('',6,(#2904,#2905,#2906,#2907,#2908,
    #2909,#2910,#2911,#2912,#2913,#2914,#2915,#2916,#2917,#2918,#2919,
    #2920,#2921,#2922,#2923,#2924,#2925,#2926,#2927,#2928,#2929,#2930,
    #2931,#2932,#2933,#2934,#2935,#2936,#2937,#2938,#2939,#2940,#2941,
    #2942,#2943,#2944,#2945,#2946,#2947,#2948,#2949,#2950,#2951,#2952,
    #2953,#2954,#2955),.UNSPECIFIED.,.F.,.F.,(7,5,5,5,5,5,5,5,5,5,7),(0.
    ,0.105638262451,0.157045774111,0.295027313674,0.39893797365,
    0.499891993742,0.600555765533,0.703869720238,0.844744927831,
    0.93400725027,1.),.UNSPECIFIED.);
#2904 = CARTESIAN_POINT('',(3.14159265359,7.35));
#2905 = CARTESIAN_POINT('',(3.211867164161,7.35));
#2906 = CARTESIAN_POINT('',(3.281474231543,7.379982602378));
#2907 = CARTESIAN_POINT('',(3.350002148635,7.43887877155));
#2908 = CARTESIAN_POINT('',(3.417001930663,7.523224988623));
#2909 = CARTESIAN_POINT('',(3.481926959222,7.627328508017));
#2910 = CARTESIAN_POINT('',(3.57418412089,7.800927768632));
#2911 = CARTESIAN_POINT('',(3.603870448213,7.861066367468));
#2912 = CARTESIAN_POINT('',(3.63307022092,7.924011236531));
#2913 = CARTESIAN_POINT('',(3.661807285888,7.989288815712));
#2914 = CARTESIAN_POINT('',(3.690104249866,8.056459733592));
#2915 = CARTESIAN_POINT('',(3.792815507488,8.309410576118));
#2916 = CARTESIAN_POINT('',(3.864745238762,8.504688477455));
#2917 = CARTESIAN_POINT('',(3.934349128611,8.70357130542));
#2918 = CARTESIAN_POINT('',(4.002147166886,8.900484342955));
#2919 = CARTESIAN_POINT('',(4.068676596656,9.090955475651));
#2920 = CARTESIAN_POINT('',(4.184058304448,9.405865423994));
#2921 = CARTESIAN_POINT('',(4.233209836927,9.534970729208));
#2922 = CARTESIAN_POINT('',(4.282061261248,9.655692612037));
#2923 = CARTESIAN_POINT('',(4.330725736469,9.765918908888));
#2924 = CARTESIAN_POINT('',(4.379323598392,9.863654210258));
#2925 = CARTESIAN_POINT('',(4.475271216666,10.028157664931));
#2926 = CARTESIAN_POINT('',(4.522632522614,10.095754045588));
#2927 = CARTESIAN_POINT('',(4.570024765712,10.147914384704));
#2928 = CARTESIAN_POINT('',(4.617440534338,10.183210061273));
#2929 = CARTESIAN_POINT('',(4.664889337742,10.20089289782));
#2930 = CARTESIAN_POINT('',(4.759752058971,10.20089289782));
#2931 = CARTESIAN_POINT('',(4.807064963865,10.183311591204));
#2932 = CARTESIAN_POINT('',(4.854345101931,10.148217864512));
#2933 = CARTESIAN_POINT('',(4.901601721919,10.096351583845));
#2934 = CARTESIAN_POINT('',(4.948827342933,10.029125882363));
#2935 = CARTESIAN_POINT('',(5.044360886176,9.865727378926));
#2936 = CARTESIAN_POINT('',(5.092680508532,9.768811970044));
#2937 = CARTESIAN_POINT('',(5.141064501524,9.659514507545));
#2938 = CARTESIAN_POINT('',(5.189630596053,9.539795477552));
#2939 = CARTESIAN_POINT('',(5.238489374344,9.411731551516));
#2940 = CARTESIAN_POINT('',(5.354923108246,9.094459508339));
#2941 = CARTESIAN_POINT('',(5.422822058554,8.900009807969));
#2942 = CARTESIAN_POINT('',(5.492041665735,8.698820967169));
#2943 = CARTESIAN_POINT('',(5.563154325776,8.495634136124));
#2944 = CARTESIAN_POINT('',(5.636712534541,8.296405436892));
#2945 = CARTESIAN_POINT('',(5.761878664077,7.990384010159));
#2946 = CARTESIAN_POINT('',(5.81180219589,7.876107429705));
#2947 = CARTESIAN_POINT('',(5.863128705875,7.768675027428));
#2948 = CARTESIAN_POINT('',(5.91590710155,7.670724016424));
#2949 = CARTESIAN_POINT('',(5.970205536023,7.585060662527));
#2950 = CARTESIAN_POINT('',(6.067467320484,7.462472039962));
#2951 = CARTESIAN_POINT('',(6.109696209175,7.418662013005));
#2952 = CARTESIAN_POINT('',(6.152576765521,7.384667904137));
#2953 = CARTESIAN_POINT('',(6.195907970809,7.361583362417));
#2954 = CARTESIAN_POINT('',(6.239505444506,7.35));
#2955 = CARTESIAN_POINT('',(6.28318530718,7.35));
#2956 = ( GEOMETRIC_REPRESENTATION_CONTEXT(2) 
PARAMETRIC_REPRESENTATION_CONTEXT() REPRESENTATION_CONTEXT('2D SPACE',''
  ) );
#2957 = PCURVE('',#2761,#2958);
#2958 = DEFINITIONAL_REPRESENTATION('',(#2959),#3012);
#2959 = B_SPLINE_CURVE_WITH_KNOTS('',6,(#2960,#2961,#2962,#2963,#2964,
    #2965,#2966,#2967,#2968,#2969,#2970,#2971,#2972,#2973,#2974,#2975,
    #2976,#2977,#2978,#2979,#2980,#2981,#2982,#2983,#2984,#2985,#2986,
    #2987,#2988,#2989,#2990,#2991,#2992,#2993,#2994,#2995,#2996,#2997,
    #2998,#2999,#3000,#3001,#3002,#3003,#3004,#3005,#3006,#3007,#3008,
    #3009,#3010,#3011),.UNSPECIFIED.,.F.,.F.,(7,5,5,5,5,5,5,5,5,5,7),(0.
    ,0.105638262451,0.157045774111,0.295027313674,0.39893797365,
    0.499891993742,0.600555765533,0.703869720238,0.844744927831,
    0.93400725027,1.),.UNSPECIFIED.);
#2960 = CARTESIAN_POINT('',(6.28318530718,12.));
#2961 = CARTESIAN_POINT('',(6.238742928953,12.));
#2962 = CARTESIAN_POINT('',(6.194722553954,12.047409370843));
#2963 = CARTESIAN_POINT('',(6.151622280794,12.140541975176));
#2964 = CARTESIAN_POINT('',(6.109938177706,12.275170856935));
#2965 = CARTESIAN_POINT('',(6.070188273794,12.444560591579));
#2966 = CARTESIAN_POINT('',(6.014777699227,12.733598833409));
#2967 = CARTESIAN_POINT('',(5.997126638455,12.834660829409));
#2968 = CARTESIAN_POINT('',(5.979958018104,12.941586389017));
#2969 = CARTESIAN_POINT('',(5.963267578249,13.053846224382));
#2970 = CARTESIAN_POINT('',(5.94705094887,13.170965239007));
#2971 = CARTESIAN_POINT('',(5.889034904832,13.618787898813));
#2972 = CARTESIAN_POINT('',(5.850085767738,13.977473255012));
#2973 = CARTESIAN_POINT('',(5.814293351581,14.361256885282));
#2974 = CARTESIAN_POINT('',(5.781531794199,14.765778041739));
#2975 = CARTESIAN_POINT('',(5.751726384178,15.188867737129));
#2976 = CARTESIAN_POINT('',(5.704731296927,15.962030417877));
#2977 = CARTESIAN_POINT('',(5.686247547917,16.304273604898));
#2978 = CARTESIAN_POINT('',(5.669535274248,16.655517784671));
#2979 = CARTESIAN_POINT('',(5.654675966412,17.014876977057));
#2980 = CARTESIAN_POINT('',(5.641762262253,17.381663066881));
#2981 = CARTESIAN_POINT('',(5.620338756703,18.118410591064));
#2982 = CARTESIAN_POINT('',(5.61171069506,18.488102974333));
#2983 = CARTESIAN_POINT('',(5.60514584438,18.862630324254));
#2984 = CARTESIAN_POINT('',(5.600733854922,19.240412219886));
#2985 = CARTESIAN_POINT('',(5.598523506694,19.620002858858));
#2986 = CARTESIAN_POINT('',(5.598523506694,20.378904628688));
#2987 = CARTESIAN_POINT('',(5.600721163811,20.757408075832));
#2988 = CARTESIAN_POINT('',(5.605107908915,21.134118217381));
#2989 = CARTESIAN_POINT('',(5.611635489914,21.507600044441));
#2990 = CARTESIAN_POINT('',(5.620215182929,21.87628569065));
#2991 = CARTESIAN_POINT('',(5.641489729704,22.610028136895));
#2992 = CARTESIAN_POINT('',(5.654290498993,22.974856427875));
#2993 = CARTESIAN_POINT('',(5.669016540151,23.33235744225));
#2994 = CARTESIAN_POINT('',(5.685576503749,23.681851543227));
#2995 = CARTESIAN_POINT('',(5.703889702167,24.022466332071));
#2996 = CARTESIAN_POINT('',(5.751159347174,24.803965085537));
#2997 = CARTESIAN_POINT('',(5.781555566178,25.23612876625));
#2998 = CARTESIAN_POINT('',(5.815031039363,25.648978408559));
#2999 = CARTESIAN_POINT('',(5.851667001831,26.040214319251));
#3000 = CARTESIAN_POINT('',(5.8915989419,26.405145690106));
#3001 = CARTESIAN_POINT('',(5.9625016633,26.945372028149));
#3002 = CARTESIAN_POINT('',(5.991478945259,27.141794944008));
#3003 = CARTESIAN_POINT('',(6.02191171266,27.322310117164));
#3004 = CARTESIAN_POINT('',(6.053776343537,27.483926690202));
#3005 = CARTESIAN_POINT('',(6.087048181033,27.623397334033));
#3006 = CARTESIAN_POINT('',(6.147320667783,27.821218741913));
#3007 = CARTESIAN_POINT('',(6.173695444689,27.891239542239));
#3008 = CARTESIAN_POINT('',(6.200643971118,27.945181340692));
#3009 = CARTESIAN_POINT('',(6.227990147446,27.981683817577));
#3010 = CARTESIAN_POINT('',(6.255561678611,28.));
#3011 = CARTESIAN_POINT('',(6.28318530718,28.));
#3012 = ( GEOMETRIC_REPRESENTATION_CONTEXT(2) 
PARAMETRIC_REPRESENTATION_CONTEXT() REPRESENTATION_CONTEXT('2D SPACE',''
  ) );
#3013 = ADVANCED_FACE('',(#3014,#3017),#1441,.F.);
#3014 = FACE_BOUND('',#3015,.F.);
#3015 = EDGE_LOOP('',(#3016));
#3016 = ORIENTED_EDGE('',*,*,#1426,.T.);
#3017 = FACE_BOUND('',#3018,.F.);
#3018 = EDGE_LOOP('',(#3019));
#3019 = ORIENTED_EDGE('',*,*,#3020,.F.);
#3020 = EDGE_CURVE('',#3021,#3021,#3023,.T.);
#3021 = VERTEX_POINT('',#3022);
#3022 = CARTESIAN_POINT('',(-180.,-3.098356401843E-15,-682.65));
#3023 = SURFACE_CURVE('',#3024,(#3029,#3036),.PCURVE_S1.);
#3024 = CIRCLE('',#3025,12.65);
#3025 = AXIS2_PLACEMENT_3D('',#3026,#3027,#3028);
#3026 = CARTESIAN_POINT('',(-180.,0.,-670.));
#3027 = DIRECTION('',(1.,-0.,2.22044604925E-16));
#3028 = DIRECTION('',(2.22044604925E-16,0.,-1.));
#3029 = PCURVE('',#1441,#3030);
#3030 = DEFINITIONAL_REPRESENTATION('',(#3031),#3035);
#3031 = CIRCLE('',#3032,12.65);
#3032 = AXIS2_PLACEMENT_2D('',#3033,#3034);
#3033 = CARTESIAN_POINT('',(0.,0.));
#3034 = DIRECTION('',(1.,0.));
#3035 = ( GEOMETRIC_REPRESENTATION_CONTEXT(2) 
PARAMETRIC_REPRESENTATION_CONTEXT() REPRESENTATION_CONTEXT('2D SPACE',''
  ) );
#3036 = PCURVE('',#2761,#3037);
#3037 = DEFINITIONAL_REPRESENTATION('',(#3038),#3042);
#3038 = LINE('',#3039,#3040);
#3039 = CARTESIAN_POINT('',(0.,0.));
#3040 = VECTOR('',#3041,1.);
#3041 = DIRECTION('',(1.,0.));
#3042 = ( GEOMETRIC_REPRESENTATION_CONTEXT(2) 
PARAMETRIC_REPRESENTATION_CONTEXT() REPRESENTATION_CONTEXT('2D SPACE',''
  ) );
#3043 = ADVANCED_FACE('',(#3044),#336,.F.);
#3044 = FACE_BOUND('',#3045,.F.);
#3045 = EDGE_LOOP('',(#3046,#3140,#3161,#3162,#3163,#3164));
#3046 = ORIENTED_EDGE('',*,*,#3047,.F.);
#3047 = EDGE_CURVE('',#3048,#3050,#3052,.T.);
#3048 = VERTEX_POINT('',#3049);
#3049 = CARTESIAN_POINT('',(-137.35,-1.873709602695E-15,-682.65));
#3050 = VERTEX_POINT('',#3051);
#3051 = CARTESIAN_POINT('',(-142.65,-3.098356401843E-15,-682.65));
#3052 = SURFACE_CURVE('',#3053,(#3080,#3110),.PCURVE_S1.);
#3053 = B_SPLINE_CURVE_WITH_KNOTS('',7,(#3054,#3055,#3056,#3057,#3058,
    #3059,#3060,#3061,#3062,#3063,#3064,#3065,#3066,#3067,#3068,#3069,
    #3070,#3071,#3072,#3073,#3074,#3075,#3076,#3077,#3078,#3079),
  .UNSPECIFIED.,.F.,.F.,(8,6,6,6,8),(0.,0.238368175358,0.499995064244,
    0.761638674351,1.),.UNSPECIFIED.);
#3054 = CARTESIAN_POINT('',(-137.35,-3.24531401774E-16,-682.65));
#3055 = CARTESIAN_POINT('',(-137.35,0.346553419808,-682.65));
#3056 = CARTESIAN_POINT('',(-137.4028731508,0.682825065786,
    -682.6389232784));
#3057 = CARTESIAN_POINT('',(-137.5029775909,0.999715713703,
    -682.6179556156));
#3058 = CARTESIAN_POINT('',(-137.6432142455,1.289809764057,
    -682.5899013179));
#3059 = CARTESIAN_POINT('',(-137.814984658,1.547492129813,
    -682.5584697274));
#3060 = CARTESIAN_POINT('',(-138.00818499,1.769449499209,-682.5270474712
    ));
#3061 = CARTESIAN_POINT('',(-138.4342235135,2.15919711497,
    -682.4660730328));
#3062 = CARTESIAN_POINT('',(-138.6758443722,2.325767627348,
    -682.4360361966));
#3063 = CARTESIAN_POINT('',(-138.9299284702,2.456679077505,
    -682.4101820755));
#3064 = CARTESIAN_POINT('',(-139.192229543,2.553607688526,
    -682.3899680968));
#3065 = CARTESIAN_POINT('',(-139.4596368522,2.617823946333,
    -682.3762102354));
#3066 = CARTESIAN_POINT('',(-139.7296534401,2.65,-682.3693168768));
#3067 = CARTESIAN_POINT('',(-140.2703638383,2.65,-682.3693168768));
#3068 = CARTESIAN_POINT('',(-140.5403881729,2.617819946333,
    -682.3762110842));
#3069 = CARTESIAN_POINT('',(-140.8077901254,2.553599238632,
    -682.3899699303));
#3070 = CARTESIAN_POINT('',(-141.0700750376,2.456672918119,
    -682.410183218));
#3071 = CARTESIAN_POINT('',(-141.3241429765,2.32577195099,
    -682.4360349964));
#3072 = CARTESIAN_POINT('',(-141.5657617963,2.159210553803,
    -682.4660709303));
#3073 = CARTESIAN_POINT('',(-141.9918095763,1.769454469989,
    -682.5270466935));
#3074 = CARTESIAN_POINT('',(-142.1850126316,1.547497045812,
    -682.5584691376));
#3075 = CARTESIAN_POINT('',(-142.3567881429,1.289809472069,
    -682.5899016206));
#3076 = CARTESIAN_POINT('',(-142.4970276846,0.999707619629,
    -682.617956721));
#3077 = CARTESIAN_POINT('',(-142.5971307519,0.682810747685,
    -682.638924096));
#3078 = CARTESIAN_POINT('',(-142.65,0.346540659493,-682.65));
#3079 = CARTESIAN_POINT('',(-142.65,4.867971026611E-16,-682.65));
#3080 = PCURVE('',#336,#3081);
#3081 = DEFINITIONAL_REPRESENTATION('',(#3082),#3109);
#3082 = B_SPLINE_CURVE_WITH_KNOTS('',7,(#3083,#3084,#3085,#3086,#3087,
    #3088,#3089,#3090,#3091,#3092,#3093,#3094,#3095,#3096,#3097,#3098,
    #3099,#3100,#3101,#3102,#3103,#3104,#3105,#3106,#3107,#3108),
  .UNSPECIFIED.,.F.,.F.,(8,6,6,6,8),(0.,0.238368175358,0.499995064244,
    0.761638674351,1.),.UNSPECIFIED.);
#3083 = CARTESIAN_POINT('',(0.,7.35));
#3084 = CARTESIAN_POINT('',(0.130774875399,7.35));
#3085 = CARTESIAN_POINT('',(0.257669760321,7.361076721532));
#3086 = CARTESIAN_POINT('',(0.380904306696,7.38204438432));
#3087 = CARTESIAN_POINT('',(0.500358009832,7.410098682056));
#3088 = CARTESIAN_POINT('',(0.615648539584,7.441530272541));
#3089 = CARTESIAN_POINT('',(0.725975770367,7.47295252875));
#3090 = CARTESIAN_POINT('',(0.943869512364,7.533926967169));
#3091 = CARTESIAN_POINT('',(1.0535708718,7.563963803363));
#3092 = CARTESIAN_POINT('',(1.16007914331,7.589817924453));
#3093 = CARTESIAN_POINT('',(1.264242325796,7.610031903158));
#3094 = CARTESIAN_POINT('',(1.366885898353,7.62378976456));
#3095 = CARTESIAN_POINT('',(1.46877875704,7.630683123147));
#3096 = CARTESIAN_POINT('',(1.672820416745,7.630683123147));
#3097 = CARTESIAN_POINT('',(1.774716161925,7.623788915799));
#3098 = CARTESIAN_POINT('',(1.877358148373,7.610030069625));
#3099 = CARTESIAN_POINT('',(1.981515567751,7.589816781954));
#3100 = CARTESIAN_POINT('',(2.088017161044,7.56396500357));
#3101 = CARTESIAN_POINT('',(2.197715628063,7.53392906962));
#3102 = CARTESIAN_POINT('',(2.41561410424,7.472953306409));
#3103 = CARTESIAN_POINT('',(2.525942106277,7.441530862377));
#3104 = CARTESIAN_POINT('',(2.641235238481,7.410098379336));
#3105 = CARTESIAN_POINT('',(2.76069180026,7.38204327892));
#3106 = CARTESIAN_POINT('',(2.883928297571,7.361075903919));
#3107 = CARTESIAN_POINT('',(3.010822593404,7.35));
#3108 = CARTESIAN_POINT('',(3.14159265359,7.35));
#3109 = ( GEOMETRIC_REPRESENTATION_CONTEXT(2) 
PARAMETRIC_REPRESENTATION_CONTEXT() REPRESENTATION_CONTEXT('2D SPACE',''
  ) );
#3110 = PCURVE('',#2761,#3111);
#3111 = DEFINITIONAL_REPRESENTATION('',(#3112),#3139);
#3112 = B_SPLINE_CURVE_WITH_KNOTS('',7,(#3113,#3114,#3115,#3116,#3117,
    #3118,#3119,#3120,#3121,#3122,#3123,#3124,#3125,#3126,#3127,#3128,
    #3129,#3130,#3131,#3132,#3133,#3134,#3135,#3136,#3137,#3138),
  .UNSPECIFIED.,.F.,.F.,(8,6,6,6,8),(0.,0.238368175358,0.499995064244,
    0.761638674351,1.),.UNSPECIFIED.);
#3113 = CARTESIAN_POINT('',(0.,42.65));
#3114 = CARTESIAN_POINT('',(2.739552725753E-02,42.65));
#3115 = CARTESIAN_POINT('',(5.397829465682E-02,42.597126849144));
#3116 = CARTESIAN_POINT('',(7.906236317009E-02,42.497022409091));
#3117 = CARTESIAN_POINT('',(0.102086942892,42.356785754484));
#3118 = CARTESIAN_POINT('',(0.122601830987,42.185015341908));
#3119 = CARTESIAN_POINT('',(0.140320922735,41.991815009971));
#3120 = CARTESIAN_POINT('',(0.171505775327,41.565776486499));
#3121 = CARTESIAN_POINT('',(0.184882173536,41.324155627787));
#3122 = CARTESIAN_POINT('',(0.195429530723,41.070071529772));
#3123 = CARTESIAN_POINT('',(0.203256568516,40.807770456903));
#3124 = CARTESIAN_POINT('',(0.208448158776,40.540363147754));
#3125 = CARTESIAN_POINT('',(0.211049436296,40.270346559851));
#3126 = CARTESIAN_POINT('',(0.211049436296,39.729636161632));
#3127 = CARTESIAN_POINT('',(0.20844783584,39.459611827064));
#3128 = CARTESIAN_POINT('',(0.203255884188,39.192209874537));
#3129 = CARTESIAN_POINT('',(0.195429036935,38.929924962372));
#3130 = CARTESIAN_POINT('',(0.184882525881,38.675857023451));
#3131 = CARTESIAN_POINT('',(0.171506850608,38.434238203674));
#3132 = CARTESIAN_POINT('',(0.140321320461,38.008190423657));
#3133 = CARTESIAN_POINT('',(0.122602222239,37.814987368354));
#3134 = CARTESIAN_POINT('',(0.102086916422,37.64321185701));
#3135 = CARTESIAN_POINT('',(7.906171925659E-02,37.502972315378));
#3136 = CARTESIAN_POINT('',(5.397716286142E-02,37.402869248068));
#3137 = CARTESIAN_POINT('',(2.739451853701E-02,37.35));
#3138 = CARTESIAN_POINT('',(0.,37.35));
#3139 = ( GEOMETRIC_REPRESENTATION_CONTEXT(2) 
PARAMETRIC_REPRESENTATION_CONTEXT() REPRESENTATION_CONTEXT('2D SPACE',''
  ) );
#3140 = ORIENTED_EDGE('',*,*,#3141,.F.);
#3141 = EDGE_CURVE('',#275,#3048,#3142,.T.);
#3142 = SEAM_CURVE('',#3143,(#3147,#3154),.PCURVE_S1.);
#3143 = LINE('',#3144,#3145);
#3144 = CARTESIAN_POINT('',(-137.35,-6.490628035481E-16,-690.));
#3145 = VECTOR('',#3146,1.);
#3146 = DIRECTION('',(0.,0.,1.));
#3147 = PCURVE('',#336,#3148);
#3148 = DEFINITIONAL_REPRESENTATION('',(#3149),#3153);
#3149 = LINE('',#3150,#3151);
#3150 = CARTESIAN_POINT('',(6.28318530718,-0.));
#3151 = VECTOR('',#3152,1.);
#3152 = DIRECTION('',(0.,1.));
#3153 = ( GEOMETRIC_REPRESENTATION_CONTEXT(2) 
PARAMETRIC_REPRESENTATION_CONTEXT() REPRESENTATION_CONTEXT('2D SPACE',''
  ) );
#3154 = PCURVE('',#336,#3155);
#3155 = DEFINITIONAL_REPRESENTATION('',(#3156),#3160);
#3156 = LINE('',#3157,#3158);
#3157 = CARTESIAN_POINT('',(0.,-0.));
#3158 = VECTOR('',#3159,1.);
#3159 = DIRECTION('',(0.,1.));
#3160 = ( GEOMETRIC_REPRESENTATION_CONTEXT(2) 
PARAMETRIC_REPRESENTATION_CONTEXT() REPRESENTATION_CONTEXT('2D SPACE',''
  ) );
#3161 = ORIENTED_EDGE('',*,*,#1096,.T.);
#3162 = ORIENTED_EDGE('',*,*,#274,.T.);
#3163 = ORIENTED_EDGE('',*,*,#3141,.T.);
#3164 = ORIENTED_EDGE('',*,*,#3165,.F.);
#3165 = EDGE_CURVE('',#3050,#3048,#3166,.T.);
#3166 = SURFACE_CURVE('',#3167,(#3194,#3224),.PCURVE_S1.);
#3167 = B_SPLINE_CURVE_WITH_KNOTS('',7,(#3168,#3169,#3170,#3171,#3172,
    #3173,#3174,#3175,#3176,#3177,#3178,#3179,#3180,#3181,#3182,#3183,
    #3184,#3185,#3186,#3187,#3188,#3189,#3190,#3191,#3192,#3193),
  .UNSPECIFIED.,.F.,.F.,(8,6,6,6,8),(0.,0.238363635009,0.500000670219,
    0.761638010011,1.),.UNSPECIFIED.);
#3168 = CARTESIAN_POINT('',(-142.65,-8.881784197001E-16,-682.65));
#3169 = CARTESIAN_POINT('',(-142.65,-0.346553419808,-682.65));
#3170 = CARTESIAN_POINT('',(-142.5971268491,-0.682825065786,
    -682.6389232784));
#3171 = CARTESIAN_POINT('',(-142.497022409,-0.999715713703,
    -682.6179556156));
#3172 = CARTESIAN_POINT('',(-142.3567857544,-1.289809764057,
    -682.5899013179));
#3173 = CARTESIAN_POINT('',(-142.1850153419,-1.547492129813,
    -682.5584697274));
#3174 = CARTESIAN_POINT('',(-141.9918150099,-1.769449499209,
    -682.5270474712));
#3175 = CARTESIAN_POINT('',(-141.5657635944,-2.159208908839,
    -682.4660711877));
#3176 = CARTESIAN_POINT('',(-141.3241437043,-2.325772171234,
    -682.4360350253));
#3177 = CARTESIAN_POINT('',(-141.0700734246,-2.456674031733,
    -682.4101829732));
#3178 = CARTESIAN_POINT('',(-140.8077876929,-2.553599914427,
    -682.389969789));
#3179 = CARTESIAN_POINT('',(-140.5403864367,-2.617820025433,
    -682.3762110665));
#3180 = CARTESIAN_POINT('',(-140.2703635236,-2.65,-682.3693168768));
#3181 = CARTESIAN_POINT('',(-139.7296361616,-2.65,-682.3693168768));
#3182 = CARTESIAN_POINT('',(-139.459611827,-2.617819946333,
    -682.3762110842));
#3183 = CARTESIAN_POINT('',(-139.1922098745,-2.553599238632,
    -682.3899699303));
#3184 = CARTESIAN_POINT('',(-138.9299249623,-2.45667291812,
    -682.410183218));
#3185 = CARTESIAN_POINT('',(-138.6758570234,-2.32577195099,
    -682.4360349964));
#3186 = CARTESIAN_POINT('',(-138.4342382036,-2.159210553803,
    -682.4660709303));
#3187 = CARTESIAN_POINT('',(-138.00818499,-1.769449499209,
    -682.5270474712));
#3188 = CARTESIAN_POINT('',(-137.814984658,-1.547492129813,
    -682.5584697274));
#3189 = CARTESIAN_POINT('',(-137.6432142455,-1.289809764058,
    -682.5899013179));
#3190 = CARTESIAN_POINT('',(-137.5029775909,-0.999715713703,
    -682.6179556156));
#3191 = CARTESIAN_POINT('',(-137.4028731508,-0.682825065787,
    -682.6389232784));
#3192 = CARTESIAN_POINT('',(-137.35,-0.346553419808,-682.65));
#3193 = CARTESIAN_POINT('',(-137.35,-1.7763568394E-15,-682.65));
#3194 = PCURVE('',#336,#3195);
#3195 = DEFINITIONAL_REPRESENTATION('',(#3196),#3223);
#3196 = B_SPLINE_CURVE_WITH_KNOTS('',7,(#3197,#3198,#3199,#3200,#3201,
    #3202,#3203,#3204,#3205,#3206,#3207,#3208,#3209,#3210,#3211,#3212,
    #3213,#3214,#3215,#3216,#3217,#3218,#3219,#3220,#3221,#3222),
  .UNSPECIFIED.,.F.,.F.,(8,6,6,6,8),(0.,0.238363635009,0.500000670219,
    0.761638010011,1.),.UNSPECIFIED.);
#3197 = CARTESIAN_POINT('',(3.14159265359,7.35));
#3198 = CARTESIAN_POINT('',(3.272367528989,7.35));
#3199 = CARTESIAN_POINT('',(3.39926241391,7.361076721532));
#3200 = CARTESIAN_POINT('',(3.522496960286,7.38204438432));
#3201 = CARTESIAN_POINT('',(3.641950663422,7.410098682056));
#3202 = CARTESIAN_POINT('',(3.757241193174,7.441530272541));
#3203 = CARTESIAN_POINT('',(3.867568423957,7.47295252875));
#3204 = CARTESIAN_POINT('',(4.085468759478,7.533928812272));
#3205 = CARTESIAN_POINT('',(4.195167997421,7.56396497468));
#3206 = CARTESIAN_POINT('',(4.301670422952,7.589817026766));
#3207 = CARTESIAN_POINT('',(4.405828087796,7.610030210998));
#3208 = CARTESIAN_POINT('',(4.508469799181,7.623788933474));
#3209 = CARTESIAN_POINT('',(4.610365009204,7.630683123147));
#3210 = CARTESIAN_POINT('',(4.814413070335,7.630683123147));
#3211 = CARTESIAN_POINT('',(4.916308815515,7.6237889158));
#3212 = CARTESIAN_POINT('',(5.018950801963,7.610030069625));
#3213 = CARTESIAN_POINT('',(5.123108221341,7.589816781954));
#3214 = CARTESIAN_POINT('',(5.229609814634,7.56396500357));
#3215 = CARTESIAN_POINT('',(5.339308281652,7.53392906962));
#3216 = CARTESIAN_POINT('',(5.557209536813,7.47295252875));
#3217 = CARTESIAN_POINT('',(5.667536767596,7.441530272541));
#3218 = CARTESIAN_POINT('',(5.782827297347,7.410098682056));
#3219 = CARTESIAN_POINT('',(5.902281000484,7.38204438432));
#3220 = CARTESIAN_POINT('',(6.025515546859,7.361076721532));
#3221 = CARTESIAN_POINT('',(6.15241043178,7.35));
#3222 = CARTESIAN_POINT('',(6.28318530718,7.35));
#3223 = ( GEOMETRIC_REPRESENTATION_CONTEXT(2) 
PARAMETRIC_REPRESENTATION_CONTEXT() REPRESENTATION_CONTEXT('2D SPACE',''
  ) );
#3224 = PCURVE('',#2761,#3225);
#3225 = DEFINITIONAL_REPRESENTATION('',(#3226),#3253);
#3226 = B_SPLINE_CURVE_WITH_KNOTS('',7,(#3227,#3228,#3229,#3230,#3231,
    #3232,#3233,#3234,#3235,#3236,#3237,#3238,#3239,#3240,#3241,#3242,
    #3243,#3244,#3245,#3246,#3247,#3248,#3249,#3250,#3251,#3252),
  .UNSPECIFIED.,.F.,.F.,(8,6,6,6,8),(0.,0.238363635009,0.500000670219,
    0.761638010011,1.),.UNSPECIFIED.);
#3227 = CARTESIAN_POINT('',(6.28318530718,37.35));
#3228 = CARTESIAN_POINT('',(6.255789779922,37.35));
#3229 = CARTESIAN_POINT('',(6.229207012523,37.402873150856));
#3230 = CARTESIAN_POINT('',(6.204122944009,37.502977590909));
#3231 = CARTESIAN_POINT('',(6.181098364288,37.643214245516));
#3232 = CARTESIAN_POINT('',(6.160583476193,37.814984658092));
#3233 = CARTESIAN_POINT('',(6.142864384445,38.008184990028));
#3234 = CARTESIAN_POINT('',(6.11167858819,38.434236405542));
#3235 = CARTESIAN_POINT('',(6.098302764478,38.675856295678));
#3236 = CARTESIAN_POINT('',(6.087756180309,38.92992657534));
#3237 = CARTESIAN_POINT('',(6.079929368314,39.192212307032));
#3238 = CARTESIAN_POINT('',(6.074737464958,39.459613563207));
#3239 = CARTESIAN_POINT('',(6.072135870884,39.729636476372));
#3240 = CARTESIAN_POINT('',(6.072135870884,40.270363838368));
#3241 = CARTESIAN_POINT('',(6.074737471339,40.540388172936));
#3242 = CARTESIAN_POINT('',(6.079929422992,40.807790125464));
#3243 = CARTESIAN_POINT('',(6.087756270245,41.070075037628));
#3244 = CARTESIAN_POINT('',(6.098302781298,41.324142976549));
#3245 = CARTESIAN_POINT('',(6.111678456572,41.565761796325));
#3246 = CARTESIAN_POINT('',(6.142864384445,41.991815009971));
#3247 = CARTESIAN_POINT('',(6.160583476193,42.185015341908));
#3248 = CARTESIAN_POINT('',(6.181098364288,42.356785754484));
#3249 = CARTESIAN_POINT('',(6.20412294401,42.497022409091));
#3250 = CARTESIAN_POINT('',(6.229207012523,42.597126849144));
#3251 = CARTESIAN_POINT('',(6.255789779922,42.65));
#3252 = CARTESIAN_POINT('',(6.28318530718,42.65));
#3253 = ( GEOMETRIC_REPRESENTATION_CONTEXT(2) 
PARAMETRIC_REPRESENTATION_CONTEXT() REPRESENTATION_CONTEXT('2D SPACE',''
  ) );
#3254 = ADVANCED_FACE('',(#3255),#456,.F.);
#3255 = FACE_BOUND('',#3256,.F.);
#3256 = EDGE_LOOP('',(#3257,#3351,#3372,#3373,#3374,#3375));
#3257 = ORIENTED_EDGE('',*,*,#3258,.F.);
#3258 = EDGE_CURVE('',#3259,#3261,#3263,.T.);
#3259 = VERTEX_POINT('',#3260);
#3260 = CARTESIAN_POINT('',(142.65,-1.873709602695E-15,-682.65));
#3261 = VERTEX_POINT('',#3262);
#3262 = CARTESIAN_POINT('',(137.35,-3.098356401843E-15,-682.65));
#3263 = SURFACE_CURVE('',#3264,(#3291,#3321),.PCURVE_S1.);
#3264 = B_SPLINE_CURVE_WITH_KNOTS('',7,(#3265,#3266,#3267,#3268,#3269,
    #3270,#3271,#3272,#3273,#3274,#3275,#3276,#3277,#3278,#3279,#3280,
    #3281,#3282,#3283,#3284,#3285,#3286,#3287,#3288,#3289,#3290),
  .UNSPECIFIED.,.F.,.F.,(8,6,6,6,8),(0.,0.238368175358,0.499995064244,
    0.761638674351,1.),.UNSPECIFIED.);
#3265 = CARTESIAN_POINT('',(142.65,-3.24531401774E-16,-682.65));
#3266 = CARTESIAN_POINT('',(142.65,0.346553419808,-682.65));
#3267 = CARTESIAN_POINT('',(142.59712684914,0.682825065786,
    -682.6389232784));
#3268 = CARTESIAN_POINT('',(142.49702240909,0.999715713702,
    -682.6179556156));
#3269 = CARTESIAN_POINT('',(142.35678575448,1.289809764058,
    -682.5899013179));
#3270 = CARTESIAN_POINT('',(142.1850153419,1.547492129813,
    -682.5584697274));
#3271 = CARTESIAN_POINT('',(141.99181500997,1.76944949921,
    -682.5270474712));
#3272 = CARTESIAN_POINT('',(141.56577648649,2.15919711497,
    -682.4660730328));
#3273 = CARTESIAN_POINT('',(141.32415562778,2.325767627348,
    -682.4360361966));
#3274 = CARTESIAN_POINT('',(141.07007152977,2.456679077505,
    -682.4101820755));
#3275 = CARTESIAN_POINT('',(140.8077704569,2.553607688527,
    -682.3899680968));
#3276 = CARTESIAN_POINT('',(140.54036314775,2.617823946333,
    -682.3762102354));
#3277 = CARTESIAN_POINT('',(140.27034655985,2.65,-682.3693168768));
#3278 = CARTESIAN_POINT('',(139.72963616163,2.65,-682.3693168768));
#3279 = CARTESIAN_POINT('',(139.45961182706,2.617819946333,
    -682.3762110842));
#3280 = CARTESIAN_POINT('',(139.19220987453,2.553599238632,
    -682.3899699303));
#3281 = CARTESIAN_POINT('',(138.92992496237,2.45667291812,-682.410183218
    ));
#3282 = CARTESIAN_POINT('',(138.67585702345,2.32577195099,
    -682.4360349964));
#3283 = CARTESIAN_POINT('',(138.43423820367,2.159210553803,
    -682.4660709303));
#3284 = CARTESIAN_POINT('',(138.00819042365,1.769454469989,
    -682.5270466935));
#3285 = CARTESIAN_POINT('',(137.81498736835,1.547497045811,
    -682.5584691376));
#3286 = CARTESIAN_POINT('',(137.64321185701,1.289809472071,
    -682.5899016206));
#3287 = CARTESIAN_POINT('',(137.50297231537,0.999707619628,
    -682.617956721));
#3288 = CARTESIAN_POINT('',(137.40286924806,0.682810747685,
    -682.638924096));
#3289 = CARTESIAN_POINT('',(137.35,0.346540659493,-682.65));
#3290 = CARTESIAN_POINT('',(137.35,4.867971026611E-16,-682.65));
#3291 = PCURVE('',#456,#3292);
#3292 = DEFINITIONAL_REPRESENTATION('',(#3293),#3320);
#3293 = B_SPLINE_CURVE_WITH_KNOTS('',7,(#3294,#3295,#3296,#3297,#3298,
    #3299,#3300,#3301,#3302,#3303,#3304,#3305,#3306,#3307,#3308,#3309,
    #3310,#3311,#3312,#3313,#3314,#3315,#3316,#3317,#3318,#3319),
  .UNSPECIFIED.,.F.,.F.,(8,6,6,6,8),(0.,0.238368175358,0.499995064244,
    0.761638674351,1.),.UNSPECIFIED.);
#3294 = CARTESIAN_POINT('',(0.,7.35));
#3295 = CARTESIAN_POINT('',(0.130774875399,7.35));
#3296 = CARTESIAN_POINT('',(0.257669760321,7.361076721532));
#3297 = CARTESIAN_POINT('',(0.380904306695,7.38204438432));
#3298 = CARTESIAN_POINT('',(0.500358009832,7.410098682056));
#3299 = CARTESIAN_POINT('',(0.615648539583,7.441530272541));
#3300 = CARTESIAN_POINT('',(0.725975770367,7.472952528751));
#3301 = CARTESIAN_POINT('',(0.943869512364,7.533926967169));
#3302 = CARTESIAN_POINT('',(1.0535708718,7.563963803363));
#3303 = CARTESIAN_POINT('',(1.16007914331,7.589817924453));
#3304 = CARTESIAN_POINT('',(1.264242325796,7.610031903158));
#3305 = CARTESIAN_POINT('',(1.366885898353,7.62378976456));
#3306 = CARTESIAN_POINT('',(1.46877875704,7.630683123147));
#3307 = CARTESIAN_POINT('',(1.672820416745,7.630683123147));
#3308 = CARTESIAN_POINT('',(1.774716161924,7.6237889158));
#3309 = CARTESIAN_POINT('',(1.877358148374,7.610030069625));
#3310 = CARTESIAN_POINT('',(1.981515567751,7.589816781955));
#3311 = CARTESIAN_POINT('',(2.088017161045,7.56396500357));
#3312 = CARTESIAN_POINT('',(2.197715628062,7.53392906962));
#3313 = CARTESIAN_POINT('',(2.41561410424,7.472953306409));
#3314 = CARTESIAN_POINT('',(2.525942106278,7.441530862377));
#3315 = CARTESIAN_POINT('',(2.64123523848,7.410098379336));
#3316 = CARTESIAN_POINT('',(2.76069180026,7.38204327892));
#3317 = CARTESIAN_POINT('',(2.883928297571,7.361075903919));
#3318 = CARTESIAN_POINT('',(3.010822593404,7.35));
#3319 = CARTESIAN_POINT('',(3.14159265359,7.35));
#3320 = ( GEOMETRIC_REPRESENTATION_CONTEXT(2) 
PARAMETRIC_REPRESENTATION_CONTEXT() REPRESENTATION_CONTEXT('2D SPACE',''
  ) );
#3321 = PCURVE('',#2761,#3322);
#3322 = DEFINITIONAL_REPRESENTATION('',(#3323),#3350);
#3323 = B_SPLINE_CURVE_WITH_KNOTS('',7,(#3324,#3325,#3326,#3327,#3328,
    #3329,#3330,#3331,#3332,#3333,#3334,#3335,#3336,#3337,#3338,#3339,
    #3340,#3341,#3342,#3343,#3344,#3345,#3346,#3347,#3348,#3349),
  .UNSPECIFIED.,.F.,.F.,(8,6,6,6,8),(0.,0.238368175358,0.499995064244,
    0.761638674351,1.),.UNSPECIFIED.);
#3324 = CARTESIAN_POINT('',(0.,322.65));
#3325 = CARTESIAN_POINT('',(2.739552725756E-02,322.65));
#3326 = CARTESIAN_POINT('',(5.397829465679E-02,322.59712684914));
#3327 = CARTESIAN_POINT('',(7.906236317006E-02,322.49702240909));
#3328 = CARTESIAN_POINT('',(0.102086942892,322.35678575448));
#3329 = CARTESIAN_POINT('',(0.122601830987,322.1850153419));
#3330 = CARTESIAN_POINT('',(0.140320922735,321.99181500997));
#3331 = CARTESIAN_POINT('',(0.171505775327,321.56577648649));
#3332 = CARTESIAN_POINT('',(0.184882173536,321.32415562778));
#3333 = CARTESIAN_POINT('',(0.195429530723,321.07007152977));
#3334 = CARTESIAN_POINT('',(0.203256568516,320.8077704569));
#3335 = CARTESIAN_POINT('',(0.208448158776,320.54036314775));
#3336 = CARTESIAN_POINT('',(0.211049436296,320.27034655985));
#3337 = CARTESIAN_POINT('',(0.211049436296,319.72963616163));
#3338 = CARTESIAN_POINT('',(0.20844783584,319.45961182706));
#3339 = CARTESIAN_POINT('',(0.203255884188,319.19220987453));
#3340 = CARTESIAN_POINT('',(0.195429036935,318.92992496237));
#3341 = CARTESIAN_POINT('',(0.184882525881,318.67585702345));
#3342 = CARTESIAN_POINT('',(0.171506850608,318.43423820367));
#3343 = CARTESIAN_POINT('',(0.140321320461,318.00819042365));
#3344 = CARTESIAN_POINT('',(0.122602222239,317.81498736835));
#3345 = CARTESIAN_POINT('',(0.102086916422,317.64321185701));
#3346 = CARTESIAN_POINT('',(7.906171925652E-02,317.50297231537));
#3347 = CARTESIAN_POINT('',(5.397716286144E-02,317.40286924806));
#3348 = CARTESIAN_POINT('',(2.739451853702E-02,317.35));
#3349 = CARTESIAN_POINT('',(0.,317.35));
#3350 = ( GEOMETRIC_REPRESENTATION_CONTEXT(2) 
PARAMETRIC_REPRESENTATION_CONTEXT() REPRESENTATION_CONTEXT('2D SPACE',''
  ) );
#3351 = ORIENTED_EDGE('',*,*,#3352,.F.);
#3352 = EDGE_CURVE('',#395,#3259,#3353,.T.);
#3353 = SEAM_CURVE('',#3354,(#3358,#3365),.PCURVE_S1.);
#3354 = LINE('',#3355,#3356);
#3355 = CARTESIAN_POINT('',(142.65,-6.490628035481E-16,-690.));
#3356 = VECTOR('',#3357,1.);
#3357 = DIRECTION('',(0.,0.,1.));
#3358 = PCURVE('',#456,#3359);
#3359 = DEFINITIONAL_REPRESENTATION('',(#3360),#3364);
#3360 = LINE('',#3361,#3362);
#3361 = CARTESIAN_POINT('',(6.28318530718,-0.));
#3362 = VECTOR('',#3363,1.);
#3363 = DIRECTION('',(0.,1.));
#3364 = ( GEOMETRIC_REPRESENTATION_CONTEXT(2) 
PARAMETRIC_REPRESENTATION_CONTEXT() REPRESENTATION_CONTEXT('2D SPACE',''
  ) );
#3365 = PCURVE('',#456,#3366);
#3366 = DEFINITIONAL_REPRESENTATION('',(#3367),#3371);
#3367 = LINE('',#3368,#3369);
#3368 = CARTESIAN_POINT('',(0.,-0.));
#3369 = VECTOR('',#3370,1.);
#3370 = DIRECTION('',(0.,1.));
#3371 = ( GEOMETRIC_REPRESENTATION_CONTEXT(2) 
PARAMETRIC_REPRESENTATION_CONTEXT() REPRESENTATION_CONTEXT('2D SPACE',''
  ) );
#3372 = ORIENTED_EDGE('',*,*,#1005,.T.);
#3373 = ORIENTED_EDGE('',*,*,#394,.T.);
#3374 = ORIENTED_EDGE('',*,*,#3352,.T.);
#3375 = ORIENTED_EDGE('',*,*,#3376,.F.);
#3376 = EDGE_CURVE('',#3261,#3259,#3377,.T.);
#3377 = SURFACE_CURVE('',#3378,(#3405,#3435),.PCURVE_S1.);
#3378 = B_SPLINE_CURVE_WITH_KNOTS('',7,(#3379,#3380,#3381,#3382,#3383,
    #3384,#3385,#3386,#3387,#3388,#3389,#3390,#3391,#3392,#3393,#3394,
    #3395,#3396,#3397,#3398,#3399,#3400,#3401,#3402,#3403,#3404),
  .UNSPECIFIED.,.F.,.F.,(8,6,6,6,8),(0.,0.238363635008,0.500000670219,
    0.761638010011,1.),.UNSPECIFIED.);
#3379 = CARTESIAN_POINT('',(137.35,-8.881784197001E-16,-682.65));
#3380 = CARTESIAN_POINT('',(137.35,-0.346553419808,-682.65));
#3381 = CARTESIAN_POINT('',(137.40287315085,-0.682825065786,
    -682.6389232784));
#3382 = CARTESIAN_POINT('',(137.5029775909,-0.999715713703,
    -682.6179556156));
#3383 = CARTESIAN_POINT('',(137.64321424551,-1.289809764058,
    -682.5899013179));
#3384 = CARTESIAN_POINT('',(137.81498465809,-1.547492129813,
    -682.5584697274));
#3385 = CARTESIAN_POINT('',(138.00818499002,-1.769449499209,
    -682.5270474712));
#3386 = CARTESIAN_POINT('',(138.43423640554,-2.159208908839,
    -682.4660711877));
#3387 = CARTESIAN_POINT('',(138.67585629567,-2.325772171234,
    -682.4360350253));
#3388 = CARTESIAN_POINT('',(138.92992657534,-2.456674031733,
    -682.4101829732));
#3389 = CARTESIAN_POINT('',(139.19221230703,-2.553599914428,
    -682.389969789));
#3390 = CARTESIAN_POINT('',(139.4596135632,-2.617820025433,
    -682.3762110665));
#3391 = CARTESIAN_POINT('',(139.72963647637,-2.65,-682.3693168768));
#3392 = CARTESIAN_POINT('',(140.27036383836,-2.65,-682.3693168768));
#3393 = CARTESIAN_POINT('',(140.54038817293,-2.617819946333,
    -682.3762110842));
#3394 = CARTESIAN_POINT('',(140.80779012546,-2.553599238631,
    -682.3899699303));
#3395 = CARTESIAN_POINT('',(141.07007503762,-2.45667291812,
    -682.410183218));
#3396 = CARTESIAN_POINT('',(141.32414297655,-2.325771950989,
    -682.4360349964));
#3397 = CARTESIAN_POINT('',(141.56576179632,-2.159210553803,
    -682.4660709303));
#3398 = CARTESIAN_POINT('',(141.99181500997,-1.76944949921,
    -682.5270474712));
#3399 = CARTESIAN_POINT('',(142.1850153419,-1.547492129813,
    -682.5584697274));
#3400 = CARTESIAN_POINT('',(142.35678575448,-1.289809764057,
    -682.5899013179));
#3401 = CARTESIAN_POINT('',(142.49702240909,-0.999715713703,
    -682.6179556156));
#3402 = CARTESIAN_POINT('',(142.59712684914,-0.682825065786,
    -682.6389232784));
#3403 = CARTESIAN_POINT('',(142.65,-0.346553419808,-682.65));
#3404 = CARTESIAN_POINT('',(142.65,-1.7763568394E-15,-682.65));
#3405 = PCURVE('',#456,#3406);
#3406 = DEFINITIONAL_REPRESENTATION('',(#3407),#3434);
#3407 = B_SPLINE_CURVE_WITH_KNOTS('',7,(#3408,#3409,#3410,#3411,#3412,
    #3413,#3414,#3415,#3416,#3417,#3418,#3419,#3420,#3421,#3422,#3423,
    #3424,#3425,#3426,#3427,#3428,#3429,#3430,#3431,#3432,#3433),
  .UNSPECIFIED.,.F.,.F.,(8,6,6,6,8),(0.,0.238363635008,0.500000670219,
    0.761638010011,1.),.UNSPECIFIED.);
#3408 = CARTESIAN_POINT('',(3.14159265359,7.35));
#3409 = CARTESIAN_POINT('',(3.272367528989,7.35));
#3410 = CARTESIAN_POINT('',(3.399262413911,7.361076721532));
#3411 = CARTESIAN_POINT('',(3.522496960285,7.38204438432));
#3412 = CARTESIAN_POINT('',(3.641950663422,7.410098682056));
#3413 = CARTESIAN_POINT('',(3.757241193173,7.441530272541));
#3414 = CARTESIAN_POINT('',(3.867568423957,7.47295252875));
#3415 = CARTESIAN_POINT('',(4.085468759478,7.533928812272));
#3416 = CARTESIAN_POINT('',(4.195167997421,7.56396497468));
#3417 = CARTESIAN_POINT('',(4.301670422952,7.589817026767));
#3418 = CARTESIAN_POINT('',(4.405828087796,7.610030210998));
#3419 = CARTESIAN_POINT('',(4.508469799181,7.623788933474));
#3420 = CARTESIAN_POINT('',(4.610365009204,7.630683123147));
#3421 = CARTESIAN_POINT('',(4.814413070335,7.630683123147));
#3422 = CARTESIAN_POINT('',(4.916308815514,7.6237889158));
#3423 = CARTESIAN_POINT('',(5.018950801964,7.610030069625));
#3424 = CARTESIAN_POINT('',(5.12310822134,7.589816781955));
#3425 = CARTESIAN_POINT('',(5.229609814635,7.56396500357));
#3426 = CARTESIAN_POINT('',(5.339308281652,7.53392906962));
#3427 = CARTESIAN_POINT('',(5.557209536813,7.472952528751));
#3428 = CARTESIAN_POINT('',(5.667536767596,7.441530272541));
#3429 = CARTESIAN_POINT('',(5.782827297348,7.410098682056));
#3430 = CARTESIAN_POINT('',(5.902281000484,7.38204438432));
#3431 = CARTESIAN_POINT('',(6.025515546859,7.361076721532));
#3432 = CARTESIAN_POINT('',(6.15241043178,7.35));
#3433 = CARTESIAN_POINT('',(6.28318530718,7.35));
#3434 = ( GEOMETRIC_REPRESENTATION_CONTEXT(2) 
PARAMETRIC_REPRESENTATION_CONTEXT() REPRESENTATION_CONTEXT('2D SPACE',''
  ) );
#3435 = PCURVE('',#2761,#3436);
#3436 = DEFINITIONAL_REPRESENTATION('',(#3437),#3464);
#3437 = B_SPLINE_CURVE_WITH_KNOTS('',7,(#3438,#3439,#3440,#3441,#3442,
    #3443,#3444,#3445,#3446,#3447,#3448,#3449,#3450,#3451,#3452,#3453,
    #3454,#3455,#3456,#3457,#3458,#3459,#3460,#3461,#3462,#3463),
  .UNSPECIFIED.,.F.,.F.,(8,6,6,6,8),(0.,0.238363635008,0.500000670219,
    0.761638010011,1.),.UNSPECIFIED.);
#3438 = CARTESIAN_POINT('',(6.28318530718,317.35));
#3439 = CARTESIAN_POINT('',(6.255789779922,317.35));
#3440 = CARTESIAN_POINT('',(6.229207012523,317.40287315085));
#3441 = CARTESIAN_POINT('',(6.204122944009,317.5029775909));
#3442 = CARTESIAN_POINT('',(6.181098364288,317.64321424551));
#3443 = CARTESIAN_POINT('',(6.160583476193,317.81498465809));
#3444 = CARTESIAN_POINT('',(6.142864384445,318.00818499002));
#3445 = CARTESIAN_POINT('',(6.11167858819,318.43423640554));
#3446 = CARTESIAN_POINT('',(6.098302764478,318.67585629567));
#3447 = CARTESIAN_POINT('',(6.087756180309,318.92992657534));
#3448 = CARTESIAN_POINT('',(6.079929368314,319.19221230703));
#3449 = CARTESIAN_POINT('',(6.074737464958,319.4596135632));
#3450 = CARTESIAN_POINT('',(6.072135870884,319.72963647637));
#3451 = CARTESIAN_POINT('',(6.072135870884,320.27036383836));
#3452 = CARTESIAN_POINT('',(6.074737471339,320.54038817293));
#3453 = CARTESIAN_POINT('',(6.079929422992,320.80779012546));
#3454 = CARTESIAN_POINT('',(6.087756270245,321.07007503762));
#3455 = CARTESIAN_POINT('',(6.098302781298,321.32414297655));
#3456 = CARTESIAN_POINT('',(6.111678456572,321.56576179632));
#3457 = CARTESIAN_POINT('',(6.142864384445,321.99181500997));
#3458 = CARTESIAN_POINT('',(6.160583476193,322.1850153419));
#3459 = CARTESIAN_POINT('',(6.181098364288,322.35678575448));
#3460 = CARTESIAN_POINT('',(6.204122944009,322.49702240909));
#3461 = CARTESIAN_POINT('',(6.229207012523,322.59712684914));
#3462 = CARTESIAN_POINT('',(6.255789779922,322.65));
#3463 = CARTESIAN_POINT('',(6.28318530718,322.65));
#3464 = ( GEOMETRIC_REPRESENTATION_CONTEXT(2) 
PARAMETRIC_REPRESENTATION_CONTEXT() REPRESENTATION_CONTEXT('2D SPACE',''
  ) );
#3465 = ADVANCED_FACE('',(#3466),#660,.F.);
#3466 = FACE_BOUND('',#3467,.F.);
#3467 = EDGE_LOOP('',(#3468,#3640,#3661,#3662,#3663,#3664));
#3468 = ORIENTED_EDGE('',*,*,#3469,.F.);
#3469 = EDGE_CURVE('',#3470,#3472,#3474,.T.);
#3470 = VERTEX_POINT('',#3471);
#3471 = CARTESIAN_POINT('',(168.,-2.528895640239E-15,-682.65));
#3472 = VERTEX_POINT('',#3473);
#3473 = CARTESIAN_POINT('',(152.,-3.098356401843E-15,-682.65));
#3474 = SURFACE_CURVE('',#3475,(#3528,#3584),.PCURVE_S1.);
#3475 = B_SPLINE_CURVE_WITH_KNOTS('',6,(#3476,#3477,#3478,#3479,#3480,
    #3481,#3482,#3483,#3484,#3485,#3486,#3487,#3488,#3489,#3490,#3491,
    #3492,#3493,#3494,#3495,#3496,#3497,#3498,#3499,#3500,#3501,#3502,
    #3503,#3504,#3505,#3506,#3507,#3508,#3509,#3510,#3511,#3512,#3513,
    #3514,#3515,#3516,#3517,#3518,#3519,#3520,#3521,#3522,#3523,#3524,
    #3525,#3526,#3527),.UNSPECIFIED.,.F.,.F.,(7,5,5,5,5,5,5,5,5,5,7),(0.
    ,0.105638262483,0.157045774153,0.29502731373,0.398937973696,
    0.49989199376,0.600555765524,0.703869720218,0.84474492782,
    0.934007250265,1.),.UNSPECIFIED.);
#3476 = CARTESIAN_POINT('',(168.,-9.797174393179E-16,-682.65));
#3477 = CARTESIAN_POINT('',(168.,0.562196084567,-682.65));
#3478 = CARTESIAN_POINT('',(167.95259062915,1.11905294653,
    -682.6200173976));
#3479 = CARTESIAN_POINT('',(167.85945802482,1.662276989896,
    -682.5611212284));
#3480 = CARTESIAN_POINT('',(167.72482914306,2.183762802492,
    -682.4767750113));
#3481 = CARTESIAN_POINT('',(167.55543940842,2.676155599794,
    -682.3726714919));
#3482 = CARTESIAN_POINT('',(167.2664011666,3.35526197068,-682.1990722313
    ));
#3483 = CARTESIAN_POINT('',(167.16533917059,3.570354703924,
    -682.1389336325));
#3484 = CARTESIAN_POINT('',(167.05841361097,3.778290778675,
    -682.0759887634));
#3485 = CARTESIAN_POINT('',(166.94615377561,3.979144114958,
    -682.0107111842));
#3486 = CARTESIAN_POINT('',(166.829034761,4.17301214777,-681.9435402664)
  );
#3487 = CARTESIAN_POINT('',(166.38121210118,4.861945687163,
    -681.6905894238));
#3488 = CARTESIAN_POINT('',(166.02252674498,5.31511392081,
    -681.4953115225));
#3489 = CARTESIAN_POINT('',(165.63874311471,5.722590368918,
    -681.2964286945));
#3490 = CARTESIAN_POINT('',(165.23422195826,6.087713994565,
    -681.099515657));
#3491 = CARTESIAN_POINT('',(164.81113226287,6.413286517724,
    -680.9090445243));
#3492 = CARTESIAN_POINT('',(164.03796958218,6.917516160456,
    -680.594134576));
#3493 = CARTESIAN_POINT('',(163.69572639508,7.112558767871,
    -680.4650292707));
#3494 = CARTESIAN_POINT('',(163.34448221526,7.286195799152,
    -680.3443073879));
#3495 = CARTESIAN_POINT('',(162.98512302292,7.438496517417,
    -680.2340810911));
#3496 = CARTESIAN_POINT('',(162.61833693319,7.569404803882,
    -680.1363457897));
#3497 = CARTESIAN_POINT('',(161.88158940893,7.784773312651,
    -679.971842335));
#3498 = CARTESIAN_POINT('',(161.51189702566,7.870483544798,
    -679.9042459544));
#3499 = CARTESIAN_POINT('',(161.13736967574,7.93510731555,
    -679.8520856152));
#3500 = CARTESIAN_POINT('',(160.75958778011,7.97834047584,
    -679.8167899387));
#3501 = CARTESIAN_POINT('',(160.37999714114,8.,-679.7991071021));
#3502 = CARTESIAN_POINT('',(159.62109537131,8.,-679.7991071021));
#3503 = CARTESIAN_POINT('',(159.24259192416,7.978464839168,
    -679.8166884087));
#3504 = CARTESIAN_POINT('',(158.86588178262,7.935479042643,
    -679.8517821354));
#3505 = CARTESIAN_POINT('',(158.49239995555,7.871223858519,
    -679.9036484161));
#3506 = CARTESIAN_POINT('',(158.12371430935,7.786000814327,
    -679.9708741176));
#3507 = CARTESIAN_POINT('',(157.38997186304,7.572159454418,
    -680.134272621));
#3508 = CARTESIAN_POINT('',(157.02514357214,7.442422215514,
    -680.2311880299));
#3509 = CARTESIAN_POINT('',(156.66764255781,7.291531378918,
    -680.3404854924));
#3510 = CARTESIAN_POINT('',(156.31814845679,7.119546062408,
    -680.4602045224));
#3511 = CARTESIAN_POINT('',(155.97753366787,6.92640424932,
    -680.5882684485));
#3512 = CARTESIAN_POINT('',(155.19603491446,6.419555337646,
    -680.9055404916));
#3513 = CARTESIAN_POINT('',(154.76387123375,6.087642612,-681.099990192)
  );
#3514 = CARTESIAN_POINT('',(154.35102159144,5.714535715606,
    -681.3011790328));
#3515 = CARTESIAN_POINT('',(153.95978568075,5.297235093146,
    -681.5043658638));
#3516 = CARTESIAN_POINT('',(153.59485430989,4.832164572576,
    -681.7035945631));
#3517 = CARTESIAN_POINT('',(153.05462797185,3.989065917261,
    -682.0096159898));
#3518 = CARTESIAN_POINT('',(152.85820505599,3.640582294042,
    -682.1238925702));
#3519 = CARTESIAN_POINT('',(152.67768988283,3.270531161324,
    -682.2313249725));
#3520 = CARTESIAN_POINT('',(152.5160733098,2.879046799334,
    -682.3292759835));
#3521 = CARTESIAN_POINT('',(152.37660266597,2.466564759301,
    -682.4149393374));
#3522 = CARTESIAN_POINT('',(152.17878125808,1.714037422626,-682.53752796
    ));
#3523 = CARTESIAN_POINT('',(152.10876045776,1.383135355855,
    -682.5813379869));
#3524 = CARTESIAN_POINT('',(152.0548186593,1.043668201364,
    -682.6153320958));
#3525 = CARTESIAN_POINT('',(152.01831618242,0.698218703489,
    -682.6384166375));
#3526 = CARTESIAN_POINT('',(152.,0.349438901393,-682.65));
#3527 = CARTESIAN_POINT('',(152.,1.469576158977E-15,-682.65));
#3528 = PCURVE('',#660,#3529);
#3529 = DEFINITIONAL_REPRESENTATION('',(#3530),#3583);
#3530 = B_SPLINE_CURVE_WITH_KNOTS('',6,(#3531,#3532,#3533,#3534,#3535,
    #3536,#3537,#3538,#3539,#3540,#3541,#3542,#3543,#3544,#3545,#3546,
    #3547,#3548,#3549,#3550,#3551,#3552,#3553,#3554,#3555,#3556,#3557,
    #3558,#3559,#3560,#3561,#3562,#3563,#3564,#3565,#3566,#3567,#3568,
    #3569,#3570,#3571,#3572,#3573,#3574,#3575,#3576,#3577,#3578,#3579,
    #3580,#3581,#3582),.UNSPECIFIED.,.F.,.F.,(7,5,5,5,5,5,5,5,5,5,7),(0.
    ,0.105638262483,0.157045774153,0.29502731373,0.398937973696,
    0.49989199376,0.600555765524,0.703869720218,0.84474492782,
    0.934007250265,1.),.UNSPECIFIED.);
#3531 = CARTESIAN_POINT('',(0.,7.35));
#3532 = CARTESIAN_POINT('',(7.027451057083E-02,7.35));
#3533 = CARTESIAN_POINT('',(0.139881577953,7.379982602378));
#3534 = CARTESIAN_POINT('',(0.208409495045,7.438878771551));
#3535 = CARTESIAN_POINT('',(0.275409277073,7.523224988622));
#3536 = CARTESIAN_POINT('',(0.340334305633,7.627328508017));
#3537 = CARTESIAN_POINT('',(0.432591467297,7.800927768627));
#3538 = CARTESIAN_POINT('',(0.462277794624,7.861066367469));
#3539 = CARTESIAN_POINT('',(0.491477567333,7.924011236538));
#3540 = CARTESIAN_POINT('',(0.520214632299,7.989288815715));
#3541 = CARTESIAN_POINT('',(0.548511596273,8.056459733585));
#3542 = CARTESIAN_POINT('',(0.651222853898,8.309410576118));
#3543 = CARTESIAN_POINT('',(0.723152585172,8.504688477455));
#3544 = CARTESIAN_POINT('',(0.792756475022,8.70357130542));
#3545 = CARTESIAN_POINT('',(0.860554513296,8.900484342955));
#3546 = CARTESIAN_POINT('',(0.927083943066,9.090955475651));
#3547 = CARTESIAN_POINT('',(1.042465650848,9.405865423967));
#3548 = CARTESIAN_POINT('',(1.09161718334,9.534970729218));
#3549 = CARTESIAN_POINT('',(1.140468607667,9.655692612059));
#3550 = CARTESIAN_POINT('',(1.189133082881,9.765918908886));
#3551 = CARTESIAN_POINT('',(1.237730944793,9.863654210242));
#3552 = CARTESIAN_POINT('',(1.333678563076,10.028157664931));
#3553 = CARTESIAN_POINT('',(1.381039869024,10.095754045588));
#3554 = CARTESIAN_POINT('',(1.428432112122,10.147914384703));
#3555 = CARTESIAN_POINT('',(1.475847880748,10.183210061274));
#3556 = CARTESIAN_POINT('',(1.523296684152,10.20089289782));
#3557 = CARTESIAN_POINT('',(1.618159405381,10.20089289782));
#3558 = CARTESIAN_POINT('',(1.665472310275,10.183311591204));
#3559 = CARTESIAN_POINT('',(1.712752448341,10.148217864513));
#3560 = CARTESIAN_POINT('',(1.76000906833,10.096351583845));
#3561 = CARTESIAN_POINT('',(1.807234689343,10.029125882363));
#3562 = CARTESIAN_POINT('',(1.902768232595,9.865727378913));
#3563 = CARTESIAN_POINT('',(1.95108785494,9.768811970043));
#3564 = CARTESIAN_POINT('',(1.999471847926,9.659514507567));
#3565 = CARTESIAN_POINT('',(2.04803794246,9.539795477563));
#3566 = CARTESIAN_POINT('',(2.096896720763,9.411731551492));
#3567 = CARTESIAN_POINT('',(2.213330454655,9.09445950834));
#3568 = CARTESIAN_POINT('',(2.281229404964,8.90000980797));
#3569 = CARTESIAN_POINT('',(2.350449012145,8.69882096717));
#3570 = CARTESIAN_POINT('',(2.421561672186,8.495634136125));
#3571 = CARTESIAN_POINT('',(2.49511988095,8.296405436894));
#3572 = CARTESIAN_POINT('',(2.620286010486,7.990384010161));
#3573 = CARTESIAN_POINT('',(2.6702095423,7.876107429706));
#3574 = CARTESIAN_POINT('',(2.721536052284,7.768675027429));
#3575 = CARTESIAN_POINT('',(2.77431444796,7.670724016426));
#3576 = CARTESIAN_POINT('',(2.828612882432,7.585060662528));
#3577 = CARTESIAN_POINT('',(2.925874666893,7.462472039963));
#3578 = CARTESIAN_POINT('',(2.968103555585,7.418662013006));
#3579 = CARTESIAN_POINT('',(3.01098411193,7.384667904137));
#3580 = CARTESIAN_POINT('',(3.054315317219,7.361583362417));
#3581 = CARTESIAN_POINT('',(3.097912790916,7.35));
#3582 = CARTESIAN_POINT('',(3.14159265359,7.35));
#3583 = ( GEOMETRIC_REPRESENTATION_CONTEXT(2) 
PARAMETRIC_REPRESENTATION_CONTEXT() REPRESENTATION_CONTEXT('2D SPACE',''
  ) );
#3584 = PCURVE('',#2761,#3585);
#3585 = DEFINITIONAL_REPRESENTATION('',(#3586),#3639);
#3586 = B_SPLINE_CURVE_WITH_KNOTS('',6,(#3587,#3588,#3589,#3590,#3591,
    #3592,#3593,#3594,#3595,#3596,#3597,#3598,#3599,#3600,#3601,#3602,
    #3603,#3604,#3605,#3606,#3607,#3608,#3609,#3610,#3611,#3612,#3613,
    #3614,#3615,#3616,#3617,#3618,#3619,#3620,#3621,#3622,#3623,#3624,
    #3625,#3626,#3627,#3628,#3629,#3630,#3631,#3632,#3633,#3634,#3635,
    #3636,#3637,#3638),.UNSPECIFIED.,.F.,.F.,(7,5,5,5,5,5,5,5,5,5,7),(0.
    ,0.105638262483,0.157045774153,0.29502731373,0.398937973696,
    0.49989199376,0.600555765524,0.703869720218,0.84474492782,
    0.934007250265,1.),.UNSPECIFIED.);
#3587 = CARTESIAN_POINT('',(0.,348.));
#3588 = CARTESIAN_POINT('',(4.444237822661E-02,348.));
#3589 = CARTESIAN_POINT('',(8.846275322548E-02,347.95259062915));
#3590 = CARTESIAN_POINT('',(0.131563026386,347.85945802482));
#3591 = CARTESIAN_POINT('',(0.173247129474,347.72482914306));
#3592 = CARTESIAN_POINT('',(0.212997033385,347.55543940842));
#3593 = CARTESIAN_POINT('',(0.268407607951,347.2664011666));
#3594 = CARTESIAN_POINT('',(0.286058668725,347.16533917059));
#3595 = CARTESIAN_POINT('',(0.303227289077,347.05841361097));
#3596 = CARTESIAN_POINT('',(0.319917728931,346.94615377561));
#3597 = CARTESIAN_POINT('',(0.336134358308,346.829034761));
#3598 = CARTESIAN_POINT('',(0.394150402347,346.38121210118));
#3599 = CARTESIAN_POINT('',(0.433099539442,346.02252674498));
#3600 = CARTESIAN_POINT('',(0.468891955599,345.63874311471));
#3601 = CARTESIAN_POINT('',(0.50165351298,345.23422195826));
#3602 = CARTESIAN_POINT('',(0.531458923002,344.81113226287));
#3603 = CARTESIAN_POINT('',(0.578454010248,344.03796958218));
#3604 = CARTESIAN_POINT('',(0.596937759265,343.69572639508));
#3605 = CARTESIAN_POINT('',(0.613650032934,343.34448221526));
#3606 = CARTESIAN_POINT('',(0.628509340767,342.98512302292));
#3607 = CARTESIAN_POINT('',(0.641423044924,342.61833693319));
#3608 = CARTESIAN_POINT('',(0.662846550477,341.88158940893));
#3609 = CARTESIAN_POINT('',(0.671474612119,341.51189702566));
#3610 = CARTESIAN_POINT('',(0.678039462799,341.13736967574));
#3611 = CARTESIAN_POINT('',(0.682451452258,340.75958778011));
#3612 = CARTESIAN_POINT('',(0.684661800486,340.37999714114));
#3613 = CARTESIAN_POINT('',(0.684661800486,339.62109537131));
#3614 = CARTESIAN_POINT('',(0.682464143368,339.24259192416));
#3615 = CARTESIAN_POINT('',(0.678077398265,338.86588178262));
#3616 = CARTESIAN_POINT('',(0.671549817265,338.49239995555));
#3617 = CARTESIAN_POINT('',(0.662970124251,338.12371430935));
#3618 = CARTESIAN_POINT('',(0.641695577473,337.38997186304));
#3619 = CARTESIAN_POINT('',(0.628894808186,337.02514357214));
#3620 = CARTESIAN_POINT('',(0.614168767031,336.66764255781));
#3621 = CARTESIAN_POINT('',(0.597608803432,336.31814845679));
#3622 = CARTESIAN_POINT('',(0.579295605009,335.97753366787));
#3623 = CARTESIAN_POINT('',(0.532025960005,335.19603491446));
#3624 = CARTESIAN_POINT('',(0.501629741001,334.76387123375));
#3625 = CARTESIAN_POINT('',(0.468154267817,334.35102159144));
#3626 = CARTESIAN_POINT('',(0.431518305349,333.95978568075));
#3627 = CARTESIAN_POINT('',(0.39158636528,333.59485430989));
#3628 = CARTESIAN_POINT('',(0.32068364388,333.05462797185));
#3629 = CARTESIAN_POINT('',(0.291706361921,332.85820505599));
#3630 = CARTESIAN_POINT('',(0.26127359452,332.67768988283));
#3631 = CARTESIAN_POINT('',(0.229408963643,332.5160733098));
#3632 = CARTESIAN_POINT('',(0.196137126147,332.37660266597));
#3633 = CARTESIAN_POINT('',(0.135864639397,332.17878125808));
#3634 = CARTESIAN_POINT('',(0.109489862491,332.10876045776));
#3635 = CARTESIAN_POINT('',(8.254133606185E-02,332.0548186593));
#3636 = CARTESIAN_POINT('',(5.519515973357E-02,332.01831618242));
#3637 = CARTESIAN_POINT('',(2.762362856859E-02,332.));
#3638 = CARTESIAN_POINT('',(0.,332.));
#3639 = ( GEOMETRIC_REPRESENTATION_CONTEXT(2) 
PARAMETRIC_REPRESENTATION_CONTEXT() REPRESENTATION_CONTEXT('2D SPACE',''
  ) );
#3640 = ORIENTED_EDGE('',*,*,#3641,.F.);
#3641 = EDGE_CURVE('',#515,#3470,#3642,.T.);
#3642 = SEAM_CURVE('',#3643,(#3647,#3654),.PCURVE_S1.);
#3643 = LINE('',#3644,#3645);
#3644 = CARTESIAN_POINT('',(168.,-1.959434878636E-15,-690.));
#3645 = VECTOR('',#3646,1.);
#3646 = DIRECTION('',(0.,0.,1.));
#3647 = PCURVE('',#660,#3648);
#3648 = DEFINITIONAL_REPRESENTATION('',(#3649),#3653);
#3649 = LINE('',#3650,#3651);
#3650 = CARTESIAN_POINT('',(6.28318530718,-0.));
#3651 = VECTOR('',#3652,1.);
#3652 = DIRECTION('',(0.,1.));
#3653 = ( GEOMETRIC_REPRESENTATION_CONTEXT(2) 
PARAMETRIC_REPRESENTATION_CONTEXT() REPRESENTATION_CONTEXT('2D SPACE',''
  ) );
#3654 = PCURVE('',#660,#3655);
#3655 = DEFINITIONAL_REPRESENTATION('',(#3656),#3660);
#3656 = LINE('',#3657,#3658);
#3657 = CARTESIAN_POINT('',(0.,-0.));
#3658 = VECTOR('',#3659,1.);
#3659 = DIRECTION('',(0.,1.));
#3660 = ( GEOMETRIC_REPRESENTATION_CONTEXT(2) 
PARAMETRIC_REPRESENTATION_CONTEXT() REPRESENTATION_CONTEXT('2D SPACE',''
  ) );
#3661 = ORIENTED_EDGE('',*,*,#788,.T.);
#3662 = ORIENTED_EDGE('',*,*,#514,.T.);
#3663 = ORIENTED_EDGE('',*,*,#3641,.T.);
#3664 = ORIENTED_EDGE('',*,*,#3665,.F.);
#3665 = EDGE_CURVE('',#3472,#3470,#3666,.T.);
#3666 = SURFACE_CURVE('',#3667,(#3720,#3776),.PCURVE_S1.);
#3667 = B_SPLINE_CURVE_WITH_KNOTS('',6,(#3668,#3669,#3670,#3671,#3672,
    #3673,#3674,#3675,#3676,#3677,#3678,#3679,#3680,#3681,#3682,#3683,
    #3684,#3685,#3686,#3687,#3688,#3689,#3690,#3691,#3692,#3693,#3694,
    #3695,#3696,#3697,#3698,#3699,#3700,#3701,#3702,#3703,#3704,#3705,
    #3706,#3707,#3708,#3709,#3710,#3711,#3712,#3713,#3714,#3715,#3716,
    #3717,#3718,#3719),.UNSPECIFIED.,.F.,.F.,(7,5,5,5,5,5,5,5,5,5,7),(0.
    ,0.105638262329,0.157045774008,0.295027313608,0.398937973592,
    0.499891993674,0.600555765455,0.703869720167,0.844744927793,
    0.934007250254,1.),.UNSPECIFIED.);
#3668 = CARTESIAN_POINT('',(152.,0.,-682.65));
#3669 = CARTESIAN_POINT('',(152.,-0.562196085373,-682.65));
#3670 = CARTESIAN_POINT('',(152.04740937097,-1.119052946348,
    -682.6200173975));
#3671 = CARTESIAN_POINT('',(152.14054197501,-1.662276989107,
    -682.5611212285));
#3672 = CARTESIAN_POINT('',(152.2751708567,-2.183762802263,
    -682.4767750115));
#3673 = CARTESIAN_POINT('',(152.44456059189,-2.676155600537,
    -682.3726714917));
#3674 = CARTESIAN_POINT('',(152.73359883339,-3.35526197068,
    -682.1990722313));
#3675 = CARTESIAN_POINT('',(152.83466082941,-3.570354703924,
    -682.1389336325));
#3676 = CARTESIAN_POINT('',(152.94158638902,-3.778290778675,
    -682.0759887634));
#3677 = CARTESIAN_POINT('',(153.05384622438,-3.979144114958,
    -682.0107111842));
#3678 = CARTESIAN_POINT('',(153.17096523899,-4.17301214777,
    -681.9435402664));
#3679 = CARTESIAN_POINT('',(153.61878789881,-4.861945687163,
    -681.6905894238));
#3680 = CARTESIAN_POINT('',(153.97747325501,-5.315113920809,
    -681.4953115225));
#3681 = CARTESIAN_POINT('',(154.36125688528,-5.722590368917,
    -681.2964286945));
#3682 = CARTESIAN_POINT('',(154.76577804173,-6.087713994565,
    -681.099515657));
#3683 = CARTESIAN_POINT('',(155.18886773712,-6.413286517723,
    -680.9090445243));
#3684 = CARTESIAN_POINT('',(155.96203041781,-6.917516160456,
    -680.594134576));
#3685 = CARTESIAN_POINT('',(156.30427360491,-7.112558767871,
    -680.4650292707));
#3686 = CARTESIAN_POINT('',(156.65551778473,-7.286195799152,
    -680.3443073879));
#3687 = CARTESIAN_POINT('',(157.01487697707,-7.438496517417,
    -680.2340810911));
#3688 = CARTESIAN_POINT('',(157.38166306681,-7.569404803882,
    -680.1363457897));
#3689 = CARTESIAN_POINT('',(158.11841059106,-7.784773312651,
    -679.971842335));
#3690 = CARTESIAN_POINT('',(158.48810297433,-7.870483544798,
    -679.9042459544));
#3691 = CARTESIAN_POINT('',(158.86263032425,-7.93510731555,
    -679.8520856152));
#3692 = CARTESIAN_POINT('',(159.24041221988,-7.97834047584,
    -679.8167899387));
#3693 = CARTESIAN_POINT('',(159.62000285885,-8.,-679.7991071021));
#3694 = CARTESIAN_POINT('',(160.37890462868,-8.,-679.7991071021));
#3695 = CARTESIAN_POINT('',(160.75740807583,-7.978464839168,
    -679.8166884087));
#3696 = CARTESIAN_POINT('',(161.13411821737,-7.935479042643,
    -679.8517821354));
#3697 = CARTESIAN_POINT('',(161.50760004444,-7.871223858519,
    -679.9036484161));
#3698 = CARTESIAN_POINT('',(161.87628569064,-7.786000814327,
    -679.9708741176));
#3699 = CARTESIAN_POINT('',(162.61002813695,-7.572159454418,
    -680.134272621));
#3700 = CARTESIAN_POINT('',(162.97485642785,-7.442422215514,
    -680.2311880299));
#3701 = CARTESIAN_POINT('',(163.33235744218,-7.291531378918,
    -680.3404854924));
#3702 = CARTESIAN_POINT('',(163.68185154321,-7.119546062406,
    -680.4602045224));
#3703 = CARTESIAN_POINT('',(164.02246633212,-6.926404249321,
    -680.5882684485));
#3704 = CARTESIAN_POINT('',(164.80396508553,-6.419555337646,
    -680.9055404916));
#3705 = CARTESIAN_POINT('',(165.23612876624,-6.087642612,-681.099990192)
  );
#3706 = CARTESIAN_POINT('',(165.64897840855,-5.714535715605,
    -681.3011790328));
#3707 = CARTESIAN_POINT('',(166.04021431924,-5.297235093147,
    -681.5043658638));
#3708 = CARTESIAN_POINT('',(166.4051456901,-4.832164572576,
    -681.7035945631));
#3709 = CARTESIAN_POINT('',(166.94537202814,-3.989065917261,
    -682.0096159898));
#3710 = CARTESIAN_POINT('',(167.141794944,-3.640582294043,
    -682.1238925702));
#3711 = CARTESIAN_POINT('',(167.32231011716,-3.270531161323,
    -682.2313249725));
#3712 = CARTESIAN_POINT('',(167.4839266902,-2.879046799334,
    -682.3292759835));
#3713 = CARTESIAN_POINT('',(167.62339733403,-2.466564759301,
    -682.4149393374));
#3714 = CARTESIAN_POINT('',(167.82121874191,-1.714037422626,
    -682.53752796));
#3715 = CARTESIAN_POINT('',(167.89123954223,-1.383135355855,
    -682.5813379869));
#3716 = CARTESIAN_POINT('',(167.94518134069,-1.043668201364,
    -682.6153320958));
#3717 = CARTESIAN_POINT('',(167.98168381757,-0.698218703489,
    -682.6384166375));
#3718 = CARTESIAN_POINT('',(168.,-0.349438901393,-682.65));
#3719 = CARTESIAN_POINT('',(168.,-1.7763568394E-15,-682.65));
#3720 = PCURVE('',#660,#3721);
#3721 = DEFINITIONAL_REPRESENTATION('',(#3722),#3775);
#3722 = B_SPLINE_CURVE_WITH_KNOTS('',6,(#3723,#3724,#3725,#3726,#3727,
    #3728,#3729,#3730,#3731,#3732,#3733,#3734,#3735,#3736,#3737,#3738,
    #3739,#3740,#3741,#3742,#3743,#3744,#3745,#3746,#3747,#3748,#3749,
    #3750,#3751,#3752,#3753,#3754,#3755,#3756,#3757,#3758,#3759,#3760,
    #3761,#3762,#3763,#3764,#3765,#3766,#3767,#3768,#3769,#3770,#3771,
    #3772,#3773,#3774),.UNSPECIFIED.,.F.,.F.,(7,5,5,5,5,5,5,5,5,5,7),(0.
    ,0.105638262329,0.157045774008,0.295027313608,0.398937973592,
    0.499891993674,0.600555765455,0.703869720167,0.844744927793,
    0.934007250254,1.),.UNSPECIFIED.);
#3723 = CARTESIAN_POINT('',(3.14159265359,7.35));
#3724 = CARTESIAN_POINT('',(3.211867164261,7.35));
#3725 = CARTESIAN_POINT('',(3.28147423152,7.379982602466));
#3726 = CARTESIAN_POINT('',(3.350002148539,7.438878771443));
#3727 = CARTESIAN_POINT('',(3.417001930626,7.523224988491));
#3728 = CARTESIAN_POINT('',(3.481926959323,7.627328508207));
#3729 = CARTESIAN_POINT('',(3.574184120887,7.800927768627));
#3730 = CARTESIAN_POINT('',(3.603870448214,7.861066367469));
#3731 = CARTESIAN_POINT('',(3.633070220923,7.924011236538));
#3732 = CARTESIAN_POINT('',(3.661807285889,7.989288815715));
#3733 = CARTESIAN_POINT('',(3.690104249863,8.056459733585));
#3734 = CARTESIAN_POINT('',(3.792815507488,8.309410576118));
#3735 = CARTESIAN_POINT('',(3.864745238762,8.504688477455));
#3736 = CARTESIAN_POINT('',(3.934349128611,8.70357130542));
#3737 = CARTESIAN_POINT('',(4.002147166886,8.900484342955));
#3738 = CARTESIAN_POINT('',(4.068676596655,9.090955475651));
#3739 = CARTESIAN_POINT('',(4.184058304438,9.405865423967));
#3740 = CARTESIAN_POINT('',(4.23320983693,9.534970729218));
#3741 = CARTESIAN_POINT('',(4.282061261257,9.655692612059));
#3742 = CARTESIAN_POINT('',(4.330725736471,9.765918908886));
#3743 = CARTESIAN_POINT('',(4.379323598383,9.863654210242));
#3744 = CARTESIAN_POINT('',(4.475271216666,10.028157664931));
#3745 = CARTESIAN_POINT('',(4.522632522614,10.095754045587));
#3746 = CARTESIAN_POINT('',(4.570024765712,10.147914384704));
#3747 = CARTESIAN_POINT('',(4.617440534338,10.183210061274));
#3748 = CARTESIAN_POINT('',(4.664889337742,10.20089289782));
#3749 = CARTESIAN_POINT('',(4.759752058971,10.20089289782));
#3750 = CARTESIAN_POINT('',(4.807064963865,10.183311591204));
#3751 = CARTESIAN_POINT('',(4.85434510193,10.148217864513));
#3752 = CARTESIAN_POINT('',(4.901601721919,10.096351583845));
#3753 = CARTESIAN_POINT('',(4.948827342932,10.029125882363));
#3754 = CARTESIAN_POINT('',(5.044360886184,9.865727378913));
#3755 = CARTESIAN_POINT('',(5.09268050853,9.768811970042));
#3756 = CARTESIAN_POINT('',(5.141064501515,9.659514507567));
#3757 = CARTESIAN_POINT('',(5.18963059605,9.539795477562));
#3758 = CARTESIAN_POINT('',(5.238489374353,9.411731551493));
#3759 = CARTESIAN_POINT('',(5.354923108245,9.09445950834));
#3760 = CARTESIAN_POINT('',(5.422822058554,8.90000980797));
#3761 = CARTESIAN_POINT('',(5.492041665734,8.69882096717));
#3762 = CARTESIAN_POINT('',(5.563154325775,8.495634136125));
#3763 = CARTESIAN_POINT('',(5.63671253454,8.296405436894));
#3764 = CARTESIAN_POINT('',(5.761878664076,7.990384010161));
#3765 = CARTESIAN_POINT('',(5.81180219589,7.876107429706));
#3766 = CARTESIAN_POINT('',(5.863128705874,7.768675027429));
#3767 = CARTESIAN_POINT('',(5.915907101549,7.670724016426));
#3768 = CARTESIAN_POINT('',(5.970205536022,7.585060662528));
#3769 = CARTESIAN_POINT('',(6.067467320483,7.462472039963));
#3770 = CARTESIAN_POINT('',(6.109696209174,7.418662013006));
#3771 = CARTESIAN_POINT('',(6.15257676552,7.384667904137));
#3772 = CARTESIAN_POINT('',(6.195907970809,7.361583362417));
#3773 = CARTESIAN_POINT('',(6.239505444505,7.35));
#3774 = CARTESIAN_POINT('',(6.28318530718,7.35));
#3775 = ( GEOMETRIC_REPRESENTATION_CONTEXT(2) 
PARAMETRIC_REPRESENTATION_CONTEXT() REPRESENTATION_CONTEXT('2D SPACE',''
  ) );
#3776 = PCURVE('',#2761,#3777);
#3777 = DEFINITIONAL_REPRESENTATION('',(#3778),#3831);
#3778 = B_SPLINE_CURVE_WITH_KNOTS('',6,(#3779,#3780,#3781,#3782,#3783,
    #3784,#3785,#3786,#3787,#3788,#3789,#3790,#3791,#3792,#3793,#3794,
    #3795,#3796,#3797,#3798,#3799,#3800,#3801,#3802,#3803,#3804,#3805,
    #3806,#3807,#3808,#3809,#3810,#3811,#3812,#3813,#3814,#3815,#3816,
    #3817,#3818,#3819,#3820,#3821,#3822,#3823,#3824,#3825,#3826,#3827,
    #3828,#3829,#3830),.UNSPECIFIED.,.F.,.F.,(7,5,5,5,5,5,5,5,5,5,7),(0.
    ,0.105638262329,0.157045774008,0.295027313608,0.398937973592,
    0.499891993674,0.600555765455,0.703869720167,0.844744927793,
    0.934007250254,1.),.UNSPECIFIED.);
#3779 = CARTESIAN_POINT('',(6.28318530718,332.));
#3780 = CARTESIAN_POINT('',(6.238742928889,332.));
#3781 = CARTESIAN_POINT('',(6.194722553968,332.04740937097));
#3782 = CARTESIAN_POINT('',(6.151622280855,332.14054197501));
#3783 = CARTESIAN_POINT('',(6.109938177726,332.2751708567));
#3784 = CARTESIAN_POINT('',(6.070188273734,332.44456059189));
#3785 = CARTESIAN_POINT('',(6.014777699228,332.73359883339));
#3786 = CARTESIAN_POINT('',(5.997126638455,332.83466082941));
#3787 = CARTESIAN_POINT('',(5.979958018103,332.94158638902));
#3788 = CARTESIAN_POINT('',(5.963267578248,333.05384622438));
#3789 = CARTESIAN_POINT('',(5.947050948872,333.17096523899));
#3790 = CARTESIAN_POINT('',(5.889034904832,333.61878789881));
#3791 = CARTESIAN_POINT('',(5.850085767738,333.97747325501));
#3792 = CARTESIAN_POINT('',(5.814293351581,334.36125688528));
#3793 = CARTESIAN_POINT('',(5.781531794199,334.76577804173));
#3794 = CARTESIAN_POINT('',(5.751726384178,335.18886773712));
#3795 = CARTESIAN_POINT('',(5.704731296931,335.96203041781));
#3796 = CARTESIAN_POINT('',(5.686247547915,336.30427360491));
#3797 = CARTESIAN_POINT('',(5.669535274245,336.65551778473));
#3798 = CARTESIAN_POINT('',(5.654675966412,337.01487697707));
#3799 = CARTESIAN_POINT('',(5.641762262255,337.38166306681));
#3800 = CARTESIAN_POINT('',(5.620338756703,338.11841059106));
#3801 = CARTESIAN_POINT('',(5.61171069506,338.48810297433));
#3802 = CARTESIAN_POINT('',(5.60514584438,338.86263032425));
#3803 = CARTESIAN_POINT('',(5.600733854922,339.24041221988));
#3804 = CARTESIAN_POINT('',(5.598523506694,339.62000285885));
#3805 = CARTESIAN_POINT('',(5.598523506694,340.37890462868));
#3806 = CARTESIAN_POINT('',(5.600721163811,340.75740807583));
#3807 = CARTESIAN_POINT('',(5.605107908915,341.13411821737));
#3808 = CARTESIAN_POINT('',(5.611635489914,341.50760004444));
#3809 = CARTESIAN_POINT('',(5.620215182929,341.87628569064));
#3810 = CARTESIAN_POINT('',(5.641489729706,342.61002813695));
#3811 = CARTESIAN_POINT('',(5.654290498993,342.97485642785));
#3812 = CARTESIAN_POINT('',(5.669016540148,343.33235744218));
#3813 = CARTESIAN_POINT('',(5.685576503748,343.68185154321));
#3814 = CARTESIAN_POINT('',(5.703889702171,344.02246633212));
#3815 = CARTESIAN_POINT('',(5.751159347174,344.80396508553));
#3816 = CARTESIAN_POINT('',(5.781555566178,345.23612876625));
#3817 = CARTESIAN_POINT('',(5.815031039363,345.64897840855));
#3818 = CARTESIAN_POINT('',(5.851667001831,346.04021431924));
#3819 = CARTESIAN_POINT('',(5.891598941899,346.4051456901));
#3820 = CARTESIAN_POINT('',(5.962501663299,346.94537202814));
#3821 = CARTESIAN_POINT('',(5.991478945258,347.141794944));
#3822 = CARTESIAN_POINT('',(6.02191171266,347.32231011716));
#3823 = CARTESIAN_POINT('',(6.053776343537,347.4839266902));
#3824 = CARTESIAN_POINT('',(6.087048181033,347.62339733403));
#3825 = CARTESIAN_POINT('',(6.147320667783,347.82121874191));
#3826 = CARTESIAN_POINT('',(6.173695444689,347.89123954223));
#3827 = CARTESIAN_POINT('',(6.200643971118,347.94518134069));
#3828 = CARTESIAN_POINT('',(6.227990147446,347.98168381757));
#3829 = CARTESIAN_POINT('',(6.255561678611,348.));
#3830 = CARTESIAN_POINT('',(6.28318530718,348.));
#3831 = ( GEOMETRIC_REPRESENTATION_CONTEXT(2) 
PARAMETRIC_REPRESENTATION_CONTEXT() REPRESENTATION_CONTEXT('2D SPACE',''
  ) );
#3832 = ADVANCED_FACE('',(#3833,#3836),#775,.T.);
#3833 = FACE_BOUND('',#3834,.T.);
#3834 = EDGE_LOOP('',(#3835));
#3835 = ORIENTED_EDGE('',*,*,#760,.T.);
#3836 = FACE_BOUND('',#3837,.T.);
#3837 = EDGE_LOOP('',(#3838));
#3838 = ORIENTED_EDGE('',*,*,#3839,.F.);
#3839 = EDGE_CURVE('',#3840,#3840,#3842,.T.);
#3840 = VERTEX_POINT('',#3841);
#3841 = CARTESIAN_POINT('',(180.,-3.098356401843E-15,-682.65));
#3842 = SURFACE_CURVE('',#3843,(#3848,#3855),.PCURVE_S1.);
#3843 = CIRCLE('',#3844,12.65);
#3844 = AXIS2_PLACEMENT_3D('',#3845,#3846,#3847);
#3845 = CARTESIAN_POINT('',(180.,0.,-670.));
#3846 = DIRECTION('',(1.,-0.,2.22044604925E-16));
#3847 = DIRECTION('',(2.22044604925E-16,0.,-1.));
#3848 = PCURVE('',#775,#3849);
#3849 = DEFINITIONAL_REPRESENTATION('',(#3850),#3854);
#3850 = CIRCLE('',#3851,12.65);
#3851 = AXIS2_PLACEMENT_2D('',#3852,#3853);
#3852 = CARTESIAN_POINT('',(0.,0.));
#3853 = DIRECTION('',(1.,0.));
#3854 = ( GEOMETRIC_REPRESENTATION_CONTEXT(2) 
PARAMETRIC_REPRESENTATION_CONTEXT() REPRESENTATION_CONTEXT('2D SPACE',''
  ) );
#3855 = PCURVE('',#2761,#3856);
#3856 = DEFINITIONAL_REPRESENTATION('',(#3857),#3861);
#3857 = LINE('',#3858,#3859);
#3858 = CARTESIAN_POINT('',(0.,360.));
#3859 = VECTOR('',#3860,1.);
#3860 = DIRECTION('',(1.,0.));
#3861 = ( GEOMETRIC_REPRESENTATION_CONTEXT(2) 
PARAMETRIC_REPRESENTATION_CONTEXT() REPRESENTATION_CONTEXT('2D SPACE',''
  ) );
#3862 = ADVANCED_FACE('',(#3863),#1734,.F.);
#3863 = FACE_BOUND('',#3864,.F.);
#3864 = EDGE_LOOP('',(#3865,#3866,#3889,#4207));
#3865 = ORIENTED_EDGE('',*,*,#1456,.F.);
#3866 = ORIENTED_EDGE('',*,*,#3867,.F.);
#3867 = EDGE_CURVE('',#3868,#1457,#3870,.T.);
#3868 = VERTEX_POINT('',#3869);
#3869 = CARTESIAN_POINT('',(-152.,-1.959434878636E-15,-657.35));
#3870 = SEAM_CURVE('',#3871,(#3875,#3882),.PCURVE_S1.);
#3871 = LINE('',#3872,#3873);
#3872 = CARTESIAN_POINT('',(-152.,-1.959434878636E-15,-690.));
#3873 = VECTOR('',#3874,1.);
#3874 = DIRECTION('',(0.,0.,1.));
#3875 = PCURVE('',#1734,#3876);
#3876 = DEFINITIONAL_REPRESENTATION('',(#3877),#3881);
#3877 = LINE('',#3878,#3879);
#3878 = CARTESIAN_POINT('',(6.28318530718,-0.));
#3879 = VECTOR('',#3880,1.);
#3880 = DIRECTION('',(0.,1.));
#3881 = ( GEOMETRIC_REPRESENTATION_CONTEXT(2) 
PARAMETRIC_REPRESENTATION_CONTEXT() REPRESENTATION_CONTEXT('2D SPACE',''
  ) );
#3882 = PCURVE('',#1734,#3883);
#3883 = DEFINITIONAL_REPRESENTATION('',(#3884),#3888);
#3884 = LINE('',#3885,#3886);
#3885 = CARTESIAN_POINT('',(0.,-0.));
#3886 = VECTOR('',#3887,1.);
#3887 = DIRECTION('',(0.,1.));
#3888 = ( GEOMETRIC_REPRESENTATION_CONTEXT(2) 
PARAMETRIC_REPRESENTATION_CONTEXT() REPRESENTATION_CONTEXT('2D SPACE',''
  ) );
#3889 = ORIENTED_EDGE('',*,*,#3890,.T.);
#3890 = EDGE_CURVE('',#3868,#3868,#3891,.T.);
#3891 = SURFACE_CURVE('',#3892,(#3995,#4101),.PCURVE_S1.);
#3892 = B_SPLINE_CURVE_WITH_KNOTS('',6,(#3893,#3894,#3895,#3896,#3897,
    #3898,#3899,#3900,#3901,#3902,#3903,#3904,#3905,#3906,#3907,#3908,
    #3909,#3910,#3911,#3912,#3913,#3914,#3915,#3916,#3917,#3918,#3919,
    #3920,#3921,#3922,#3923,#3924,#3925,#3926,#3927,#3928,#3929,#3930,
    #3931,#3932,#3933,#3934,#3935,#3936,#3937,#3938,#3939,#3940,#3941,
    #3942,#3943,#3944,#3945,#3946,#3947,#3948,#3949,#3950,#3951,#3952,
    #3953,#3954,#3955,#3956,#3957,#3958,#3959,#3960,#3961,#3962,#3963,
    #3964,#3965,#3966,#3967,#3968,#3969,#3970,#3971,#3972,#3973,#3974,
    #3975,#3976,#3977,#3978,#3979,#3980,#3981,#3982,#3983,#3984,#3985,
    #3986,#3987,#3988,#3989,#3990,#3991,#3992,#3993,#3994),
  .UNSPECIFIED.,.T.,.F.,(7,5,5,5,5,5,5,5,5,5,5,5,5,5,5,5,5,5,5,5,7),(0.,
    5.292243169454E-02,7.867645737873E-02,0.147802155143,0.199859096229,
    0.250434826165,0.300865148125,0.352623153084,0.423198514518,
    0.467916962684,0.522875642775,0.553826762265,0.57947259992,
    0.648307913059,0.700146172297,0.750509442685,0.800727915932,
    0.852268494811,0.922547381819,0.967077975783,1.),.UNSPECIFIED.);
#3893 = CARTESIAN_POINT('',(-152.,0.,-657.35));
#3894 = CARTESIAN_POINT('',(-152.,0.562196084568,-657.35));
#3895 = CARTESIAN_POINT('',(-152.0474093708,1.119052946529,
    -657.3799826023));
#3896 = CARTESIAN_POINT('',(-152.1405419751,1.662276989896,
    -657.4388787715));
#3897 = CARTESIAN_POINT('',(-152.2751708569,2.183762802494,
    -657.5232249886));
#3898 = CARTESIAN_POINT('',(-152.4445605915,2.676155599793,
    -657.627328508));
#3899 = CARTESIAN_POINT('',(-152.7335988334,3.355261970703,
    -657.8009277686));
#3900 = CARTESIAN_POINT('',(-152.8346608294,3.570354703918,
    -657.8610663674));
#3901 = CARTESIAN_POINT('',(-152.941586389,3.778290778655,
    -657.9240112365));
#3902 = CARTESIAN_POINT('',(-153.0538462243,3.979144114954,
    -657.9892888157));
#3903 = CARTESIAN_POINT('',(-153.170965239,4.173012147789,
    -658.0564597335));
#3904 = CARTESIAN_POINT('',(-153.6187878988,4.861945687164,
    -658.3094105761));
#3905 = CARTESIAN_POINT('',(-153.977473255,5.31511392081,-658.5046884774
    ));
#3906 = CARTESIAN_POINT('',(-154.3612568852,5.722590368918,
    -658.7035713054));
#3907 = CARTESIAN_POINT('',(-154.7657780417,6.087713994566,
    -658.9004843429));
#3908 = CARTESIAN_POINT('',(-155.1888677371,6.413286517724,
    -659.0909554756));
#3909 = CARTESIAN_POINT('',(-155.9620304178,6.917516160498,
    -659.4058654239));
#3910 = CARTESIAN_POINT('',(-156.3042736049,7.112558767852,
    -659.5349707292));
#3911 = CARTESIAN_POINT('',(-156.6555177846,7.286195799123,
    -659.655692612));
#3912 = CARTESIAN_POINT('',(-157.014876977,7.438496517421,
    -659.7659189088));
#3913 = CARTESIAN_POINT('',(-157.3816630668,7.569404803903,
    -659.8636542102));
#3914 = CARTESIAN_POINT('',(-158.118410591,7.784773312651,
    -660.0281576649));
#3915 = CARTESIAN_POINT('',(-158.4881029743,7.870483544798,
    -660.0957540455));
#3916 = CARTESIAN_POINT('',(-158.8626303242,7.93510731555,
    -660.1479143847));
#3917 = CARTESIAN_POINT('',(-159.2404122198,7.97834047584,
    -660.1832100612));
#3918 = CARTESIAN_POINT('',(-159.6200028588,8.,-660.2008928978));
#3919 = CARTESIAN_POINT('',(-160.3789046286,8.,-660.2008928978));
#3920 = CARTESIAN_POINT('',(-160.7574080758,7.978464839168,
    -660.1833115912));
#3921 = CARTESIAN_POINT('',(-161.1341182173,7.935479042643,
    -660.1482178645));
#3922 = CARTESIAN_POINT('',(-161.5076000444,7.871223858519,
    -660.0963515838));
#3923 = CARTESIAN_POINT('',(-161.8762856906,7.786000814327,
    -660.0291258823));
#3924 = CARTESIAN_POINT('',(-162.6100281369,7.572159454418,
    -659.8657273789));
#3925 = CARTESIAN_POINT('',(-162.9748564278,7.442422215514,-659.76881197
    ));
#3926 = CARTESIAN_POINT('',(-163.3323574421,7.291531378916,
    -659.6595145075));
#3927 = CARTESIAN_POINT('',(-163.6818515432,7.119546062407,
    -659.5397954775));
#3928 = CARTESIAN_POINT('',(-164.0224663321,6.926404249319,
    -659.4117315514));
#3929 = CARTESIAN_POINT('',(-164.8039650855,6.419555337644,
    -659.0944595083));
#3930 = CARTESIAN_POINT('',(-165.2361287662,6.087642612,-658.9000098079)
  );
#3931 = CARTESIAN_POINT('',(-165.6489784085,5.714535715602,
    -658.6988209671));
#3932 = CARTESIAN_POINT('',(-166.0402143192,5.297235093145,
    -658.4956341361));
#3933 = CARTESIAN_POINT('',(-166.4051456901,4.832164572573,
    -658.2964054368));
#3934 = CARTESIAN_POINT('',(-166.9453720281,3.989065917258,
    -657.9903840101));
#3935 = CARTESIAN_POINT('',(-167.141794944,3.640582294037,
    -657.8761074297));
#3936 = CARTESIAN_POINT('',(-167.3223101171,3.270531161319,
    -657.7686750274));
#3937 = CARTESIAN_POINT('',(-167.4839266902,2.879046799328,
    -657.6707240164));
#3938 = CARTESIAN_POINT('',(-167.623397334,2.466564759294,
    -657.5850606625));
#3939 = CARTESIAN_POINT('',(-167.8769128042,1.502173070682,
    -657.4279587966));
#3940 = CARTESIAN_POINT('',(-167.9783909462,0.937800809375,
    -657.3639166532));
#3941 = CARTESIAN_POINT('',(-168.0311404215,0.353881287997,
    -657.3301396884));
#3942 = CARTESIAN_POINT('',(-168.0307996247,-0.235659686812,
    -657.330487009));
#3943 = CARTESIAN_POINT('',(-167.9784036999,-0.816616309163,
    -657.3638752132));
#3944 = CARTESIAN_POINT('',(-167.8259490808,-1.690141889514,
    -657.4594199854));
#3945 = CARTESIAN_POINT('',(-167.7567900937,-1.99736251004,
    -657.5025875607));
#3946 = CARTESIAN_POINT('',(-167.6744698453,-2.29610962525,
    -657.5536573459));
#3947 = CARTESIAN_POINT('',(-167.5801707338,-2.585484809713,
    -657.6116582833));
#3948 = CARTESIAN_POINT('',(-167.4752018081,-2.864676901311,
    -657.6755200137));
#3949 = CARTESIAN_POINT('',(-167.2664011666,-3.35526197068,
    -657.8009277686));
#3950 = CARTESIAN_POINT('',(-167.1653391705,-3.570354703924,
    -657.8610663674));
#3951 = CARTESIAN_POINT('',(-167.0584136109,-3.778290778676,
    -657.9240112365));
#3952 = CARTESIAN_POINT('',(-166.9461537756,-3.979144114958,
    -657.9892888157));
#3953 = CARTESIAN_POINT('',(-166.829034761,-4.173012147771,
    -658.0564597335));
#3954 = CARTESIAN_POINT('',(-166.3812121011,-4.861945687164,
    -658.3094105761));
#3955 = CARTESIAN_POINT('',(-166.0225267449,-5.31511392081,
    -658.5046884774));
#3956 = CARTESIAN_POINT('',(-165.6387431147,-5.722590368919,
    -658.7035713054));
#3957 = CARTESIAN_POINT('',(-165.2342219582,-6.087713994565,
    -658.9004843429));
#3958 = CARTESIAN_POINT('',(-164.8111322628,-6.413286517724,
    -659.0909554756));
#3959 = CARTESIAN_POINT('',(-164.0379695821,-6.917516160499,
    -659.4058654239));
#3960 = CARTESIAN_POINT('',(-163.6957263951,-7.11255876785,
    -659.5349707292));
#3961 = CARTESIAN_POINT('',(-163.3444822153,-7.286195799124,
    -659.655692612));
#3962 = CARTESIAN_POINT('',(-162.9851230229,-7.43849651742,
    -659.7659189088));
#3963 = CARTESIAN_POINT('',(-162.6183369331,-7.569404803903,
    -659.8636542102));
#3964 = CARTESIAN_POINT('',(-161.8815894089,-7.784773312651,
    -660.0281576649));
#3965 = CARTESIAN_POINT('',(-161.5118970256,-7.870483544798,
    -660.0957540455));
#3966 = CARTESIAN_POINT('',(-161.1373696757,-7.93510731555,
    -660.1479143847));
#3967 = CARTESIAN_POINT('',(-160.7595877801,-7.97834047584,
    -660.1832100612));
#3968 = CARTESIAN_POINT('',(-160.3799971411,-8.,-660.2008928978));
#3969 = CARTESIAN_POINT('',(-159.6210953713,-8.,-660.2008928978));
#3970 = CARTESIAN_POINT('',(-159.2425919241,-7.978464839168,
    -660.1833115912));
#3971 = CARTESIAN_POINT('',(-158.8658817826,-7.935479042643,
    -660.1482178645));
#3972 = CARTESIAN_POINT('',(-158.4923999555,-7.871223858519,
    -660.0963515838));
#3973 = CARTESIAN_POINT('',(-158.1237143093,-7.786000814327,
    -660.0291258823));
#3974 = CARTESIAN_POINT('',(-157.3899718631,-7.572159454436,
    -659.8657273789));
#3975 = CARTESIAN_POINT('',(-157.0251435721,-7.442422215516,
    -659.76881197));
#3976 = CARTESIAN_POINT('',(-156.6676425577,-7.291531378891,
    -659.6595145075));
#3977 = CARTESIAN_POINT('',(-156.3181484567,-7.119546062387,
    -659.5397954775));
#3978 = CARTESIAN_POINT('',(-155.9775336679,-6.926404249357,
    -659.4117315515));
#3979 = CARTESIAN_POINT('',(-155.1960349144,-6.419555337645,
    -659.0944595083));
#3980 = CARTESIAN_POINT('',(-154.7638712337,-6.087642611998,
    -658.9000098079));
#3981 = CARTESIAN_POINT('',(-154.3510215914,-5.714535715605,
    -658.6988209671));
#3982 = CARTESIAN_POINT('',(-153.9597856807,-5.297235093143,
    -658.4956341361));
#3983 = CARTESIAN_POINT('',(-153.5948543098,-4.832164572574,
    -658.2964054368));
#3984 = CARTESIAN_POINT('',(-153.0546279719,-3.989065917461,
    -657.9903840102));
#3985 = CARTESIAN_POINT('',(-152.8582050559,-3.640582293962,
    -657.8761074296));
#3986 = CARTESIAN_POINT('',(-152.6776898827,-3.27053116109,
    -657.7686750273));
#3987 = CARTESIAN_POINT('',(-152.5160733098,-2.879046799284,
    -657.6707240164));
#3988 = CARTESIAN_POINT('',(-152.376602666,-2.466564759557,
    -657.5850606625));
#3989 = CARTESIAN_POINT('',(-152.178781258,-1.714037422619,
    -657.4624720399));
#3990 = CARTESIAN_POINT('',(-152.1087604577,-1.383135355852,
    -657.418662013));
#3991 = CARTESIAN_POINT('',(-152.0548186593,-1.043668201359,
    -657.3846679041));
#3992 = CARTESIAN_POINT('',(-152.0183161824,-0.698218703486,
    -657.3615833624));
#3993 = CARTESIAN_POINT('',(-152.,-0.349438901392,-657.35));
#3994 = CARTESIAN_POINT('',(-152.,0.,-657.35));
#3995 = PCURVE('',#1734,#3996);
#3996 = DEFINITIONAL_REPRESENTATION('',(#3997),#4100);
#3997 = B_SPLINE_CURVE_WITH_KNOTS('',6,(#3998,#3999,#4000,#4001,#4002,
    #4003,#4004,#4005,#4006,#4007,#4008,#4009,#4010,#4011,#4012,#4013,
    #4014,#4015,#4016,#4017,#4018,#4019,#4020,#4021,#4022,#4023,#4024,
    #4025,#4026,#4027,#4028,#4029,#4030,#4031,#4032,#4033,#4034,#4035,
    #4036,#4037,#4038,#4039,#4040,#4041,#4042,#4043,#4044,#4045,#4046,
    #4047,#4048,#4049,#4050,#4051,#4052,#4053,#4054,#4055,#4056,#4057,
    #4058,#4059,#4060,#4061,#4062,#4063,#4064,#4065,#4066,#4067,#4068,
    #4069,#4070,#4071,#4072,#4073,#4074,#4075,#4076,#4077,#4078,#4079,
    #4080,#4081,#4082,#4083,#4084,#4085,#4086,#4087,#4088,#4089,#4090,
    #4091,#4092,#4093,#4094,#4095,#4096,#4097,#4098,#4099),
  .UNSPECIFIED.,.F.,.F.,(7,5,5,5,5,5,5,5,5,5,5,5,5,5,5,5,5,5,5,5,7),(0.,
    5.292243169454E-02,7.867645737873E-02,0.147802155143,0.199859096229,
    0.250434826165,0.300865148125,0.352623153084,0.423198514518,
    0.467916962684,0.522875642775,0.553826762265,0.57947259992,
    0.648307913059,0.700146172297,0.750509442685,0.800727915932,
    0.852268494811,0.922547381819,0.967077975783,1.),.UNSPECIFIED.);
#3998 = CARTESIAN_POINT('',(0.,32.65));
#3999 = CARTESIAN_POINT('',(7.027451057096E-02,32.65));
#4000 = CARTESIAN_POINT('',(0.139881577953,32.620017397622));
#4001 = CARTESIAN_POINT('',(0.208409495045,32.56112122845));
#4002 = CARTESIAN_POINT('',(0.275409277074,32.476775011377));
#4003 = CARTESIAN_POINT('',(0.340334305633,32.372671491983));
#4004 = CARTESIAN_POINT('',(0.4325914673,32.199072231368));
#4005 = CARTESIAN_POINT('',(0.462277794623,32.138933632532));
#4006 = CARTESIAN_POINT('',(0.49147756733,32.075988763469));
#4007 = CARTESIAN_POINT('',(0.520214632299,32.010711184288));
#4008 = CARTESIAN_POINT('',(0.548511596276,31.943540266408));
#4009 = CARTESIAN_POINT('',(0.651222853898,31.690589423882));
#4010 = CARTESIAN_POINT('',(0.723152585172,31.495311522545));
#4011 = CARTESIAN_POINT('',(0.792756475022,31.29642869458));
#4012 = CARTESIAN_POINT('',(0.860554513297,31.099515657045));
#4013 = CARTESIAN_POINT('',(0.927083943066,30.909044524349));
#4014 = CARTESIAN_POINT('',(1.042465650858,30.594134576007));
#4015 = CARTESIAN_POINT('',(1.091617183337,30.465029270791));
#4016 = CARTESIAN_POINT('',(1.140468607658,30.344307387964));
#4017 = CARTESIAN_POINT('',(1.189133082879,30.234081091112));
#4018 = CARTESIAN_POINT('',(1.237730944802,30.136345789742));
#4019 = CARTESIAN_POINT('',(1.333678563076,29.971842335069));
#4020 = CARTESIAN_POINT('',(1.381039869024,29.904245954412));
#4021 = CARTESIAN_POINT('',(1.428432112123,29.852085615296));
#4022 = CARTESIAN_POINT('',(1.475847880748,29.816789938727));
#4023 = CARTESIAN_POINT('',(1.523296684152,29.79910710218));
#4024 = CARTESIAN_POINT('',(1.618159405381,29.79910710218));
#4025 = CARTESIAN_POINT('',(1.665472310275,29.816688408796));
#4026 = CARTESIAN_POINT('',(1.712752448341,29.851782135488));
#4027 = CARTESIAN_POINT('',(1.76000906833,29.903648416155));
#4028 = CARTESIAN_POINT('',(1.807234689343,29.970874117637));
#4029 = CARTESIAN_POINT('',(1.902768232595,30.134272621088));
#4030 = CARTESIAN_POINT('',(1.95108785494,30.231188029958));
#4031 = CARTESIAN_POINT('',(1.999471847926,30.340485492434));
#4032 = CARTESIAN_POINT('',(2.048037942461,30.460204522438));
#4033 = CARTESIAN_POINT('',(2.096896720763,30.588268448508));
#4034 = CARTESIAN_POINT('',(2.213330454656,30.905540491661));
#4035 = CARTESIAN_POINT('',(2.281229404964,31.09999019203));
#4036 = CARTESIAN_POINT('',(2.350449012145,31.301179032832));
#4037 = CARTESIAN_POINT('',(2.421561672186,31.504365863876));
#4038 = CARTESIAN_POINT('',(2.495119880951,31.703594563108));
#4039 = CARTESIAN_POINT('',(2.620286010487,32.00961598984));
#4040 = CARTESIAN_POINT('',(2.670209542301,32.123892570295));
#4041 = CARTESIAN_POINT('',(2.721536052285,32.231324972572));
#4042 = CARTESIAN_POINT('',(2.77431444796,32.329275983576));
#4043 = CARTESIAN_POINT('',(2.828612882433,32.414939337473));
#4044 = CARTESIAN_POINT('',(2.953257466068,32.572041203357));
#4045 = CARTESIAN_POINT('',(3.024710840621,32.636083346762));
#4046 = CARTESIAN_POINT('',(3.09756336286,32.669860311576));
#4047 = CARTESIAN_POINT('',(3.170808135174,32.669512990968));
#4048 = CARTESIAN_POINT('',(3.243472321067,32.636124786752));
#4049 = CARTESIAN_POINT('',(3.354313518734,32.540580014556));
#4050 = CARTESIAN_POINT('',(3.393630589152,32.497412439247));
#4051 = CARTESIAN_POINT('',(3.432301613323,32.446342654005));
#4052 = CARTESIAN_POINT('',(3.470287741353,32.388341716627));
#4053 = CARTESIAN_POINT('',(3.507537733818,32.324479986269));
#4054 = CARTESIAN_POINT('',(3.574184120887,32.199072231373));
#4055 = CARTESIAN_POINT('',(3.603870448214,32.138933632531));
#4056 = CARTESIAN_POINT('',(3.633070220923,32.075988763462));
#4057 = CARTESIAN_POINT('',(3.661807285889,32.010711184285));
#4058 = CARTESIAN_POINT('',(3.690104249863,31.943540266415));
#4059 = CARTESIAN_POINT('',(3.792815507488,31.690589423882));
#4060 = CARTESIAN_POINT('',(3.864745238762,31.495311522545));
#4061 = CARTESIAN_POINT('',(3.934349128611,31.296428694579));
#4062 = CARTESIAN_POINT('',(4.002147166886,31.099515657045));
#4063 = CARTESIAN_POINT('',(4.068676596656,30.909044524349));
#4064 = CARTESIAN_POINT('',(4.184058304448,30.594134576006));
#4065 = CARTESIAN_POINT('',(4.233209836927,30.465029270792));
#4066 = CARTESIAN_POINT('',(4.282061261249,30.344307387963));
#4067 = CARTESIAN_POINT('',(4.330725736469,30.234081091112));
#4068 = CARTESIAN_POINT('',(4.379323598392,30.136345789742));
#4069 = CARTESIAN_POINT('',(4.475271216666,29.971842335069));
#4070 = CARTESIAN_POINT('',(4.522632522614,29.904245954412));
#4071 = CARTESIAN_POINT('',(4.570024765712,29.852085615296));
#4072 = CARTESIAN_POINT('',(4.617440534338,29.816789938727));
#4073 = CARTESIAN_POINT('',(4.664889337742,29.79910710218));
#4074 = CARTESIAN_POINT('',(4.759752058971,29.79910710218));
#4075 = CARTESIAN_POINT('',(4.807064963865,29.816688408796));
#4076 = CARTESIAN_POINT('',(4.85434510193,29.851782135488));
#4077 = CARTESIAN_POINT('',(4.90160172192,29.903648416155));
#4078 = CARTESIAN_POINT('',(4.948827342932,29.970874117637));
#4079 = CARTESIAN_POINT('',(5.044360886177,30.134272621074));
#4080 = CARTESIAN_POINT('',(5.092680508532,30.231188029956));
#4081 = CARTESIAN_POINT('',(5.141064501524,30.340485492454));
#4082 = CARTESIAN_POINT('',(5.189630596053,30.460204522448));
#4083 = CARTESIAN_POINT('',(5.238489374344,30.588268448485));
#4084 = CARTESIAN_POINT('',(5.354923108245,30.905540491661));
#4085 = CARTESIAN_POINT('',(5.422822058554,31.099990192032));
#4086 = CARTESIAN_POINT('',(5.492041665735,31.301179032831));
#4087 = CARTESIAN_POINT('',(5.563154325776,31.504365863877));
#4088 = CARTESIAN_POINT('',(5.636712534541,31.703594563107));
#4089 = CARTESIAN_POINT('',(5.761878664046,32.009615989767));
#4090 = CARTESIAN_POINT('',(5.811802195904,32.123892570338));
#4091 = CARTESIAN_POINT('',(5.863128705905,32.231324972634));
#4092 = CARTESIAN_POINT('',(5.915907101555,32.329275983561));
#4093 = CARTESIAN_POINT('',(5.970205535989,32.41493933743));
#4094 = CARTESIAN_POINT('',(6.067467320484,32.537527960038));
#4095 = CARTESIAN_POINT('',(6.109696209175,32.581337986995));
#4096 = CARTESIAN_POINT('',(6.152576765521,32.615332095864));
#4097 = CARTESIAN_POINT('',(6.195907970809,32.638416637583));
#4098 = CARTESIAN_POINT('',(6.239505444506,32.65));
#4099 = CARTESIAN_POINT('',(6.28318530718,32.65));
#4100 = ( GEOMETRIC_REPRESENTATION_CONTEXT(2) 
PARAMETRIC_REPRESENTATION_CONTEXT() REPRESENTATION_CONTEXT('2D SPACE',''
  ) );
#4101 = PCURVE('',#2761,#4102);
#4102 = DEFINITIONAL_REPRESENTATION('',(#4103),#4206);
#4103 = B_SPLINE_CURVE_WITH_KNOTS('',6,(#4104,#4105,#4106,#4107,#4108,
    #4109,#4110,#4111,#4112,#4113,#4114,#4115,#4116,#4117,#4118,#4119,
    #4120,#4121,#4122,#4123,#4124,#4125,#4126,#4127,#4128,#4129,#4130,
    #4131,#4132,#4133,#4134,#4135,#4136,#4137,#4138,#4139,#4140,#4141,
    #4142,#4143,#4144,#4145,#4146,#4147,#4148,#4149,#4150,#4151,#4152,
    #4153,#4154,#4155,#4156,#4157,#4158,#4159,#4160,#4161,#4162,#4163,
    #4164,#4165,#4166,#4167,#4168,#4169,#4170,#4171,#4172,#4173,#4174,
    #4175,#4176,#4177,#4178,#4179,#4180,#4181,#4182,#4183,#4184,#4185,
    #4186,#4187,#4188,#4189,#4190,#4191,#4192,#4193,#4194,#4195,#4196,
    #4197,#4198,#4199,#4200,#4201,#4202,#4203,#4204,#4205),
  .UNSPECIFIED.,.T.,.F.,(7,5,5,5,5,5,5,5,5,5,5,5,5,5,5,5,5,5,5,5,7),(0.,
    5.292243169454E-02,7.867645737873E-02,0.147802155143,0.199859096229,
    0.250434826165,0.300865148125,0.352623153084,0.423198514518,
    0.467916962684,0.522875642775,0.553826762265,0.57947259992,
    0.648307913059,0.700146172297,0.750509442685,0.800727915932,
    0.852268494811,0.922547381819,0.967077975783,1.),.UNSPECIFIED.);
#4104 = CARTESIAN_POINT('',(3.14159265359,28.));
#4105 = CARTESIAN_POINT('',(3.097150275363,28.));
#4106 = CARTESIAN_POINT('',(3.053129900364,27.952590629157));
#4107 = CARTESIAN_POINT('',(3.010029627204,27.859458024825));
#4108 = CARTESIAN_POINT('',(2.968345524116,27.724829143064));
#4109 = CARTESIAN_POINT('',(2.928595620205,27.555439408422));
#4110 = CARTESIAN_POINT('',(2.873185045637,27.266401166591));
#4111 = CARTESIAN_POINT('',(2.855533984865,27.165339170591));
#4112 = CARTESIAN_POINT('',(2.838365364514,27.058413610983));
#4113 = CARTESIAN_POINT('',(2.821674924659,26.946153775618));
#4114 = CARTESIAN_POINT('',(2.805458295281,26.829034760993));
#4115 = CARTESIAN_POINT('',(2.747442251243,26.381212101187));
#4116 = CARTESIAN_POINT('',(2.708493114148,26.022526744987));
#4117 = CARTESIAN_POINT('',(2.672700697991,25.638743114719));
#4118 = CARTESIAN_POINT('',(2.639939140609,25.234221958261));
#4119 = CARTESIAN_POINT('',(2.610133730588,24.811132262871));
#4120 = CARTESIAN_POINT('',(2.563138643338,24.037969582124));
#4121 = CARTESIAN_POINT('',(2.544654894327,23.6957263951));
#4122 = CARTESIAN_POINT('',(2.527942620659,23.344482215331));
#4123 = CARTESIAN_POINT('',(2.513083312822,22.985123022942));
#4124 = CARTESIAN_POINT('',(2.500169608663,22.61833693312));
#4125 = CARTESIAN_POINT('',(2.478746103113,21.881589408937));
#4126 = CARTESIAN_POINT('',(2.470118041471,21.511897025666));
#4127 = CARTESIAN_POINT('',(2.463553190791,21.137369675747));
#4128 = CARTESIAN_POINT('',(2.459141201332,20.759587780114));
#4129 = CARTESIAN_POINT('',(2.456930853104,20.379997141142));
#4130 = CARTESIAN_POINT('',(2.456930853104,19.621095371313));
#4131 = CARTESIAN_POINT('',(2.459128510221,19.242591924167));
#4132 = CARTESIAN_POINT('',(2.463515255325,18.86588178262));
#4133 = CARTESIAN_POINT('',(2.470042836325,18.492399955557));
#4134 = CARTESIAN_POINT('',(2.478622529339,18.123714309352));
#4135 = CARTESIAN_POINT('',(2.499897076117,17.389971863042));
#4136 = CARTESIAN_POINT('',(2.512697845404,17.025143572142));
#4137 = CARTESIAN_POINT('',(2.527423886559,16.667642557811));
#4138 = CARTESIAN_POINT('',(2.543983850158,16.318148456788));
#4139 = CARTESIAN_POINT('',(2.562297048581,15.97753366787));
#4140 = CARTESIAN_POINT('',(2.609566693585,15.196034914463));
#4141 = CARTESIAN_POINT('',(2.639962912588,14.76387123375));
#4142 = CARTESIAN_POINT('',(2.673438385773,14.35102159144));
#4143 = CARTESIAN_POINT('',(2.710074348241,13.959785680749));
#4144 = CARTESIAN_POINT('',(2.75000628831,13.594854309894));
#4145 = CARTESIAN_POINT('',(2.82090900971,13.054627971851));
#4146 = CARTESIAN_POINT('',(2.849886291669,12.858205055992));
#4147 = CARTESIAN_POINT('',(2.88031905907,12.677689882836));
#4148 = CARTESIAN_POINT('',(2.912183689948,12.516073309798));
#4149 = CARTESIAN_POINT('',(2.945455527444,12.376602665967));
#4150 = CARTESIAN_POINT('',(3.022696954354,12.123087195776));
#4151 = CARTESIAN_POINT('',(3.067545153039,12.021609053713));
#4152 = CARTESIAN_POINT('',(3.113671383441,11.968859578486));
#4153 = CARTESIAN_POINT('',(3.160158850124,11.96920037528));
#4154 = CARTESIAN_POINT('',(3.206099225666,12.021596300006));
#4155 = CARTESIAN_POINT('',(3.275564467472,12.174050919116));
#4156 = CARTESIAN_POINT('',(3.300077711928,12.243209906247));
#4157 = CARTESIAN_POINT('',(3.324021303529,12.325530154699));
#4158 = CARTESIAN_POINT('',(3.347338521801,12.419829266158));
#4159 = CARTESIAN_POINT('',(3.369971774499,12.524798191861));
#4160 = CARTESIAN_POINT('',(3.410000261541,12.733598833399));
#4161 = CARTESIAN_POINT('',(3.427651322315,12.83466082941));
#4162 = CARTESIAN_POINT('',(3.444819942667,12.941586389027));
#4163 = CARTESIAN_POINT('',(3.461510382521,13.053846224386));
#4164 = CARTESIAN_POINT('',(3.477727011898,13.170965238996));
#4165 = CARTESIAN_POINT('',(3.535743055937,13.618787898813));
#4166 = CARTESIAN_POINT('',(3.574692193032,13.977473255012));
#4167 = CARTESIAN_POINT('',(3.610484609189,14.361256885282));
#4168 = CARTESIAN_POINT('',(3.64324616657,14.765778041738));
#4169 = CARTESIAN_POINT('',(3.673051576592,15.188867737129));
#4170 = CARTESIAN_POINT('',(3.720046663842,15.962030417877));
#4171 = CARTESIAN_POINT('',(3.738530412853,16.304273604897));
#4172 = CARTESIAN_POINT('',(3.755242686521,16.655517784672));
#4173 = CARTESIAN_POINT('',(3.770101994358,17.014876977057));
#4174 = CARTESIAN_POINT('',(3.783015698516,17.381663066881));
#4175 = CARTESIAN_POINT('',(3.804439204067,18.118410591064));
#4176 = CARTESIAN_POINT('',(3.813067265709,18.488102974333));
#4177 = CARTESIAN_POINT('',(3.819632116389,18.862630324253));
#4178 = CARTESIAN_POINT('',(3.824044105848,19.240412219886));
#4179 = CARTESIAN_POINT('',(3.826254454076,19.620002858859));
#4180 = CARTESIAN_POINT('',(3.826254454076,20.378904628687));
#4181 = CARTESIAN_POINT('',(3.824056796958,20.757408075833));
#4182 = CARTESIAN_POINT('',(3.819670051855,21.134118217379));
#4183 = CARTESIAN_POINT('',(3.813142470855,21.507600044443));
#4184 = CARTESIAN_POINT('',(3.804562777841,21.876285690649));
#4185 = CARTESIAN_POINT('',(3.783288231065,22.610028136896));
#4186 = CARTESIAN_POINT('',(3.770487461776,22.974856427876));
#4187 = CARTESIAN_POINT('',(3.755761420618,23.332357442247));
#4188 = CARTESIAN_POINT('',(3.73920145702,23.681851543227));
#4189 = CARTESIAN_POINT('',(3.720888258602,24.022466332072));
#4190 = CARTESIAN_POINT('',(3.673618613595,24.803965085535));
#4191 = CARTESIAN_POINT('',(3.643222394591,25.236128766252));
#4192 = CARTESIAN_POINT('',(3.609746921407,25.648978408557));
#4193 = CARTESIAN_POINT('',(3.573110958938,26.040214319253));
#4194 = CARTESIAN_POINT('',(3.53317901887,26.405145690106));
#4195 = CARTESIAN_POINT('',(3.462276297487,26.945372028019));
#4196 = CARTESIAN_POINT('',(3.433299015504,27.141794944089));
#4197 = CARTESIAN_POINT('',(3.402866248091,27.322310117262));
#4198 = CARTESIAN_POINT('',(3.371001617229,27.483926690177));
#4199 = CARTESIAN_POINT('',(3.337729779757,27.623397333964));
#4200 = CARTESIAN_POINT('',(3.277457292986,27.821218741913));
#4201 = CARTESIAN_POINT('',(3.25108251608,27.891239542238));
#4202 = CARTESIAN_POINT('',(3.224133989651,27.945181340693));
#4203 = CARTESIAN_POINT('',(3.196787813323,27.981683817577));
#4204 = CARTESIAN_POINT('',(3.169216282158,28.));
#4205 = CARTESIAN_POINT('',(3.14159265359,28.));
#4206 = ( GEOMETRIC_REPRESENTATION_CONTEXT(2) 
PARAMETRIC_REPRESENTATION_CONTEXT() REPRESENTATION_CONTEXT('2D SPACE',''
  ) );
#4207 = ORIENTED_EDGE('',*,*,#3867,.T.);
#4208 = ADVANCED_FACE('',(#4209),#1989,.F.);
#4209 = FACE_BOUND('',#4210,.F.);
#4210 = EDGE_LOOP('',(#4211,#4212,#4235,#4397));
#4211 = ORIENTED_EDGE('',*,*,#1879,.F.);
#4212 = ORIENTED_EDGE('',*,*,#4213,.F.);
#4213 = EDGE_CURVE('',#4214,#1880,#4216,.T.);
#4214 = VERTEX_POINT('',#4215);
#4215 = CARTESIAN_POINT('',(-137.35,-6.490628035481E-16,-657.35));
#4216 = SEAM_CURVE('',#4217,(#4221,#4228),.PCURVE_S1.);
#4217 = LINE('',#4218,#4219);
#4218 = CARTESIAN_POINT('',(-137.35,-6.490628035481E-16,-690.));
#4219 = VECTOR('',#4220,1.);
#4220 = DIRECTION('',(0.,0.,1.));
#4221 = PCURVE('',#1989,#4222);
#4222 = DEFINITIONAL_REPRESENTATION('',(#4223),#4227);
#4223 = LINE('',#4224,#4225);
#4224 = CARTESIAN_POINT('',(6.28318530718,-0.));
#4225 = VECTOR('',#4226,1.);
#4226 = DIRECTION('',(0.,1.));
#4227 = ( GEOMETRIC_REPRESENTATION_CONTEXT(2) 
PARAMETRIC_REPRESENTATION_CONTEXT() REPRESENTATION_CONTEXT('2D SPACE',''
  ) );
#4228 = PCURVE('',#1989,#4229);
#4229 = DEFINITIONAL_REPRESENTATION('',(#4230),#4234);
#4230 = LINE('',#4231,#4232);
#4231 = CARTESIAN_POINT('',(0.,-0.));
#4232 = VECTOR('',#4233,1.);
#4233 = DIRECTION('',(0.,1.));
#4234 = ( GEOMETRIC_REPRESENTATION_CONTEXT(2) 
PARAMETRIC_REPRESENTATION_CONTEXT() REPRESENTATION_CONTEXT('2D SPACE',''
  ) );
#4235 = ORIENTED_EDGE('',*,*,#4236,.T.);
#4236 = EDGE_CURVE('',#4214,#4214,#4237,.T.);
#4237 = SURFACE_CURVE('',#4238,(#4289,#4343),.PCURVE_S1.);
#4238 = B_SPLINE_CURVE_WITH_KNOTS('',7,(#4239,#4240,#4241,#4242,#4243,
    #4244,#4245,#4246,#4247,#4248,#4249,#4250,#4251,#4252,#4253,#4254,
    #4255,#4256,#4257,#4258,#4259,#4260,#4261,#4262,#4263,#4264,#4265,
    #4266,#4267,#4268,#4269,#4270,#4271,#4272,#4273,#4274,#4275,#4276,
    #4277,#4278,#4279,#4280,#4281,#4282,#4283,#4284,#4285,#4286,#4287,
    #4288),.UNSPECIFIED.,.T.,.F.,(8,6,6,6,6,6,6,6,8),(0.,0.119182470776,
    0.249994140547,0.380814170815,0.499993216783,0.619176651159,
    0.749996943505,0.880817388144,1.),.UNSPECIFIED.);
#4239 = CARTESIAN_POINT('',(-137.35,4.440892098501E-16,-657.35));
#4240 = CARTESIAN_POINT('',(-137.35,0.346553419808,-657.35));
#4241 = CARTESIAN_POINT('',(-137.4028731508,0.682825065786,
    -657.3610767215));
#4242 = CARTESIAN_POINT('',(-137.5029775909,0.999715713704,
    -657.3820443843));
#4243 = CARTESIAN_POINT('',(-137.6432142455,1.289809764056,
    -657.410098682));
#4244 = CARTESIAN_POINT('',(-137.814984658,1.547492129814,
    -657.4415302725));
#4245 = CARTESIAN_POINT('',(-138.00818499,1.769449499209,-657.4729525287
    ));
#4246 = CARTESIAN_POINT('',(-138.4342235135,2.159197114971,
    -657.5339269671));
#4247 = CARTESIAN_POINT('',(-138.6758443722,2.325767627347,
    -657.5639638033));
#4248 = CARTESIAN_POINT('',(-138.9299284702,2.456679077506,
    -657.5898179244));
#4249 = CARTESIAN_POINT('',(-139.192229543,2.553607688526,
    -657.6100319031));
#4250 = CARTESIAN_POINT('',(-139.4596368522,2.617823946333,
    -657.6237897645));
#4251 = CARTESIAN_POINT('',(-139.7296534401,2.65,-657.6306831231));
#4252 = CARTESIAN_POINT('',(-140.2703638383,2.65,-657.6306831231));
#4253 = CARTESIAN_POINT('',(-140.5403881729,2.617819946333,
    -657.6237889157));
#4254 = CARTESIAN_POINT('',(-140.8077901254,2.553599238631,
    -657.6100300696));
#4255 = CARTESIAN_POINT('',(-141.0700750376,2.456672918121,
    -657.5898167819));
#4256 = CARTESIAN_POINT('',(-141.3241429765,2.325771950989,
    -657.5639650035));
#4257 = CARTESIAN_POINT('',(-141.5657617963,2.159210553803,
    -657.5339290696));
#4258 = CARTESIAN_POINT('',(-141.9918095763,1.769454469989,
    -657.4729533064));
#4259 = CARTESIAN_POINT('',(-142.1850126316,1.547497045812,
    -657.4415308623));
#4260 = CARTESIAN_POINT('',(-142.3567881429,1.28980947207,
    -657.4100983793));
#4261 = CARTESIAN_POINT('',(-142.4970276846,0.999707619629,
    -657.3820432789));
#4262 = CARTESIAN_POINT('',(-142.5971307519,0.682810747685,
    -657.3610759039));
#4263 = CARTESIAN_POINT('',(-142.65,0.346540659493,-657.35));
#4264 = CARTESIAN_POINT('',(-142.65,-0.346553419808,-657.35));
#4265 = CARTESIAN_POINT('',(-142.5971268491,-0.682825065786,
    -657.3610767215));
#4266 = CARTESIAN_POINT('',(-142.497022409,-0.999715713703,
    -657.3820443843));
#4267 = CARTESIAN_POINT('',(-142.3567857544,-1.289809764057,
    -657.410098682));
#4268 = CARTESIAN_POINT('',(-142.1850153419,-1.547492129813,
    -657.4415302725));
#4269 = CARTESIAN_POINT('',(-141.9918150099,-1.769449499209,
    -657.4729525287));
#4270 = CARTESIAN_POINT('',(-141.5657635944,-2.159208908839,
    -657.5339288122));
#4271 = CARTESIAN_POINT('',(-141.3241437043,-2.325772171233,
    -657.5639649746));
#4272 = CARTESIAN_POINT('',(-141.0700734246,-2.456674031733,
    -657.5898170267));
#4273 = CARTESIAN_POINT('',(-140.8077876929,-2.553599914427,
    -657.6100302109));
#4274 = CARTESIAN_POINT('',(-140.5403864367,-2.617820025433,
    -657.6237889334));
#4275 = CARTESIAN_POINT('',(-140.2703635236,-2.65,-657.6306831231));
#4276 = CARTESIAN_POINT('',(-139.7296361616,-2.65,-657.6306831231));
#4277 = CARTESIAN_POINT('',(-139.459611827,-2.617819946333,
    -657.6237889157));
#4278 = CARTESIAN_POINT('',(-139.1922098745,-2.553599238632,
    -657.6100300696));
#4279 = CARTESIAN_POINT('',(-138.9299249623,-2.45667291812,
    -657.5898167819));
#4280 = CARTESIAN_POINT('',(-138.6758570234,-2.32577195099,
    -657.5639650035));
#4281 = CARTESIAN_POINT('',(-138.4342382036,-2.159210553803,
    -657.5339290696));
#4282 = CARTESIAN_POINT('',(-138.00818499,-1.769449499209,
    -657.4729525287));
#4283 = CARTESIAN_POINT('',(-137.814984658,-1.547492129813,
    -657.4415302725));
#4284 = CARTESIAN_POINT('',(-137.6432142455,-1.289809764057,
    -657.410098682));
#4285 = CARTESIAN_POINT('',(-137.5029775909,-0.999715713703,
    -657.3820443843));
#4286 = CARTESIAN_POINT('',(-137.4028731508,-0.682825065786,
    -657.3610767215));
#4287 = CARTESIAN_POINT('',(-137.35,-0.346553419808,-657.35));
#4288 = CARTESIAN_POINT('',(-137.35,4.440892098501E-16,-657.35));
#4289 = PCURVE('',#1989,#4290);
#4290 = DEFINITIONAL_REPRESENTATION('',(#4291),#4342);
#4291 = B_SPLINE_CURVE_WITH_KNOTS('',7,(#4292,#4293,#4294,#4295,#4296,
    #4297,#4298,#4299,#4300,#4301,#4302,#4303,#4304,#4305,#4306,#4307,
    #4308,#4309,#4310,#4311,#4312,#4313,#4314,#4315,#4316,#4317,#4318,
    #4319,#4320,#4321,#4322,#4323,#4324,#4325,#4326,#4327,#4328,#4329,
    #4330,#4331,#4332,#4333,#4334,#4335,#4336,#4337,#4338,#4339,#4340,
    #4341),.UNSPECIFIED.,.F.,.F.,(8,6,6,6,6,6,6,6,8),(0.,0.119182470776,
    0.249994140547,0.380814170815,0.499993216783,0.619176651159,
    0.749996943505,0.880817388144,1.),.UNSPECIFIED.);
#4292 = CARTESIAN_POINT('',(0.,32.65));
#4293 = CARTESIAN_POINT('',(0.130774875399,32.65));
#4294 = CARTESIAN_POINT('',(0.257669760321,32.638923278468));
#4295 = CARTESIAN_POINT('',(0.380904306696,32.61795561568));
#4296 = CARTESIAN_POINT('',(0.500358009832,32.589901317944));
#4297 = CARTESIAN_POINT('',(0.615648539584,32.558469727459));
#4298 = CARTESIAN_POINT('',(0.725975770367,32.52704747125));
#4299 = CARTESIAN_POINT('',(0.943869512364,32.466073032831));
#4300 = CARTESIAN_POINT('',(1.0535708718,32.436036196637));
#4301 = CARTESIAN_POINT('',(1.160079143311,32.410182075547));
#4302 = CARTESIAN_POINT('',(1.264242325795,32.389968096842));
#4303 = CARTESIAN_POINT('',(1.366885898354,32.37621023544));
#4304 = CARTESIAN_POINT('',(1.46877875704,32.369316876853));
#4305 = CARTESIAN_POINT('',(1.672820416745,32.369316876853));
#4306 = CARTESIAN_POINT('',(1.774716161925,32.3762110842));
#4307 = CARTESIAN_POINT('',(1.877358148373,32.389969930375));
#4308 = CARTESIAN_POINT('',(1.981515567751,32.410183218045));
#4309 = CARTESIAN_POINT('',(2.088017161045,32.43603499643));
#4310 = CARTESIAN_POINT('',(2.197715628062,32.46607093038));
#4311 = CARTESIAN_POINT('',(2.41561410424,32.527046693591));
#4312 = CARTESIAN_POINT('',(2.525942106277,32.558469137623));
#4313 = CARTESIAN_POINT('',(2.64123523848,32.589901620664));
#4314 = CARTESIAN_POINT('',(2.76069180026,32.61795672108));
#4315 = CARTESIAN_POINT('',(2.883928297571,32.638924096081));
#4316 = CARTESIAN_POINT('',(3.010822593404,32.65));
#4317 = CARTESIAN_POINT('',(3.272367528989,32.65));
#4318 = CARTESIAN_POINT('',(3.399262413911,32.638923278468));
#4319 = CARTESIAN_POINT('',(3.522496960285,32.61795561568));
#4320 = CARTESIAN_POINT('',(3.641950663422,32.589901317944));
#4321 = CARTESIAN_POINT('',(3.757241193173,32.558469727459));
#4322 = CARTESIAN_POINT('',(3.867568423957,32.52704747125));
#4323 = CARTESIAN_POINT('',(4.085468759478,32.466071187728));
#4324 = CARTESIAN_POINT('',(4.195167997421,32.43603502532));
#4325 = CARTESIAN_POINT('',(4.301670422952,32.410182973233));
#4326 = CARTESIAN_POINT('',(4.405828087796,32.389969789002));
#4327 = CARTESIAN_POINT('',(4.508469799181,32.376211066526));
#4328 = CARTESIAN_POINT('',(4.610365009204,32.369316876853));
#4329 = CARTESIAN_POINT('',(4.814413070335,32.369316876853));
#4330 = CARTESIAN_POINT('',(4.916308815514,32.3762110842));
#4331 = CARTESIAN_POINT('',(5.018950801963,32.389969930375));
#4332 = CARTESIAN_POINT('',(5.123108221341,32.410183218045));
#4333 = CARTESIAN_POINT('',(5.229609814634,32.43603499643));
#4334 = CARTESIAN_POINT('',(5.339308281652,32.46607093038));
#4335 = CARTESIAN_POINT('',(5.557209536813,32.52704747125));
#4336 = CARTESIAN_POINT('',(5.667536767596,32.558469727459));
#4337 = CARTESIAN_POINT('',(5.782827297348,32.589901317944));
#4338 = CARTESIAN_POINT('',(5.902281000483,32.61795561568));
#4339 = CARTESIAN_POINT('',(6.025515546859,32.638923278468));
#4340 = CARTESIAN_POINT('',(6.15241043178,32.65));
#4341 = CARTESIAN_POINT('',(6.28318530718,32.65));
#4342 = ( GEOMETRIC_REPRESENTATION_CONTEXT(2) 
PARAMETRIC_REPRESENTATION_CONTEXT() REPRESENTATION_CONTEXT('2D SPACE',''
  ) );
#4343 = PCURVE('',#2761,#4344);
#4344 = DEFINITIONAL_REPRESENTATION('',(#4345),#4396);
#4345 = B_SPLINE_CURVE_WITH_KNOTS('',7,(#4346,#4347,#4348,#4349,#4350,
    #4351,#4352,#4353,#4354,#4355,#4356,#4357,#4358,#4359,#4360,#4361,
    #4362,#4363,#4364,#4365,#4366,#4367,#4368,#4369,#4370,#4371,#4372,
    #4373,#4374,#4375,#4376,#4377,#4378,#4379,#4380,#4381,#4382,#4383,
    #4384,#4385,#4386,#4387,#4388,#4389,#4390,#4391,#4392,#4393,#4394,
    #4395),.UNSPECIFIED.,.T.,.F.,(8,6,6,6,6,6,6,6,8),(0.,0.119182470776,
    0.249994140547,0.380814170815,0.499993216783,0.619176651159,
    0.749996943505,0.880817388144,1.),.UNSPECIFIED.);
#4346 = CARTESIAN_POINT('',(3.14159265359,42.65));
#4347 = CARTESIAN_POINT('',(3.114197126332,42.65));
#4348 = CARTESIAN_POINT('',(3.087614358933,42.597126849144));
#4349 = CARTESIAN_POINT('',(3.06253029042,42.497022409091));
#4350 = CARTESIAN_POINT('',(3.039505710698,42.356785754485));
#4351 = CARTESIAN_POINT('',(3.018990822603,42.185015341907));
#4352 = CARTESIAN_POINT('',(3.001271730855,41.991815009972));
#4353 = CARTESIAN_POINT('',(2.970086878263,41.565776486499));
#4354 = CARTESIAN_POINT('',(2.956710480054,41.324155627788));
#4355 = CARTESIAN_POINT('',(2.946163122866,41.070071529771));
#4356 = CARTESIAN_POINT('',(2.938336085074,40.807770456905));
#4357 = CARTESIAN_POINT('',(2.933144494813,40.540363147753));
#4358 = CARTESIAN_POINT('',(2.930543217294,40.270346559851));
#4359 = CARTESIAN_POINT('',(2.930543217294,39.729636161632));
#4360 = CARTESIAN_POINT('',(2.933144817749,39.459611827064));
#4361 = CARTESIAN_POINT('',(2.938336769402,39.192209874536));
#4362 = CARTESIAN_POINT('',(2.946163616655,38.929924962373));
#4363 = CARTESIAN_POINT('',(2.956710127709,38.675857023451));
#4364 = CARTESIAN_POINT('',(2.970085802982,38.434238203675));
#4365 = CARTESIAN_POINT('',(3.001271333128,38.008190423657));
#4366 = CARTESIAN_POINT('',(3.018990431351,37.814987368354));
#4367 = CARTESIAN_POINT('',(3.039505737168,37.643211857011));
#4368 = CARTESIAN_POINT('',(3.062530934333,37.502972315378));
#4369 = CARTESIAN_POINT('',(3.087615490728,37.402869248068));
#4370 = CARTESIAN_POINT('',(3.114198135053,37.35));
#4371 = CARTESIAN_POINT('',(3.168988180847,37.35));
#4372 = CARTESIAN_POINT('',(3.195570948247,37.402873150856));
#4373 = CARTESIAN_POINT('',(3.22065501676,37.502977590909));
#4374 = CARTESIAN_POINT('',(3.243679596482,37.643214245516));
#4375 = CARTESIAN_POINT('',(3.264194484576,37.814984658092));
#4376 = CARTESIAN_POINT('',(3.281913576325,38.008184990028));
#4377 = CARTESIAN_POINT('',(3.313099372579,38.434236405542));
#4378 = CARTESIAN_POINT('',(3.326475196291,38.675856295678));
#4379 = CARTESIAN_POINT('',(3.33702178046,38.929926575341));
#4380 = CARTESIAN_POINT('',(3.344848592455,39.192212307031));
#4381 = CARTESIAN_POINT('',(3.350040495811,39.459613563207));
#4382 = CARTESIAN_POINT('',(3.352642089886,39.729636476372));
#4383 = CARTESIAN_POINT('',(3.352642089886,40.270363838369));
#4384 = CARTESIAN_POINT('',(3.35004048943,40.540388172935));
#4385 = CARTESIAN_POINT('',(3.344848537778,40.807790125465));
#4386 = CARTESIAN_POINT('',(3.337021690524,41.070075037627));
#4387 = CARTESIAN_POINT('',(3.326475179471,41.324142976549));
#4388 = CARTESIAN_POINT('',(3.313099504197,41.565761796325));
#4389 = CARTESIAN_POINT('',(3.281913576325,41.991815009972));
#4390 = CARTESIAN_POINT('',(3.264194484576,42.185015341908));
#4391 = CARTESIAN_POINT('',(3.243679596482,42.356785754484));
#4392 = CARTESIAN_POINT('',(3.22065501676,42.497022409091));
#4393 = CARTESIAN_POINT('',(3.195570948247,42.597126849144));
#4394 = CARTESIAN_POINT('',(3.168988180847,42.65));
#4395 = CARTESIAN_POINT('',(3.14159265359,42.65));
#4396 = ( GEOMETRIC_REPRESENTATION_CONTEXT(2) 
PARAMETRIC_REPRESENTATION_CONTEXT() REPRESENTATION_CONTEXT('2D SPACE',''
  ) );
#4397 = ORIENTED_EDGE('',*,*,#4213,.T.);
#4398 = ADVANCED_FACE('',(#4399),#2160,.F.);
#4399 = FACE_BOUND('',#4400,.F.);
#4400 = EDGE_LOOP('',(#4401,#4402,#4425,#4587));
#4401 = ORIENTED_EDGE('',*,*,#2050,.F.);
#4402 = ORIENTED_EDGE('',*,*,#4403,.F.);
#4403 = EDGE_CURVE('',#4404,#2051,#4406,.T.);
#4404 = VERTEX_POINT('',#4405);
#4405 = CARTESIAN_POINT('',(142.65,-6.490628035481E-16,-657.35));
#4406 = SEAM_CURVE('',#4407,(#4411,#4418),.PCURVE_S1.);
#4407 = LINE('',#4408,#4409);
#4408 = CARTESIAN_POINT('',(142.65,-6.490628035481E-16,-690.));
#4409 = VECTOR('',#4410,1.);
#4410 = DIRECTION('',(0.,0.,1.));
#4411 = PCURVE('',#2160,#4412);
#4412 = DEFINITIONAL_REPRESENTATION('',(#4413),#4417);
#4413 = LINE('',#4414,#4415);
#4414 = CARTESIAN_POINT('',(6.28318530718,-0.));
#4415 = VECTOR('',#4416,1.);
#4416 = DIRECTION('',(0.,1.));
#4417 = ( GEOMETRIC_REPRESENTATION_CONTEXT(2) 
PARAMETRIC_REPRESENTATION_CONTEXT() REPRESENTATION_CONTEXT('2D SPACE',''
  ) );
#4418 = PCURVE('',#2160,#4419);
#4419 = DEFINITIONAL_REPRESENTATION('',(#4420),#4424);
#4420 = LINE('',#4421,#4422);
#4421 = CARTESIAN_POINT('',(0.,-0.));
#4422 = VECTOR('',#4423,1.);
#4423 = DIRECTION('',(0.,1.));
#4424 = ( GEOMETRIC_REPRESENTATION_CONTEXT(2) 
PARAMETRIC_REPRESENTATION_CONTEXT() REPRESENTATION_CONTEXT('2D SPACE',''
  ) );
#4425 = ORIENTED_EDGE('',*,*,#4426,.T.);
#4426 = EDGE_CURVE('',#4404,#4404,#4427,.T.);
#4427 = SURFACE_CURVE('',#4428,(#4479,#4533),.PCURVE_S1.);
#4428 = B_SPLINE_CURVE_WITH_KNOTS('',7,(#4429,#4430,#4431,#4432,#4433,
    #4434,#4435,#4436,#4437,#4438,#4439,#4440,#4441,#4442,#4443,#4444,
    #4445,#4446,#4447,#4448,#4449,#4450,#4451,#4452,#4453,#4454,#4455,
    #4456,#4457,#4458,#4459,#4460,#4461,#4462,#4463,#4464,#4465,#4466,
    #4467,#4468,#4469,#4470,#4471,#4472,#4473,#4474,#4475,#4476,#4477,
    #4478),.UNSPECIFIED.,.T.,.F.,(8,6,6,6,6,6,6,6,8),(0.,0.119182470776,
    0.249994140547,0.380814170815,0.499993216783,0.619176651159,
    0.749996943505,0.880817388144,1.),.UNSPECIFIED.);
#4429 = CARTESIAN_POINT('',(142.65,4.440892098501E-16,-657.35));
#4430 = CARTESIAN_POINT('',(142.65,0.346553419808,-657.35));
#4431 = CARTESIAN_POINT('',(142.59712684914,0.682825065787,
    -657.3610767215));
#4432 = CARTESIAN_POINT('',(142.49702240909,0.9997157137,-657.3820443843
    ));
#4433 = CARTESIAN_POINT('',(142.35678575448,1.28980976406,-657.410098682
    ));
#4434 = CARTESIAN_POINT('',(142.1850153419,1.547492129812,
    -657.4415302725));
#4435 = CARTESIAN_POINT('',(141.99181500997,1.769449499209,
    -657.4729525287));
#4436 = CARTESIAN_POINT('',(141.56577648649,2.15919711497,
    -657.5339269671));
#4437 = CARTESIAN_POINT('',(141.32415562778,2.325767627347,
    -657.5639638033));
#4438 = CARTESIAN_POINT('',(141.07007152977,2.456679077505,
    -657.5898179244));
#4439 = CARTESIAN_POINT('',(140.8077704569,2.553607688526,
    -657.6100319031));
#4440 = CARTESIAN_POINT('',(140.54036314775,2.617823946333,
    -657.6237897645));
#4441 = CARTESIAN_POINT('',(140.27034655985,2.65,-657.6306831231));
#4442 = CARTESIAN_POINT('',(139.72963616163,2.65,-657.6306831231));
#4443 = CARTESIAN_POINT('',(139.45961182706,2.617819946333,
    -657.6237889158));
#4444 = CARTESIAN_POINT('',(139.19220987453,2.553599238632,
    -657.6100300696));
#4445 = CARTESIAN_POINT('',(138.92992496237,2.456672918119,
    -657.5898167819));
#4446 = CARTESIAN_POINT('',(138.67585702345,2.32577195099,
    -657.5639650035));
#4447 = CARTESIAN_POINT('',(138.43423820367,2.159210553803,
    -657.5339290696));
#4448 = CARTESIAN_POINT('',(138.00819042365,1.769454469989,
    -657.4729533064));
#4449 = CARTESIAN_POINT('',(137.81498736835,1.547497045811,
    -657.4415308623));
#4450 = CARTESIAN_POINT('',(137.64321185701,1.28980947207,
    -657.4100983793));
#4451 = CARTESIAN_POINT('',(137.50297231537,0.999707619629,
    -657.3820432789));
#4452 = CARTESIAN_POINT('',(137.40286924806,0.682810747685,
    -657.3610759039));
#4453 = CARTESIAN_POINT('',(137.35,0.346540659494,-657.35));
#4454 = CARTESIAN_POINT('',(137.35,-0.346553419808,-657.35));
#4455 = CARTESIAN_POINT('',(137.40287315085,-0.682825065786,
    -657.3610767215));
#4456 = CARTESIAN_POINT('',(137.5029775909,-0.999715713703,
    -657.3820443843));
#4457 = CARTESIAN_POINT('',(137.64321424551,-1.289809764057,
    -657.410098682));
#4458 = CARTESIAN_POINT('',(137.81498465809,-1.547492129813,
    -657.4415302725));
#4459 = CARTESIAN_POINT('',(138.00818499002,-1.769449499209,
    -657.4729525287));
#4460 = CARTESIAN_POINT('',(138.43423640554,-2.159208908839,
    -657.5339288122));
#4461 = CARTESIAN_POINT('',(138.67585629567,-2.325772171234,
    -657.5639649746));
#4462 = CARTESIAN_POINT('',(138.92992657534,-2.456674031733,
    -657.5898170267));
#4463 = CARTESIAN_POINT('',(139.19221230703,-2.553599914428,
    -657.6100302109));
#4464 = CARTESIAN_POINT('',(139.4596135632,-2.617820025433,
    -657.6237889334));
#4465 = CARTESIAN_POINT('',(139.72963647637,-2.65,-657.6306831231));
#4466 = CARTESIAN_POINT('',(140.27036383836,-2.65,-657.6306831231));
#4467 = CARTESIAN_POINT('',(140.54038817293,-2.617819946333,
    -657.6237889158));
#4468 = CARTESIAN_POINT('',(140.80779012546,-2.553599238631,
    -657.6100300696));
#4469 = CARTESIAN_POINT('',(141.07007503762,-2.45667291812,
    -657.5898167819));
#4470 = CARTESIAN_POINT('',(141.32414297654,-2.32577195099,
    -657.5639650035));
#4471 = CARTESIAN_POINT('',(141.56576179632,-2.159210553803,
    -657.5339290696));
#4472 = CARTESIAN_POINT('',(141.99181500997,-1.76944949921,
    -657.4729525287));
#4473 = CARTESIAN_POINT('',(142.1850153419,-1.547492129813,
    -657.4415302725));
#4474 = CARTESIAN_POINT('',(142.35678575448,-1.289809764058,
    -657.410098682));
#4475 = CARTESIAN_POINT('',(142.49702240909,-0.999715713702,
    -657.3820443843));
#4476 = CARTESIAN_POINT('',(142.59712684914,-0.682825065786,
    -657.3610767215));
#4477 = CARTESIAN_POINT('',(142.65,-0.346553419808,-657.35));
#4478 = CARTESIAN_POINT('',(142.65,4.440892098501E-16,-657.35));
#4479 = PCURVE('',#2160,#4480);
#4480 = DEFINITIONAL_REPRESENTATION('',(#4481),#4532);
#4481 = B_SPLINE_CURVE_WITH_KNOTS('',7,(#4482,#4483,#4484,#4485,#4486,
    #4487,#4488,#4489,#4490,#4491,#4492,#4493,#4494,#4495,#4496,#4497,
    #4498,#4499,#4500,#4501,#4502,#4503,#4504,#4505,#4506,#4507,#4508,
    #4509,#4510,#4511,#4512,#4513,#4514,#4515,#4516,#4517,#4518,#4519,
    #4520,#4521,#4522,#4523,#4524,#4525,#4526,#4527,#4528,#4529,#4530,
    #4531),.UNSPECIFIED.,.F.,.F.,(8,6,6,6,6,6,6,6,8),(0.,0.119182470776,
    0.249994140547,0.380814170815,0.499993216783,0.619176651159,
    0.749996943505,0.880817388144,1.),.UNSPECIFIED.);
#4482 = CARTESIAN_POINT('',(0.,32.65));
#4483 = CARTESIAN_POINT('',(0.130774875399,32.65));
#4484 = CARTESIAN_POINT('',(0.257669760321,32.638923278468));
#4485 = CARTESIAN_POINT('',(0.380904306695,32.61795561568));
#4486 = CARTESIAN_POINT('',(0.500358009833,32.589901317944));
#4487 = CARTESIAN_POINT('',(0.615648539583,32.558469727459));
#4488 = CARTESIAN_POINT('',(0.725975770367,32.52704747125));
#4489 = CARTESIAN_POINT('',(0.943869512364,32.466073032831));
#4490 = CARTESIAN_POINT('',(1.0535708718,32.436036196637));
#4491 = CARTESIAN_POINT('',(1.16007914331,32.410182075547));
#4492 = CARTESIAN_POINT('',(1.264242325796,32.389968096842));
#4493 = CARTESIAN_POINT('',(1.366885898354,32.37621023544));
#4494 = CARTESIAN_POINT('',(1.46877875704,32.369316876853));
#4495 = CARTESIAN_POINT('',(1.672820416745,32.369316876853));
#4496 = CARTESIAN_POINT('',(1.774716161925,32.376211084201));
#4497 = CARTESIAN_POINT('',(1.877358148373,32.389969930375));
#4498 = CARTESIAN_POINT('',(1.981515567751,32.410183218046));
#4499 = CARTESIAN_POINT('',(2.088017161045,32.43603499643));
#4500 = CARTESIAN_POINT('',(2.197715628063,32.46607093038));
#4501 = CARTESIAN_POINT('',(2.41561410424,32.527046693591));
#4502 = CARTESIAN_POINT('',(2.525942106277,32.558469137624));
#4503 = CARTESIAN_POINT('',(2.64123523848,32.589901620664));
#4504 = CARTESIAN_POINT('',(2.76069180026,32.61795672108));
#4505 = CARTESIAN_POINT('',(2.883928297571,32.638924096081));
#4506 = CARTESIAN_POINT('',(3.010822593404,32.65));
#4507 = CARTESIAN_POINT('',(3.272367528989,32.65));
#4508 = CARTESIAN_POINT('',(3.39926241391,32.638923278468));
#4509 = CARTESIAN_POINT('',(3.522496960286,32.61795561568));
#4510 = CARTESIAN_POINT('',(3.641950663422,32.589901317944));
#4511 = CARTESIAN_POINT('',(3.757241193174,32.558469727459));
#4512 = CARTESIAN_POINT('',(3.867568423957,32.52704747125));
#4513 = CARTESIAN_POINT('',(4.085468759478,32.466071187728));
#4514 = CARTESIAN_POINT('',(4.19516799742,32.43603502532));
#4515 = CARTESIAN_POINT('',(4.301670422953,32.410182973234));
#4516 = CARTESIAN_POINT('',(4.405828087795,32.389969789002));
#4517 = CARTESIAN_POINT('',(4.508469799181,32.376211066526));
#4518 = CARTESIAN_POINT('',(4.610365009204,32.369316876853));
#4519 = CARTESIAN_POINT('',(4.814413070335,32.369316876853));
#4520 = CARTESIAN_POINT('',(4.916308815514,32.376211084201));
#4521 = CARTESIAN_POINT('',(5.018950801963,32.389969930375));
#4522 = CARTESIAN_POINT('',(5.123108221341,32.410183218046));
#4523 = CARTESIAN_POINT('',(5.229609814634,32.43603499643));
#4524 = CARTESIAN_POINT('',(5.339308281652,32.46607093038));
#4525 = CARTESIAN_POINT('',(5.557209536813,32.52704747125));
#4526 = CARTESIAN_POINT('',(5.667536767596,32.558469727459));
#4527 = CARTESIAN_POINT('',(5.782827297347,32.589901317944));
#4528 = CARTESIAN_POINT('',(5.902281000485,32.61795561568));
#4529 = CARTESIAN_POINT('',(6.025515546859,32.638923278468));
#4530 = CARTESIAN_POINT('',(6.15241043178,32.65));
#4531 = CARTESIAN_POINT('',(6.28318530718,32.65));
#4532 = ( GEOMETRIC_REPRESENTATION_CONTEXT(2) 
PARAMETRIC_REPRESENTATION_CONTEXT() REPRESENTATION_CONTEXT('2D SPACE',''
  ) );
#4533 = PCURVE('',#2761,#4534);
#4534 = DEFINITIONAL_REPRESENTATION('',(#4535),#4586);
#4535 = B_SPLINE_CURVE_WITH_KNOTS('',7,(#4536,#4537,#4538,#4539,#4540,
    #4541,#4542,#4543,#4544,#4545,#4546,#4547,#4548,#4549,#4550,#4551,
    #4552,#4553,#4554,#4555,#4556,#4557,#4558,#4559,#4560,#4561,#4562,
    #4563,#4564,#4565,#4566,#4567,#4568,#4569,#4570,#4571,#4572,#4573,
    #4574,#4575,#4576,#4577,#4578,#4579,#4580,#4581,#4582,#4583,#4584,
    #4585),.UNSPECIFIED.,.T.,.F.,(8,6,6,6,6,6,6,6,8),(0.,0.119182470776,
    0.249994140547,0.380814170815,0.499993216783,0.619176651159,
    0.749996943505,0.880817388144,1.),.UNSPECIFIED.);
#4536 = CARTESIAN_POINT('',(3.14159265359,322.65));
#4537 = CARTESIAN_POINT('',(3.114197126332,322.65));
#4538 = CARTESIAN_POINT('',(3.087614358933,322.59712684914));
#4539 = CARTESIAN_POINT('',(3.06253029042,322.49702240909));
#4540 = CARTESIAN_POINT('',(3.039505710698,322.35678575448));
#4541 = CARTESIAN_POINT('',(3.018990822603,322.1850153419));
#4542 = CARTESIAN_POINT('',(3.001271730855,321.99181500997));
#4543 = CARTESIAN_POINT('',(2.970086878263,321.56577648649));
#4544 = CARTESIAN_POINT('',(2.956710480054,321.32415562778));
#4545 = CARTESIAN_POINT('',(2.946163122866,321.07007152977));
#4546 = CARTESIAN_POINT('',(2.938336085074,320.8077704569));
#4547 = CARTESIAN_POINT('',(2.933144494813,320.54036314775));
#4548 = CARTESIAN_POINT('',(2.930543217294,320.27034655985));
#4549 = CARTESIAN_POINT('',(2.930543217294,319.72963616163));
#4550 = CARTESIAN_POINT('',(2.933144817749,319.45961182706));
#4551 = CARTESIAN_POINT('',(2.938336769402,319.19220987453));
#4552 = CARTESIAN_POINT('',(2.946163616655,318.92992496237));
#4553 = CARTESIAN_POINT('',(2.956710127709,318.67585702345));
#4554 = CARTESIAN_POINT('',(2.970085802982,318.43423820367));
#4555 = CARTESIAN_POINT('',(3.001271333128,318.00819042365));
#4556 = CARTESIAN_POINT('',(3.018990431351,317.81498736835));
#4557 = CARTESIAN_POINT('',(3.039505737168,317.64321185701));
#4558 = CARTESIAN_POINT('',(3.062530934333,317.50297231537));
#4559 = CARTESIAN_POINT('',(3.087615490728,317.40286924806));
#4560 = CARTESIAN_POINT('',(3.114198135053,317.35));
#4561 = CARTESIAN_POINT('',(3.168988180847,317.35));
#4562 = CARTESIAN_POINT('',(3.195570948247,317.40287315085));
#4563 = CARTESIAN_POINT('',(3.22065501676,317.5029775909));
#4564 = CARTESIAN_POINT('',(3.243679596482,317.64321424551));
#4565 = CARTESIAN_POINT('',(3.264194484576,317.81498465809));
#4566 = CARTESIAN_POINT('',(3.281913576325,318.00818499002));
#4567 = CARTESIAN_POINT('',(3.313099372579,318.43423640554));
#4568 = CARTESIAN_POINT('',(3.326475196291,318.67585629567));
#4569 = CARTESIAN_POINT('',(3.33702178046,318.92992657534));
#4570 = CARTESIAN_POINT('',(3.344848592455,319.19221230703));
#4571 = CARTESIAN_POINT('',(3.350040495811,319.4596135632));
#4572 = CARTESIAN_POINT('',(3.352642089886,319.72963647637));
#4573 = CARTESIAN_POINT('',(3.352642089886,320.27036383836));
#4574 = CARTESIAN_POINT('',(3.35004048943,320.54038817293));
#4575 = CARTESIAN_POINT('',(3.344848537778,320.80779012546));
#4576 = CARTESIAN_POINT('',(3.337021690525,321.07007503762));
#4577 = CARTESIAN_POINT('',(3.326475179471,321.32414297654));
#4578 = CARTESIAN_POINT('',(3.313099504197,321.56576179632));
#4579 = CARTESIAN_POINT('',(3.281913576325,321.99181500997));
#4580 = CARTESIAN_POINT('',(3.264194484576,322.1850153419));
#4581 = CARTESIAN_POINT('',(3.243679596482,322.35678575448));
#4582 = CARTESIAN_POINT('',(3.22065501676,322.49702240909));
#4583 = CARTESIAN_POINT('',(3.195570948247,322.59712684914));
#4584 = CARTESIAN_POINT('',(3.168988180847,322.65));
#4585 = CARTESIAN_POINT('',(3.14159265359,322.65));
#4586 = ( GEOMETRIC_REPRESENTATION_CONTEXT(2) 
PARAMETRIC_REPRESENTATION_CONTEXT() REPRESENTATION_CONTEXT('2D SPACE',''
  ) );
#4587 = ORIENTED_EDGE('',*,*,#4403,.T.);
#4588 = ADVANCED_FACE('',(#4589),#2499,.F.);
#4589 = FACE_BOUND('',#4590,.F.);
#4590 = EDGE_LOOP('',(#4591,#4592,#4615,#4933));
#4591 = ORIENTED_EDGE('',*,*,#2221,.F.);
#4592 = ORIENTED_EDGE('',*,*,#4593,.F.);
#4593 = EDGE_CURVE('',#4594,#2222,#4596,.T.);
#4594 = VERTEX_POINT('',#4595);
#4595 = CARTESIAN_POINT('',(168.,-1.959434878636E-15,-657.35));
#4596 = SEAM_CURVE('',#4597,(#4601,#4608),.PCURVE_S1.);
#4597 = LINE('',#4598,#4599);
#4598 = CARTESIAN_POINT('',(168.,-1.959434878636E-15,-690.));
#4599 = VECTOR('',#4600,1.);
#4600 = DIRECTION('',(0.,0.,1.));
#4601 = PCURVE('',#2499,#4602);
#4602 = DEFINITIONAL_REPRESENTATION('',(#4603),#4607);
#4603 = LINE('',#4604,#4605);
#4604 = CARTESIAN_POINT('',(6.28318530718,-0.));
#4605 = VECTOR('',#4606,1.);
#4606 = DIRECTION('',(0.,1.));
#4607 = ( GEOMETRIC_REPRESENTATION_CONTEXT(2) 
PARAMETRIC_REPRESENTATION_CONTEXT() REPRESENTATION_CONTEXT('2D SPACE',''
  ) );
#4608 = PCURVE('',#2499,#4609);
#4609 = DEFINITIONAL_REPRESENTATION('',(#4610),#4614);
#4610 = LINE('',#4611,#4612);
#4611 = CARTESIAN_POINT('',(0.,-0.));
#4612 = VECTOR('',#4613,1.);
#4613 = DIRECTION('',(0.,1.));
#4614 = ( GEOMETRIC_REPRESENTATION_CONTEXT(2) 
PARAMETRIC_REPRESENTATION_CONTEXT() REPRESENTATION_CONTEXT('2D SPACE',''
  ) );
#4615 = ORIENTED_EDGE('',*,*,#4616,.T.);
#4616 = EDGE_CURVE('',#4594,#4594,#4617,.T.);
#4617 = SURFACE_CURVE('',#4618,(#4721,#4827),.PCURVE_S1.);
#4618 = B_SPLINE_CURVE_WITH_KNOTS('',6,(#4619,#4620,#4621,#4622,#4623,
    #4624,#4625,#4626,#4627,#4628,#4629,#4630,#4631,#4632,#4633,#4634,
    #4635,#4636,#4637,#4638,#4639,#4640,#4641,#4642,#4643,#4644,#4645,
    #4646,#4647,#4648,#4649,#4650,#4651,#4652,#4653,#4654,#4655,#4656,
    #4657,#4658,#4659,#4660,#4661,#4662,#4663,#4664,#4665,#4666,#4667,
    #4668,#4669,#4670,#4671,#4672,#4673,#4674,#4675,#4676,#4677,#4678,
    #4679,#4680,#4681,#4682,#4683,#4684,#4685,#4686,#4687,#4688,#4689,
    #4690,#4691,#4692,#4693,#4694,#4695,#4696,#4697,#4698,#4699,#4700,
    #4701,#4702,#4703,#4704,#4705,#4706,#4707,#4708,#4709,#4710,#4711,
    #4712,#4713,#4714,#4715,#4716,#4717,#4718,#4719,#4720),
  .UNSPECIFIED.,.T.,.F.,(7,5,5,5,5,5,5,5,5,5,5,5,5,5,5,5,5,5,5,5,7),(0.,
    5.292243170559E-02,7.867645739517E-02,0.147802155174,0.199859096261,
    0.250434826188,0.30086514814,0.352623153082,0.42319851448,
    0.467916962624,0.522875642688,0.553826762172,0.579472599832,
    0.648307912982,0.700146172228,0.750509442625,0.800727915879,
    0.852268494767,0.922547381786,0.967077975766,1.),.UNSPECIFIED.);
#4619 = CARTESIAN_POINT('',(168.,0.,-657.35));
#4620 = CARTESIAN_POINT('',(168.,0.562196084567,-657.35));
#4621 = CARTESIAN_POINT('',(167.95259062915,1.11905294653,
    -657.3799826023));
#4622 = CARTESIAN_POINT('',(167.85945802482,1.662276989895,
    -657.4388787715));
#4623 = CARTESIAN_POINT('',(167.72482914306,2.183762802494,
    -657.5232249886));
#4624 = CARTESIAN_POINT('',(167.55543940842,2.676155599793,
    -657.627328508));
#4625 = CARTESIAN_POINT('',(167.26640116659,3.355261970703,
    -657.8009277686));
#4626 = CARTESIAN_POINT('',(167.16533917059,3.570354703918,
    -657.8610663674));
#4627 = CARTESIAN_POINT('',(167.05841361098,3.778290778655,
    -657.9240112365));
#4628 = CARTESIAN_POINT('',(166.94615377561,3.979144114954,
    -657.9892888157));
#4629 = CARTESIAN_POINT('',(166.82903476099,4.173012147788,
    -658.0564597335));
#4630 = CARTESIAN_POINT('',(166.38121210118,4.861945687163,
    -658.3094105761));
#4631 = CARTESIAN_POINT('',(166.02252674498,5.315113920811,
    -658.5046884774));
#4632 = CARTESIAN_POINT('',(165.63874311472,5.722590368916,
    -658.7035713054));
#4633 = CARTESIAN_POINT('',(165.23422195826,6.087713994566,
    -658.9004843429));
#4634 = CARTESIAN_POINT('',(164.81113226287,6.413286517723,
    -659.0909554756));
#4635 = CARTESIAN_POINT('',(164.03796958218,6.917516160456,
    -659.4058654239));
#4636 = CARTESIAN_POINT('',(163.69572639508,7.112558767872,
    -659.5349707292));
#4637 = CARTESIAN_POINT('',(163.34448221526,7.286195799152,
    -659.655692612));
#4638 = CARTESIAN_POINT('',(162.98512302292,7.438496517417,
    -659.7659189088));
#4639 = CARTESIAN_POINT('',(162.61833693319,7.569404803882,
    -659.8636542102));
#4640 = CARTESIAN_POINT('',(161.88158940893,7.784773312651,
    -660.0281576649));
#4641 = CARTESIAN_POINT('',(161.51189702566,7.870483544798,
    -660.0957540455));
#4642 = CARTESIAN_POINT('',(161.13736967574,7.93510731555,
    -660.1479143847));
#4643 = CARTESIAN_POINT('',(160.75958778011,7.97834047584,
    -660.1832100612));
#4644 = CARTESIAN_POINT('',(160.37999714114,8.,-660.2008928978));
#4645 = CARTESIAN_POINT('',(159.62109537131,8.,-660.2008928978));
#4646 = CARTESIAN_POINT('',(159.24259192416,7.978464839168,
    -660.1833115912));
#4647 = CARTESIAN_POINT('',(158.86588178262,7.935479042643,
    -660.1482178645));
#4648 = CARTESIAN_POINT('',(158.49239995555,7.871223858519,
    -660.0963515838));
#4649 = CARTESIAN_POINT('',(158.12371430935,7.786000814327,
    -660.0291258823));
#4650 = CARTESIAN_POINT('',(157.3899718631,7.572159454436,
    -659.8657273789));
#4651 = CARTESIAN_POINT('',(157.02514357212,7.442422215517,-659.76881197
    ));
#4652 = CARTESIAN_POINT('',(156.66764255775,7.29153137889,
    -659.6595145075));
#4653 = CARTESIAN_POINT('',(156.31814845677,7.119546062388,
    -659.5397954775));
#4654 = CARTESIAN_POINT('',(155.97753366793,6.926404249359,
    -659.4117315515));
#4655 = CARTESIAN_POINT('',(155.19603491446,6.419555337645,
    -659.0944595083));
#4656 = CARTESIAN_POINT('',(154.76387123375,6.087642612,-658.9000098079)
  );
#4657 = CARTESIAN_POINT('',(154.35102159144,5.714535715606,
    -658.6988209671));
#4658 = CARTESIAN_POINT('',(153.95978568075,5.297235093146,
    -658.4956341361));
#4659 = CARTESIAN_POINT('',(153.59485430989,4.832164572576,
    -658.2964054368));
#4660 = CARTESIAN_POINT('',(153.05462797185,3.989065917262,
    -657.9903840101));
#4661 = CARTESIAN_POINT('',(152.85820505599,3.640582294041,
    -657.8761074297));
#4662 = CARTESIAN_POINT('',(152.67768988283,3.270531161325,
    -657.7686750274));
#4663 = CARTESIAN_POINT('',(152.5160733098,2.879046799333,
    -657.6707240164));
#4664 = CARTESIAN_POINT('',(152.37660266597,2.466564759302,
    -657.5850606625));
#4665 = CARTESIAN_POINT('',(152.12308719577,1.502173070688,
    -657.4279587966));
#4666 = CARTESIAN_POINT('',(152.02160905371,0.937800809381,
    -657.3639166532));
#4667 = CARTESIAN_POINT('',(151.96885957848,0.353881288001,
    -657.3301396884));
#4668 = CARTESIAN_POINT('',(151.96920037527,-0.235659686809,
    -657.330487009));
#4669 = CARTESIAN_POINT('',(152.0215963,-0.816616309161,-657.3638752132)
  );
#4670 = CARTESIAN_POINT('',(152.17405091913,-1.690141889622,
    -657.4594199854));
#4671 = CARTESIAN_POINT('',(152.24320990625,-1.997362510007,
    -657.5025875607));
#4672 = CARTESIAN_POINT('',(152.32553015467,-2.296109625151,
    -657.5536573459));
#4673 = CARTESIAN_POINT('',(152.41982926613,-2.585484809692,
    -657.6116582833));
#4674 = CARTESIAN_POINT('',(152.52479819189,-2.864676901399,
    -657.6755200137));
#4675 = CARTESIAN_POINT('',(152.73359883339,-3.35526197068,
    -657.8009277686));
#4676 = CARTESIAN_POINT('',(152.83466082941,-3.570354703924,
    -657.8610663674));
#4677 = CARTESIAN_POINT('',(152.94158638902,-3.778290778675,
    -657.9240112365));
#4678 = CARTESIAN_POINT('',(153.05384622438,-3.979144114958,
    -657.9892888157));
#4679 = CARTESIAN_POINT('',(153.17096523899,-4.17301214777,
    -658.0564597335));
#4680 = CARTESIAN_POINT('',(153.61878789881,-4.861945687163,
    -658.3094105761));
#4681 = CARTESIAN_POINT('',(153.97747325501,-5.31511392081,
    -658.5046884774));
#4682 = CARTESIAN_POINT('',(154.36125688528,-5.722590368917,
    -658.7035713054));
#4683 = CARTESIAN_POINT('',(154.76577804173,-6.087713994565,
    -658.9004843429));
#4684 = CARTESIAN_POINT('',(155.18886773712,-6.413286517724,
    -659.0909554756));
#4685 = CARTESIAN_POINT('',(155.96203041787,-6.917516160498,
    -659.4058654239));
#4686 = CARTESIAN_POINT('',(156.30427360489,-7.112558767849,
    -659.5349707292));
#4687 = CARTESIAN_POINT('',(156.65551778467,-7.286195799124,
    -659.655692612));
#4688 = CARTESIAN_POINT('',(157.01487697705,-7.438496517419,
    -659.7659189088));
#4689 = CARTESIAN_POINT('',(157.38166306688,-7.569404803902,
    -659.8636542102));
#4690 = CARTESIAN_POINT('',(158.11841059106,-7.784773312651,
    -660.0281576649));
#4691 = CARTESIAN_POINT('',(158.48810297433,-7.870483544798,
    -660.0957540455));
#4692 = CARTESIAN_POINT('',(158.86263032425,-7.93510731555,
    -660.1479143847));
#4693 = CARTESIAN_POINT('',(159.24041221988,-7.97834047584,
    -660.1832100612));
#4694 = CARTESIAN_POINT('',(159.62000285885,-8.,-660.2008928978));
#4695 = CARTESIAN_POINT('',(160.37890462868,-8.,-660.2008928978));
#4696 = CARTESIAN_POINT('',(160.75740807583,-7.978464839168,
    -660.1833115912));
#4697 = CARTESIAN_POINT('',(161.13411821737,-7.935479042643,
    -660.1482178645));
#4698 = CARTESIAN_POINT('',(161.50760004444,-7.871223858519,
    -660.0963515838));
#4699 = CARTESIAN_POINT('',(161.87628569064,-7.786000814327,
    -660.0291258823));
#4700 = CARTESIAN_POINT('',(162.61002813689,-7.572159454436,
    -659.8657273789));
#4701 = CARTESIAN_POINT('',(162.97485642787,-7.442422215517,
    -659.76881197));
#4702 = CARTESIAN_POINT('',(163.33235744225,-7.29153137889,
    -659.6595145075));
#4703 = CARTESIAN_POINT('',(163.68185154322,-7.119546062388,
    -659.5397954775));
#4704 = CARTESIAN_POINT('',(164.02246633207,-6.926404249359,
    -659.4117315515));
#4705 = CARTESIAN_POINT('',(164.80396508553,-6.419555337645,
    -659.0944595083));
#4706 = CARTESIAN_POINT('',(165.23612876624,-6.087642612001,
    -658.9000098079));
#4707 = CARTESIAN_POINT('',(165.64897840855,-5.714535715604,
    -658.6988209671));
#4708 = CARTESIAN_POINT('',(166.04021431924,-5.297235093148,
    -658.4956341361));
#4709 = CARTESIAN_POINT('',(166.4051456901,-4.832164572576,
    -658.2964054368));
#4710 = CARTESIAN_POINT('',(166.94537202805,-3.989065917403,
    -657.9903840102));
#4711 = CARTESIAN_POINT('',(167.14179494406,-3.64058229399,
    -657.8761074296));
#4712 = CARTESIAN_POINT('',(167.32231011723,-3.270531161163,
    -657.7686750273));
#4713 = CARTESIAN_POINT('',(167.48392669018,-2.879046799304,
    -657.6707240164));
#4714 = CARTESIAN_POINT('',(167.62339733398,-2.466564759484,
    -657.5850606625));
#4715 = CARTESIAN_POINT('',(167.82121874191,-1.714037422626,
    -657.4624720399));
#4716 = CARTESIAN_POINT('',(167.89123954223,-1.383135355856,
    -657.418662013));
#4717 = CARTESIAN_POINT('',(167.94518134069,-1.043668201364,
    -657.3846679041));
#4718 = CARTESIAN_POINT('',(167.98168381757,-0.698218703489,
    -657.3615833624));
#4719 = CARTESIAN_POINT('',(168.,-0.349438901393,-657.35));
#4720 = CARTESIAN_POINT('',(168.,0.,-657.35));
#4721 = PCURVE('',#2499,#4722);
#4722 = DEFINITIONAL_REPRESENTATION('',(#4723),#4826);
#4723 = B_SPLINE_CURVE_WITH_KNOTS('',6,(#4724,#4725,#4726,#4727,#4728,
    #4729,#4730,#4731,#4732,#4733,#4734,#4735,#4736,#4737,#4738,#4739,
    #4740,#4741,#4742,#4743,#4744,#4745,#4746,#4747,#4748,#4749,#4750,
    #4751,#4752,#4753,#4754,#4755,#4756,#4757,#4758,#4759,#4760,#4761,
    #4762,#4763,#4764,#4765,#4766,#4767,#4768,#4769,#4770,#4771,#4772,
    #4773,#4774,#4775,#4776,#4777,#4778,#4779,#4780,#4781,#4782,#4783,
    #4784,#4785,#4786,#4787,#4788,#4789,#4790,#4791,#4792,#4793,#4794,
    #4795,#4796,#4797,#4798,#4799,#4800,#4801,#4802,#4803,#4804,#4805,
    #4806,#4807,#4808,#4809,#4810,#4811,#4812,#4813,#4814,#4815,#4816,
    #4817,#4818,#4819,#4820,#4821,#4822,#4823,#4824,#4825),
  .UNSPECIFIED.,.F.,.F.,(7,5,5,5,5,5,5,5,5,5,5,5,5,5,5,5,5,5,5,5,7),(0.,
    5.292243170559E-02,7.867645739517E-02,0.147802155174,0.199859096261,
    0.250434826188,0.30086514814,0.352623153082,0.42319851448,
    0.467916962624,0.522875642688,0.553826762172,0.579472599832,
    0.648307912982,0.700146172228,0.750509442625,0.800727915879,
    0.852268494767,0.922547381786,0.967077975766,1.),.UNSPECIFIED.);
#4724 = CARTESIAN_POINT('',(0.,32.65));
#4725 = CARTESIAN_POINT('',(7.027451057086E-02,32.65));
#4726 = CARTESIAN_POINT('',(0.139881577953,32.620017397622));
#4727 = CARTESIAN_POINT('',(0.208409495045,32.56112122845));
#4728 = CARTESIAN_POINT('',(0.275409277074,32.476775011377));
#4729 = CARTESIAN_POINT('',(0.340334305633,32.372671491983));
#4730 = CARTESIAN_POINT('',(0.4325914673,32.199072231368));
#4731 = CARTESIAN_POINT('',(0.462277794623,32.138933632532));
#4732 = CARTESIAN_POINT('',(0.49147756733,32.075988763469));
#4733 = CARTESIAN_POINT('',(0.520214632299,32.010711184288));
#4734 = CARTESIAN_POINT('',(0.548511596276,31.943540266408));
#4735 = CARTESIAN_POINT('',(0.651222853898,31.690589423882));
#4736 = CARTESIAN_POINT('',(0.723152585172,31.495311522545));
#4737 = CARTESIAN_POINT('',(0.792756475021,31.29642869458));
#4738 = CARTESIAN_POINT('',(0.860554513297,31.099515657045));
#4739 = CARTESIAN_POINT('',(0.927083943066,30.90904452435));
#4740 = CARTESIAN_POINT('',(1.042465650848,30.594134576033));
#4741 = CARTESIAN_POINT('',(1.09161718334,30.465029270782));
#4742 = CARTESIAN_POINT('',(1.140468607667,30.344307387941));
#4743 = CARTESIAN_POINT('',(1.189133082881,30.234081091114));
#4744 = CARTESIAN_POINT('',(1.237730944793,30.136345789758));
#4745 = CARTESIAN_POINT('',(1.333678563076,29.971842335069));
#4746 = CARTESIAN_POINT('',(1.381039869024,29.904245954413));
#4747 = CARTESIAN_POINT('',(1.428432112122,29.852085615297));
#4748 = CARTESIAN_POINT('',(1.475847880748,29.816789938727));
#4749 = CARTESIAN_POINT('',(1.523296684152,29.79910710218));
#4750 = CARTESIAN_POINT('',(1.618159405381,29.79910710218));
#4751 = CARTESIAN_POINT('',(1.665472310275,29.816688408796));
#4752 = CARTESIAN_POINT('',(1.712752448341,29.851782135488));
#4753 = CARTESIAN_POINT('',(1.76000906833,29.903648416155));
#4754 = CARTESIAN_POINT('',(1.807234689343,29.970874117637));
#4755 = CARTESIAN_POINT('',(1.902768232586,30.134272621073));
#4756 = CARTESIAN_POINT('',(1.951087854942,30.231188029956));
#4757 = CARTESIAN_POINT('',(1.999471847934,30.340485492455));
#4758 = CARTESIAN_POINT('',(2.048037942463,30.460204522448));
#4759 = CARTESIAN_POINT('',(2.096896720754,30.588268448484));
#4760 = CARTESIAN_POINT('',(2.213330454656,30.905540491661));
#4761 = CARTESIAN_POINT('',(2.281229404964,31.09999019203));
#4762 = CARTESIAN_POINT('',(2.350449012145,31.30117903283));
#4763 = CARTESIAN_POINT('',(2.421561672186,31.504365863876));
#4764 = CARTESIAN_POINT('',(2.49511988095,31.703594563107));
#4765 = CARTESIAN_POINT('',(2.620286010486,32.009615989839));
#4766 = CARTESIAN_POINT('',(2.6702095423,32.123892570294));
#4767 = CARTESIAN_POINT('',(2.721536052284,32.231324972571));
#4768 = CARTESIAN_POINT('',(2.77431444796,32.329275983575));
#4769 = CARTESIAN_POINT('',(2.828612882432,32.414939337472));
#4770 = CARTESIAN_POINT('',(2.953257466067,32.572041203356));
#4771 = CARTESIAN_POINT('',(3.02471084062,32.636083346762));
#4772 = CARTESIAN_POINT('',(3.09756336286,32.669860311576));
#4773 = CARTESIAN_POINT('',(3.170808135174,32.669512990968));
#4774 = CARTESIAN_POINT('',(3.243472321067,32.636124786752));
#4775 = CARTESIAN_POINT('',(3.354313518748,32.540580014544));
#4776 = CARTESIAN_POINT('',(3.393630589148,32.497412439246));
#4777 = CARTESIAN_POINT('',(3.43230161331,32.446342654023));
#4778 = CARTESIAN_POINT('',(3.47028774135,32.388341716639));
#4779 = CARTESIAN_POINT('',(3.50753773383,32.324479986247));
#4780 = CARTESIAN_POINT('',(3.574184120887,32.199072231374));
#4781 = CARTESIAN_POINT('',(3.603870448214,32.138933632531));
#4782 = CARTESIAN_POINT('',(3.633070220923,32.075988763462));
#4783 = CARTESIAN_POINT('',(3.661807285889,32.010711184286));
#4784 = CARTESIAN_POINT('',(3.690104249863,31.943540266415));
#4785 = CARTESIAN_POINT('',(3.792815507488,31.690589423882));
#4786 = CARTESIAN_POINT('',(3.864745238762,31.495311522545));
#4787 = CARTESIAN_POINT('',(3.934349128611,31.29642869458));
#4788 = CARTESIAN_POINT('',(4.002147166886,31.099515657045));
#4789 = CARTESIAN_POINT('',(4.068676596655,30.909044524349));
#4790 = CARTESIAN_POINT('',(4.184058304448,30.594134576007));
#4791 = CARTESIAN_POINT('',(4.233209836927,30.465029270793));
#4792 = CARTESIAN_POINT('',(4.282061261248,30.344307387963));
#4793 = CARTESIAN_POINT('',(4.330725736468,30.234081091113));
#4794 = CARTESIAN_POINT('',(4.379323598392,30.136345789743));
#4795 = CARTESIAN_POINT('',(4.475271216666,29.971842335069));
#4796 = CARTESIAN_POINT('',(4.522632522614,29.904245954412));
#4797 = CARTESIAN_POINT('',(4.570024765712,29.852085615297));
#4798 = CARTESIAN_POINT('',(4.617440534338,29.816789938727));
#4799 = CARTESIAN_POINT('',(4.664889337742,29.79910710218));
#4800 = CARTESIAN_POINT('',(4.75975205897,29.79910710218));
#4801 = CARTESIAN_POINT('',(4.807064963865,29.816688408796));
#4802 = CARTESIAN_POINT('',(4.85434510193,29.851782135488));
#4803 = CARTESIAN_POINT('',(4.901601721919,29.903648416155));
#4804 = CARTESIAN_POINT('',(4.948827342932,29.970874117637));
#4805 = CARTESIAN_POINT('',(5.044360886176,30.134272621074));
#4806 = CARTESIAN_POINT('',(5.092680508532,30.231188029956));
#4807 = CARTESIAN_POINT('',(5.141064501524,30.340485492455));
#4808 = CARTESIAN_POINT('',(5.189630596053,30.460204522448));
#4809 = CARTESIAN_POINT('',(5.238489374344,30.588268448484));
#4810 = CARTESIAN_POINT('',(5.354923108245,30.905540491661));
#4811 = CARTESIAN_POINT('',(5.422822058553,31.09999019203));
#4812 = CARTESIAN_POINT('',(5.492041665735,31.301179032831));
#4813 = CARTESIAN_POINT('',(5.563154325775,31.504365863875));
#4814 = CARTESIAN_POINT('',(5.63671253454,31.703594563107));
#4815 = CARTESIAN_POINT('',(5.761878664055,32.009615989788));
#4816 = CARTESIAN_POINT('',(5.811802195899,32.123892570323));
#4817 = CARTESIAN_POINT('',(5.863128705895,32.231324972615));
#4818 = CARTESIAN_POINT('',(5.915907101552,32.329275983564));
#4819 = CARTESIAN_POINT('',(5.970205535998,32.414939337442));
#4820 = CARTESIAN_POINT('',(6.067467320483,32.537527960037));
#4821 = CARTESIAN_POINT('',(6.109696209174,32.581337986994));
#4822 = CARTESIAN_POINT('',(6.15257676552,32.615332095863));
#4823 = CARTESIAN_POINT('',(6.195907970809,32.638416637583));
#4824 = CARTESIAN_POINT('',(6.239505444505,32.65));
#4825 = CARTESIAN_POINT('',(6.28318530718,32.65));
#4826 = ( GEOMETRIC_REPRESENTATION_CONTEXT(2) 
PARAMETRIC_REPRESENTATION_CONTEXT() REPRESENTATION_CONTEXT('2D SPACE',''
  ) );
#4827 = PCURVE('',#2761,#4828);
#4828 = DEFINITIONAL_REPRESENTATION('',(#4829),#4932);
#4829 = B_SPLINE_CURVE_WITH_KNOTS('',6,(#4830,#4831,#4832,#4833,#4834,
    #4835,#4836,#4837,#4838,#4839,#4840,#4841,#4842,#4843,#4844,#4845,
    #4846,#4847,#4848,#4849,#4850,#4851,#4852,#4853,#4854,#4855,#4856,
    #4857,#4858,#4859,#4860,#4861,#4862,#4863,#4864,#4865,#4866,#4867,
    #4868,#4869,#4870,#4871,#4872,#4873,#4874,#4875,#4876,#4877,#4878,
    #4879,#4880,#4881,#4882,#4883,#4884,#4885,#4886,#4887,#4888,#4889,
    #4890,#4891,#4892,#4893,#4894,#4895,#4896,#4897,#4898,#4899,#4900,
    #4901,#4902,#4903,#4904,#4905,#4906,#4907,#4908,#4909,#4910,#4911,
    #4912,#4913,#4914,#4915,#4916,#4917,#4918,#4919,#4920,#4921,#4922,
    #4923,#4924,#4925,#4926,#4927,#4928,#4929,#4930,#4931),
  .UNSPECIFIED.,.T.,.F.,(7,5,5,5,5,5,5,5,5,5,5,5,5,5,5,5,5,5,5,5,7),(0.,
    5.292243170559E-02,7.867645739517E-02,0.147802155174,0.199859096261,
    0.250434826188,0.30086514814,0.352623153082,0.42319851448,
    0.467916962624,0.522875642688,0.553826762172,0.579472599832,
    0.648307912982,0.700146172228,0.750509442625,0.800727915879,
    0.852268494767,0.922547381786,0.967077975766,1.),.UNSPECIFIED.);
#4830 = CARTESIAN_POINT('',(3.14159265359,348.));
#4831 = CARTESIAN_POINT('',(3.097150275363,348.));
#4832 = CARTESIAN_POINT('',(3.053129900364,347.95259062915));
#4833 = CARTESIAN_POINT('',(3.010029627204,347.85945802482));
#4834 = CARTESIAN_POINT('',(2.968345524116,347.72482914306));
#4835 = CARTESIAN_POINT('',(2.928595620205,347.55543940842));
#4836 = CARTESIAN_POINT('',(2.873185045637,347.26640116659));
#4837 = CARTESIAN_POINT('',(2.855533984866,347.16533917059));
#4838 = CARTESIAN_POINT('',(2.838365364514,347.05841361098));
#4839 = CARTESIAN_POINT('',(2.821674924659,346.94615377561));
#4840 = CARTESIAN_POINT('',(2.805458295281,346.82903476099));
#4841 = CARTESIAN_POINT('',(2.747442251243,346.38121210118));
#4842 = CARTESIAN_POINT('',(2.708493114148,346.02252674498));
#4843 = CARTESIAN_POINT('',(2.672700697991,345.63874311472));
#4844 = CARTESIAN_POINT('',(2.63993914061,345.23422195826));
#4845 = CARTESIAN_POINT('',(2.610133730588,344.81113226287));
#4846 = CARTESIAN_POINT('',(2.563138643342,344.03796958218));
#4847 = CARTESIAN_POINT('',(2.544654894325,343.69572639508));
#4848 = CARTESIAN_POINT('',(2.527942620656,343.34448221526));
#4849 = CARTESIAN_POINT('',(2.513083312822,342.98512302292));
#4850 = CARTESIAN_POINT('',(2.500169608665,342.61833693319));
#4851 = CARTESIAN_POINT('',(2.478746103113,341.88158940893));
#4852 = CARTESIAN_POINT('',(2.470118041471,341.51189702566));
#4853 = CARTESIAN_POINT('',(2.463553190791,341.13736967574));
#4854 = CARTESIAN_POINT('',(2.459141201332,340.75958778011));
#4855 = CARTESIAN_POINT('',(2.456930853104,340.37999714114));
#4856 = CARTESIAN_POINT('',(2.456930853104,339.62109537131));
#4857 = CARTESIAN_POINT('',(2.459128510221,339.24259192416));
#4858 = CARTESIAN_POINT('',(2.463515255325,338.86588178262));
#4859 = CARTESIAN_POINT('',(2.470042836325,338.49239995555));
#4860 = CARTESIAN_POINT('',(2.478622529339,338.12371430935));
#4861 = CARTESIAN_POINT('',(2.499897076115,337.3899718631));
#4862 = CARTESIAN_POINT('',(2.512697845403,337.02514357212));
#4863 = CARTESIAN_POINT('',(2.527423886561,336.66764255775));
#4864 = CARTESIAN_POINT('',(2.543983850159,336.31814845677));
#4865 = CARTESIAN_POINT('',(2.562297048578,335.97753366793));
#4866 = CARTESIAN_POINT('',(2.609566693584,335.19603491446));
#4867 = CARTESIAN_POINT('',(2.639962912588,334.76387123375));
#4868 = CARTESIAN_POINT('',(2.673438385773,334.35102159144));
#4869 = CARTESIAN_POINT('',(2.710074348241,333.95978568075));
#4870 = CARTESIAN_POINT('',(2.75000628831,333.59485430989));
#4871 = CARTESIAN_POINT('',(2.82090900971,333.05462797185));
#4872 = CARTESIAN_POINT('',(2.849886291668,332.85820505599));
#4873 = CARTESIAN_POINT('',(2.88031905907,332.67768988283));
#4874 = CARTESIAN_POINT('',(2.912183689947,332.5160733098));
#4875 = CARTESIAN_POINT('',(2.945455527443,332.37660266597));
#4876 = CARTESIAN_POINT('',(3.022696954353,332.12308719577));
#4877 = CARTESIAN_POINT('',(3.067545153038,332.02160905371));
#4878 = CARTESIAN_POINT('',(3.11367138344,331.96885957848));
#4879 = CARTESIAN_POINT('',(3.160158850123,331.96920037527));
#4880 = CARTESIAN_POINT('',(3.206099225665,332.0215963));
#4881 = CARTESIAN_POINT('',(3.275564467481,332.17405091913));
#4882 = CARTESIAN_POINT('',(3.300077711925,332.24320990625));
#4883 = CARTESIAN_POINT('',(3.324021303521,332.32553015467));
#4884 = CARTESIAN_POINT('',(3.347338521799,332.41982926613));
#4885 = CARTESIAN_POINT('',(3.369971774506,332.52479819189));
#4886 = CARTESIAN_POINT('',(3.410000261541,332.73359883339));
#4887 = CARTESIAN_POINT('',(3.427651322315,332.83466082941));
#4888 = CARTESIAN_POINT('',(3.444819942667,332.94158638902));
#4889 = CARTESIAN_POINT('',(3.461510382521,333.05384622438));
#4890 = CARTESIAN_POINT('',(3.477727011898,333.17096523899));
#4891 = CARTESIAN_POINT('',(3.535743055937,333.61878789881));
#4892 = CARTESIAN_POINT('',(3.574692193032,333.97747325501));
#4893 = CARTESIAN_POINT('',(3.610484609189,334.36125688528));
#4894 = CARTESIAN_POINT('',(3.64324616657,334.76577804173));
#4895 = CARTESIAN_POINT('',(3.673051576591,335.18886773712));
#4896 = CARTESIAN_POINT('',(3.720046663842,335.96203041787));
#4897 = CARTESIAN_POINT('',(3.738530412853,336.30427360489));
#4898 = CARTESIAN_POINT('',(3.755242686521,336.65551778467));
#4899 = CARTESIAN_POINT('',(3.770101994357,337.01487697705));
#4900 = CARTESIAN_POINT('',(3.783015698516,337.38166306688));
#4901 = CARTESIAN_POINT('',(3.804439204067,338.11841059106));
#4902 = CARTESIAN_POINT('',(3.813067265709,338.48810297433));
#4903 = CARTESIAN_POINT('',(3.819632116389,338.86263032425));
#4904 = CARTESIAN_POINT('',(3.824044105848,339.24041221988));
#4905 = CARTESIAN_POINT('',(3.826254454076,339.62000285885));
#4906 = CARTESIAN_POINT('',(3.826254454076,340.37890462868));
#4907 = CARTESIAN_POINT('',(3.824056796958,340.75740807583));
#4908 = CARTESIAN_POINT('',(3.819670051855,341.13411821737));
#4909 = CARTESIAN_POINT('',(3.813142470855,341.50760004444));
#4910 = CARTESIAN_POINT('',(3.804562777841,341.87628569064));
#4911 = CARTESIAN_POINT('',(3.783288231065,342.61002813689));
#4912 = CARTESIAN_POINT('',(3.770487461776,342.97485642787));
#4913 = CARTESIAN_POINT('',(3.755761420618,343.33235744225));
#4914 = CARTESIAN_POINT('',(3.73920145702,343.68185154322));
#4915 = CARTESIAN_POINT('',(3.720888258602,344.02246633207));
#4916 = CARTESIAN_POINT('',(3.673618613595,344.80396508553));
#4917 = CARTESIAN_POINT('',(3.643222394591,345.23612876624));
#4918 = CARTESIAN_POINT('',(3.609746921407,345.64897840855));
#4919 = CARTESIAN_POINT('',(3.573110958938,346.04021431924));
#4920 = CARTESIAN_POINT('',(3.53317901887,346.4051456901));
#4921 = CARTESIAN_POINT('',(3.462276297482,346.94537202805));
#4922 = CARTESIAN_POINT('',(3.433299015507,347.14179494406));
#4923 = CARTESIAN_POINT('',(3.402866248096,347.32231011723));
#4924 = CARTESIAN_POINT('',(3.37100161723,347.48392669018));
#4925 = CARTESIAN_POINT('',(3.337729779751,347.62339733398));
#4926 = CARTESIAN_POINT('',(3.277457292987,347.82121874191));
#4927 = CARTESIAN_POINT('',(3.25108251608,347.89123954223));
#4928 = CARTESIAN_POINT('',(3.224133989652,347.94518134069));
#4929 = CARTESIAN_POINT('',(3.196787813323,347.98168381757));
#4930 = CARTESIAN_POINT('',(3.169216282158,348.));
#4931 = CARTESIAN_POINT('',(3.14159265359,348.));
#4932 = ( GEOMETRIC_REPRESENTATION_CONTEXT(2) 
PARAMETRIC_REPRESENTATION_CONTEXT() REPRESENTATION_CONTEXT('2D SPACE',''
  ) );
#4933 = ORIENTED_EDGE('',*,*,#4593,.T.);
#4934 = ADVANCED_FACE('',(#4935,#5057,#5060,#5063,#5066),#2761,.F.);
#4935 = FACE_BOUND('',#4936,.F.);
#4936 = EDGE_LOOP('',(#4937,#4938,#4959,#4960,#4981,#4982,#5003,#5004,
    #5025,#5026,#5027,#5028,#5029,#5030,#5031,#5032,#5033,#5034,#5055,
    #5056));
#4937 = ORIENTED_EDGE('',*,*,#2846,.T.);
#4938 = ORIENTED_EDGE('',*,*,#4939,.T.);
#4939 = EDGE_CURVE('',#2646,#3050,#4940,.T.);
#4940 = SEAM_CURVE('',#4941,(#4945,#4952),.PCURVE_S1.);
#4941 = LINE('',#4942,#4943);
#4942 = CARTESIAN_POINT('',(-180.,-3.098356401843E-15,-682.65));
#4943 = VECTOR('',#4944,1.);
#4944 = DIRECTION('',(1.,0.,2.22044604925E-16));
#4945 = PCURVE('',#2761,#4946);
#4946 = DEFINITIONAL_REPRESENTATION('',(#4947),#4951);
#4947 = LINE('',#4948,#4949);
#4948 = CARTESIAN_POINT('',(0.,-0.));
#4949 = VECTOR('',#4950,1.);
#4950 = DIRECTION('',(0.,1.));
#4951 = ( GEOMETRIC_REPRESENTATION_CONTEXT(2) 
PARAMETRIC_REPRESENTATION_CONTEXT() REPRESENTATION_CONTEXT('2D SPACE',''
  ) );
#4952 = PCURVE('',#2761,#4953);
#4953 = DEFINITIONAL_REPRESENTATION('',(#4954),#4958);
#4954 = LINE('',#4955,#4956);
#4955 = CARTESIAN_POINT('',(6.28318530718,-0.));
#4956 = VECTOR('',#4957,1.);
#4957 = DIRECTION('',(0.,1.));
#4958 = ( GEOMETRIC_REPRESENTATION_CONTEXT(2) 
PARAMETRIC_REPRESENTATION_CONTEXT() REPRESENTATION_CONTEXT('2D SPACE',''
  ) );
#4959 = ORIENTED_EDGE('',*,*,#3165,.T.);
#4960 = ORIENTED_EDGE('',*,*,#4961,.T.);
#4961 = EDGE_CURVE('',#3048,#3261,#4962,.T.);
#4962 = SEAM_CURVE('',#4963,(#4967,#4974),.PCURVE_S1.);
#4963 = LINE('',#4964,#4965);
#4964 = CARTESIAN_POINT('',(-180.,-3.098356401843E-15,-682.65));
#4965 = VECTOR('',#4966,1.);
#4966 = DIRECTION('',(1.,0.,2.22044604925E-16));
#4967 = PCURVE('',#2761,#4968);
#4968 = DEFINITIONAL_REPRESENTATION('',(#4969),#4973);
#4969 = LINE('',#4970,#4971);
#4970 = CARTESIAN_POINT('',(0.,-0.));
#4971 = VECTOR('',#4972,1.);
#4972 = DIRECTION('',(0.,1.));
#4973 = ( GEOMETRIC_REPRESENTATION_CONTEXT(2) 
PARAMETRIC_REPRESENTATION_CONTEXT() REPRESENTATION_CONTEXT('2D SPACE',''
  ) );
#4974 = PCURVE('',#2761,#4975);
#4975 = DEFINITIONAL_REPRESENTATION('',(#4976),#4980);
#4976 = LINE('',#4977,#4978);
#4977 = CARTESIAN_POINT('',(6.28318530718,-0.));
#4978 = VECTOR('',#4979,1.);
#4979 = DIRECTION('',(0.,1.));
#4980 = ( GEOMETRIC_REPRESENTATION_CONTEXT(2) 
PARAMETRIC_REPRESENTATION_CONTEXT() REPRESENTATION_CONTEXT('2D SPACE',''
  ) );
#4981 = ORIENTED_EDGE('',*,*,#3376,.T.);
#4982 = ORIENTED_EDGE('',*,*,#4983,.T.);
#4983 = EDGE_CURVE('',#3259,#3472,#4984,.T.);
#4984 = SEAM_CURVE('',#4985,(#4989,#4996),.PCURVE_S1.);
#4985 = LINE('',#4986,#4987);
#4986 = CARTESIAN_POINT('',(-180.,-3.098356401843E-15,-682.65));
#4987 = VECTOR('',#4988,1.);
#4988 = DIRECTION('',(1.,0.,2.22044604925E-16));
#4989 = PCURVE('',#2761,#4990);
#4990 = DEFINITIONAL_REPRESENTATION('',(#4991),#4995);
#4991 = LINE('',#4992,#4993);
#4992 = CARTESIAN_POINT('',(0.,-0.));
#4993 = VECTOR('',#4994,1.);
#4994 = DIRECTION('',(0.,1.));
#4995 = ( GEOMETRIC_REPRESENTATION_CONTEXT(2) 
PARAMETRIC_REPRESENTATION_CONTEXT() REPRESENTATION_CONTEXT('2D SPACE',''
  ) );
#4996 = PCURVE('',#2761,#4997);
#4997 = DEFINITIONAL_REPRESENTATION('',(#4998),#5002);
#4998 = LINE('',#4999,#5000);
#4999 = CARTESIAN_POINT('',(6.28318530718,-0.));
#5000 = VECTOR('',#5001,1.);
#5001 = DIRECTION('',(0.,1.));
#5002 = ( GEOMETRIC_REPRESENTATION_CONTEXT(2) 
PARAMETRIC_REPRESENTATION_CONTEXT() REPRESENTATION_CONTEXT('2D SPACE',''
  ) );
#5003 = ORIENTED_EDGE('',*,*,#3665,.T.);
#5004 = ORIENTED_EDGE('',*,*,#5005,.T.);
#5005 = EDGE_CURVE('',#3470,#3840,#5006,.T.);
#5006 = SEAM_CURVE('',#5007,(#5011,#5018),.PCURVE_S1.);
#5007 = LINE('',#5008,#5009);
#5008 = CARTESIAN_POINT('',(-180.,-3.098356401843E-15,-682.65));
#5009 = VECTOR('',#5010,1.);
#5010 = DIRECTION('',(1.,0.,2.22044604925E-16));
#5011 = PCURVE('',#2761,#5012);
#5012 = DEFINITIONAL_REPRESENTATION('',(#5013),#5017);
#5013 = LINE('',#5014,#5015);
#5014 = CARTESIAN_POINT('',(0.,-0.));
#5015 = VECTOR('',#5016,1.);
#5016 = DIRECTION('',(0.,1.));
#5017 = ( GEOMETRIC_REPRESENTATION_CONTEXT(2) 
PARAMETRIC_REPRESENTATION_CONTEXT() REPRESENTATION_CONTEXT('2D SPACE',''
  ) );
#5018 = PCURVE('',#2761,#5019);
#5019 = DEFINITIONAL_REPRESENTATION('',(#5020),#5024);
#5020 = LINE('',#5021,#5022);
#5021 = CARTESIAN_POINT('',(6.28318530718,-0.));
#5022 = VECTOR('',#5023,1.);
#5023 = DIRECTION('',(0.,1.));
#5024 = ( GEOMETRIC_REPRESENTATION_CONTEXT(2) 
PARAMETRIC_REPRESENTATION_CONTEXT() REPRESENTATION_CONTEXT('2D SPACE',''
  ) );
#5025 = ORIENTED_EDGE('',*,*,#3839,.F.);
#5026 = ORIENTED_EDGE('',*,*,#5005,.F.);
#5027 = ORIENTED_EDGE('',*,*,#3469,.T.);
#5028 = ORIENTED_EDGE('',*,*,#4983,.F.);
#5029 = ORIENTED_EDGE('',*,*,#3258,.T.);
#5030 = ORIENTED_EDGE('',*,*,#4961,.F.);
#5031 = ORIENTED_EDGE('',*,*,#3047,.T.);
#5032 = ORIENTED_EDGE('',*,*,#4939,.F.);
#5033 = ORIENTED_EDGE('',*,*,#2645,.T.);
#5034 = ORIENTED_EDGE('',*,*,#5035,.F.);
#5035 = EDGE_CURVE('',#3021,#2648,#5036,.T.);
#5036 = SEAM_CURVE('',#5037,(#5041,#5048),.PCURVE_S1.);
#5037 = LINE('',#5038,#5039);
#5038 = CARTESIAN_POINT('',(-180.,-3.098356401843E-15,-682.65));
#5039 = VECTOR('',#5040,1.);
#5040 = DIRECTION('',(1.,0.,2.22044604925E-16));
#5041 = PCURVE('',#2761,#5042);
#5042 = DEFINITIONAL_REPRESENTATION('',(#5043),#5047);
#5043 = LINE('',#5044,#5045);
#5044 = CARTESIAN_POINT('',(6.28318530718,-0.));
#5045 = VECTOR('',#5046,1.);
#5046 = DIRECTION('',(0.,1.));
#5047 = ( GEOMETRIC_REPRESENTATION_CONTEXT(2) 
PARAMETRIC_REPRESENTATION_CONTEXT() REPRESENTATION_CONTEXT('2D SPACE',''
  ) );
#5048 = PCURVE('',#2761,#5049);
#5049 = DEFINITIONAL_REPRESENTATION('',(#5050),#5054);
#5050 = LINE('',#5051,#5052);
#5051 = CARTESIAN_POINT('',(0.,-0.));
#5052 = VECTOR('',#5053,1.);
#5053 = DIRECTION('',(0.,1.));
#5054 = ( GEOMETRIC_REPRESENTATION_CONTEXT(2) 
PARAMETRIC_REPRESENTATION_CONTEXT() REPRESENTATION_CONTEXT('2D SPACE',''
  ) );
#5055 = ORIENTED_EDGE('',*,*,#3020,.T.);
#5056 = ORIENTED_EDGE('',*,*,#5035,.T.);
#5057 = FACE_BOUND('',#5058,.F.);
#5058 = EDGE_LOOP('',(#5059));
#5059 = ORIENTED_EDGE('',*,*,#3890,.F.);
#5060 = FACE_BOUND('',#5061,.F.);
#5061 = EDGE_LOOP('',(#5062));
#5062 = ORIENTED_EDGE('',*,*,#4236,.F.);
#5063 = FACE_BOUND('',#5064,.F.);
#5064 = EDGE_LOOP('',(#5065));
#5065 = ORIENTED_EDGE('',*,*,#4426,.F.);
#5066 = FACE_BOUND('',#5067,.F.);
#5067 = EDGE_LOOP('',(#5068));
#5068 = ORIENTED_EDGE('',*,*,#4616,.F.);
#5069 = ( GEOMETRIC_REPRESENTATION_CONTEXT(3) 
GLOBAL_UNCERTAINTY_ASSIGNED_CONTEXT((#5073)) 
GLOBAL_UNIT_ASSIGNED_CONTEXT((#5070,#5071,#5072)) REPRESENTATION_CONTEXT
('Context #1','3D Context with UNIT and UNCERTAINTY') );
#5070 = ( LENGTH_UNIT() NAMED_UNIT(*) SI_UNIT(.MILLI.,.METRE.) );
#5071 = ( NAMED_UNIT(*) PLANE_ANGLE_UNIT() SI_UNIT($,.RADIAN.) );
#5072 = ( NAMED_UNIT(*) SI_UNIT($,.STERADIAN.) SOLID_ANGLE_UNIT() );
#5073 = UNCERTAINTY_MEASURE_WITH_UNIT(LENGTH_MEASURE(1.E-07),#5070,
  'distance_accuracy_value','confusion accuracy');
#5074 = PRODUCT_RELATED_PRODUCT_CATEGORY('part',$,(#7));
ENDSEC;
END-ISO-10303-21;
